year,eez_code,flag,lat_cen,lon_cen,fishing_hours,fishing_KWh,subs
2018,8441,NA,4.25,-161.55,11.719027777777779,NA,NA
2018,8441,NA,4.25,-161.75,8.296805555555554,NA,NA
2018,8441,NA,4.25,-161.25,4.975694444444445,NA,NA
2018,8441,NA,4.25,-161.05,16.683611111111112,NA,NA
2018,8441,NA,4.25,-161.15,3.3176388888888892,NA,NA
2018,8441,NA,4.25,-161.35,14.153055555555557,NA,NA
2018,8441,NA,4.25,-161.85,1.4652777777777777,NA,NA
2018,8441,NA,4.25,-161.95,1.3655555555555554,NA,NA
2018,8441,NA,4.25,-160.95,1.6576388888888889,NA,NA
2018,8441,NA,4.25,-161.45,5.660138888888889,NA,NA
2018,8441,NA,4.25,-161.65,14.1525,NA,NA
2018,8441,NA,4.75,-161.05,6.730555555555556,NA,NA
2018,8441,NA,4.75,-161.55,2.343611111111111,NA,NA
2018,8441,NA,4.75,-161.45,2.3401388888888888,NA,NA
2018,8441,NA,4.75,-160.95,9.657777777777778,NA,NA
2018,8441,NA,4.75,-161.25,3.8979166666666663,NA,NA
2018,8441,NA,4.75,-160.75,2.2455555555555553,NA,NA
2018,8441,NA,4.75,-161.15,4.882361111111111,NA,NA
2018,8441,NA,4.75,-160.65,2.3404166666666666,NA,NA
2018,8441,NA,4.75,-161.35,1.6593055555555556,NA,NA
2018,8441,NA,-5.750000000000001,-158.15,1.9318055555555558,NA,NA
2018,8441,NA,4.05,-161.85,3.416527777777778,NA,NA
2018,8441,NA,4.05,-161.95,4.391388888888889,NA,NA
2018,8441,NA,4.05,-162.05,1.1711111111111112,NA,NA
2018,8441,NA,4.05,-161.75,1.2690277777777776,NA,NA
2018,8441,NA,4.55,-161.45,1.36625,NA,NA
2018,8441,NA,4.55,-161.55,1.9525,NA,NA
2018,8441,NA,4.55,-161.15,1.5606944444444446,NA,NA
2018,8441,NA,4.55,-161.25,7.612083333333333,NA,NA
2018,8441,NA,4.55,-161.05,2.0504166666666666,NA,NA
2018,8441,NA,4.55,-160.95,1.2673611111111112,NA,NA
2018,8441,NA,5.05,-160.45,4.389583333333333,NA,NA
2018,8441,NA,5.05,-160.05,4.878333333333333,NA,NA
2018,8441,NA,5.05,-160.35,2.1469444444444443,NA,NA
2018,8441,NA,5.05,-160.15,2.7326388888888893,NA,NA
2018,8441,NA,5.05,-160.65,3.805972222222222,NA,NA
2018,8441,NA,5.05,-160.25,4.193888888888889,NA,NA
2018,8441,NA,5.05,-160.55,5.757083333333333,NA,NA
2018,8441,NA,5.55,-156.95,8.8718055555555555,NA,NA
2018,8441,NA,-1.95,-152.85,1.307361111111111,NA,NA
2018,8441,NA,-13.35,-150.54999999999998,1.1406944444444445,NA,NA
2018,8441,NA,-3.1500000000000004,-155.25,2.610555555555555,NA,NA
2018,8441,NA,-0.15000000000000002,-156.35,1.9368055555555557,NA,NA
2018,8441,NA,4.35,-161.55,10.0475,NA,NA
2018,8441,NA,4.35,-161.75,8.197916666666666,NA,NA
2018,8441,NA,4.35,-161.45,14.543472222222224,NA,NA
2018,8441,NA,4.35,-161.65,9.767916666666666,NA,NA
2018,8441,NA,4.35,-161.35,10.055555555555555,NA,NA
2018,8441,NA,4.35,-160.95,3.9033333333333333,NA,NA
2018,8441,NA,4.35,-161.25,9.950833333333334,NA,NA
2018,8441,NA,4.35,-161.15,1.171527777777778,NA,NA
2018,8441,NA,-8.45,-151.15,1.0056944444444442,NA,NA
2018,8441,NA,-9.95,-150.25,4.4470833333333335,NA,NA
2018,8441,NA,-4.8500000000000005,-153.75,1.5794444444444449,NA,NA
2018,8441,NA,-4.8500000000000005,-153.85,1.8548611111111108,NA,NA
2018,8441,NA,-5.8500000000000005,-157.65,2.878611111111111,NA,NA
2018,8441,NA,-5.8500000000000005,-157.75,1.262361111111111,NA,NA
2018,8441,NA,-11.55,-149.45,2.591527777777777,NA,NA
2018,8441,NA,3.95,-161.95,3.4172222222222226,NA,NA
2018,8441,NA,3.95,-162.05,2.052361111111111,NA,NA
2018,8441,NA,4.15,-161.75,1.6579166666666665,NA,NA
2018,8441,NA,4.15,-161.25,3.1212500000000003,NA,NA
2018,8441,NA,4.15,-161.55,1.8569444444444445,NA,NA
2018,8441,NA,4.15,-161.05,3.5149999999999997,NA,NA
2018,8441,NA,4.15,-161.85,1.463888888888889,NA,NA
2018,8441,NA,4.15,-161.95,6.439444444444445,NA,NA
2018,8441,NA,4.15,-161.65,1.3658333333333332,NA,NA
2018,8441,NA,4.15,-161.45,2.345138888888889,NA,NA
2018,8441,NA,4.15,-161.35,5.754305555555556,NA,NA
2018,8441,NA,4.65,-160.85,5.561388888888889,NA,NA
2018,8441,NA,4.65,-160.65,2.04875,NA,NA
2018,8441,NA,4.65,-160.95,1.2684722222222222,NA,NA
2018,8441,NA,4.65,-161.05,10.735555555555555,NA,NA
2018,8441,NA,4.65,-161.45,2.44,NA,NA
2018,8441,NA,4.65,-161.15,1.9497222222222224,NA,NA
2018,8441,NA,4.65,-161.35,2.634861111111111,NA,NA
2018,8441,NA,4.65,-161.25,5.855694444444445,NA,NA
2018,8441,NA,5.15,-160.25,2.634444444444444,NA,NA
2018,8441,NA,-5.15,-152.15,1.0241666666666667,NA,NA
2018,8441,NA,-12.15,-150.75,1.32625,NA,NA
2018,8441,NA,4.45,-161.45,2.3401388888888888,NA,NA
2018,8441,NA,4.45,-161.55,2.1469444444444443,NA,NA
2018,8441,NA,4.45,-161.35,2.04875,NA,NA
2018,8441,NA,4.45,-161.75,8.390972222222222,NA,NA
2018,8441,NA,4.45,-161.65,6.635,NA,NA
2018,8441,NA,4.45,-161.85,1.0722222222222222,NA,NA
2018,8441,NA,4.95,-160.45,2.3016666666666667,NA,NA
2018,8441,NA,4.95,-160.25,2.927083333333333,NA,NA
2018,8441,NA,4.95,-160.15,1.9529166666666664,NA,NA
2018,8441,NA,0.45,-156.65,1.6806944444444445,NA,NA
2018,8441,NA,0.45,-156.55,1.0162499999999999,NA,NA
2018,8441,CHN,3.25,-155.05,1.1722222222222223,1039.0443333333333,8714.308967016668
2018,8441,CHN,-2.7500000000000004,-151.85,1.3163888888888888,1214.186282248502,10183.19822127585
2018,8441,CHN,-5.250000000000001,-153.85,1.3947222222222222,1030.2348148152796,8640.424856633528
2018,8441,CHN,-5.250000000000001,-153.95,2.432916666666666,1797.1144444452548,15072.129278395687
2018,8441,CHN,-6.250000000000001,-155.95,10.151805555555555,4921.425823121512,41275.26016464666
2018,8441,CHN,2.15,-157.65,1.002916666666667,740.8279953290202,6213.213272625193
2018,8441,CHN,-4.050000000000001,-157.55,2.537916666666667,2412.9404984768976,20236.97001965097
2018,8441,CHN,-9.45,-146.85,2.548888888888889,2044.400577176363,17146.080980691582
2018,8441,CHN,-5.8500000000000005,-159.25,1.7168055555555555,1775.4058518461288,14890.062568555706
2018,8441,CHN,-1.6500000000000001,-154.65,1.0138888888888888,914.8357244924869,7672.589995959815
2018,8441,CHN,-4.15,-155.45,10.825416666666667,6088.546828276903,51063.728966734154
2018,8441,CHN,-4.65,-153.75,11.583194444444445,10227.460093783458,85776.17368754781
2018,8441,CHN,-1.85,-152.75,1.22,1264.7740000000001,10607.469821900002
2018,8441,CHN,-5.95,-158.95,1.2119444444444443,1253.312148144108,10511.340989662414
2018,8441,CHN,-5.95,-155.45,11.756944444444445,6612.466661709708,55457.76602176007
2018,8441,CHN,-7.45,-151.65,9.46263888888889,6845.695636762413,57413.82245118085
2018,8441,CHN,-2.8500000000000005,-152.35,1.5084722222222222,1391.3565321271346,11669.09853147046
2018,8441,CHN,-2.8500000000000005,-152.15,1.6545833333333335,1526.123779323318,12799.37121861777
2018,8441,ECU,-4.25,-153.25,5.075555555555556,28190.44254286127,215429.67048599327
2018,8441,ECU,-4.25,-152.25,2.643333333333333,14681.49360977823,112195.09327630865
2018,8441,ECU,-4.25,-152.35,4.143194444444444,23011.96069111467,175856.02288385684
2018,8441,ECU,-4.25,-153.04999999999998,3.7283333333333335,20707.756119214315,158247.42979766865
2018,8441,ECU,-4.25,-153.15,4.644305555555555,25795.21147632273,197125.4583893697
2018,8441,ECU,-10.75,-149.04999999999998,1.787222222222222,9926.51638139062,75857.84259560423
2018,8441,ECU,-10.75,-148.85,4.458333333333331,24762.29218547084,189231.95114383704
2018,8441,ECU,-2.2500000000000004,-152.95,3.1250000000000004,17356.746858974897,132639.2180914746
2018,8441,ECU,-3.7500000000000004,-152.65,3.2166666666666663,17865.878100171492,136529.96848882452
2018,8441,ECU,-3.7500000000000004,-152.85,4.006111111111111,22250.578062234308,170037.58251691086
2018,8441,ECU,-3.7500000000000004,-152.54999999999998,1.9315277777777775,10728.012380789503,81982.82693325053
2018,8441,ECU,-3.7500000000000004,-152.75,4.372083333333334,24283.24597216315,185571.10872451245
2018,8441,ECU,-4.750000000000001,-158.05,7.993055555555555,44394.70141040023,339261.6444961939
2018,8441,ECU,-4.750000000000001,-158.15,1.522361111111111,8455.435658721059,64615.93197780681
2018,8441,ECU,-4.750000000000001,-157.95,3.843055555555555,21344.941581681567,163116.76287071564
2018,8441,ECU,-5.750000000000001,-153.65,3.5740277777777774,19850.71852986671,151697.9999621296
2018,8441,ECU,-5.750000000000001,-153.75,2.056805555555555,11423.825077091518,87300.18580962876
2018,8441,ECU,-7.250000000000001,-152.25,4.528055555555556,25149.54049316887,192191.27947636694
2018,8441,ECU,-7.250000000000001,-152.15,3.537222222222222,19646.29462241656,150135.80472683
2018,8441,ECU,-8.85,-150.35,5.550138888888889,30826.353832510926,235573.14640681853
2018,8441,ECU,-8.85,-150.25,5.420138888888888,30104.313163177565,230055.35493421316
2018,8441,ECU,-3.6500000000000004,-152.75,4.61,25604.67296635977,195669.37452854338
2018,8441,ECU,-3.6500000000000004,-157.85,6.310416666666668,35049.05749055665,267842.79439938447
2018,8441,ECU,-3.6500000000000004,-157.95,6.929305555555558,38486.464779605194,294111.25465785613
2018,8441,ECU,-5.550000000000001,-158.15,1.4565277777777779,8089.786858225322,61821.66578334642
2018,8441,ECU,2.05,-157.45,2.3997222222222216,13328.438765749697,101855.12934153325
2018,8441,ECU,4.35,-156.65,3.3051388888888886,18357.266889023358,140285.13212990316
2018,8441,ECU,-0.95,-156.75,2.4463888888888894,13587.632852177061,103835.87499836597
2018,8441,ECU,-0.95,-156.85,2.530833333333333,14056.650722855133,107420.08142501555
2018,8441,ECU,-3.5500000000000003,-157.95,2.4749999999999996,13746.543512308115,105050.26072844787
2018,8441,ECU,-5.8500000000000005,-153.65,3.3168055555555567,18422.065410630206,140780.3185441114
2018,8441,ECU,-7.3500000000000005,-152.45,2.9166666666666656,16199.630401709897,123796.60355204293
2018,8441,ECU,-3.45,-157.85,2.2794444444444446,12660.396864422044,96749.9932141014
2018,8441,ECU,-3.45,-157.95,6.363333333333333,35342.96507070195,270088.81849240005
2018,8441,ECU,-4.15,-153.15,2.5943055555555548,14409.185536835199,110114.13132136238
2018,8441,ECU,-5.15,-152.45,2.6445833333333324,14688.436308521816,112248.1489635452
2018,8441,ECU,-7.15,-152.35,2.914305555555555,16186.51641519423,123696.3872539294
2018,8441,ECU,-5.45,-158.15,1.0805555555555557,6001.577358347765,45863.69407785212
2018,8441,ECU,-5.45,-158.05,7.133750000000004,39621.98172966791,302788.8070592184
2018,8441,ECU,-5.45,-157.95,1.5865277777777775,8811.827527558675,67339.45725595174
2018,8441,GTM,-8.75,-152.45,3.4470833333333313,12462.27979793427,20476.7719359858
2018,8441,GTM,-9.25,-153.04999999999998,6.976527777777778,25222.320662800143,41442.79508104691
2018,8441,GTM,-9.25,-153.15,2.56375,9268.75469559889,15229.490840338534
2018,8441,GTM,-12.25,-152.15,2.214583333333333,8006.408452317258,13155.329728002487
2018,8441,GTM,-12.25,-152.25,13.517083333333325,48868.465964557676,80295.77642636471
2018,8441,GTM,-3.2500000000000004,-157.85,3.986111111111112,14087.289738166684,23146.82576878168
2018,8441,GTM,-3.2500000000000004,-157.15,1.4177777777777771,5010.559360529805,8232.850085286524
2018,8441,GTM,-3.2500000000000004,-155.85,3.638194444444444,12857.71967565422,21126.51919906745
2018,8441,GTM,-3.2500000000000004,-157.05,2.0222222222222213,7146.7225988748005,11742.779902211185
2018,8441,GTM,-3.2500000000000004,-155.95,4.927083333333334,17412.773639772233,28610.928367509758
2018,8441,GTM,-3.2500000000000004,-157.95,3.887222222222222,13737.807149540384,22572.590927409805
2018,8441,GTM,-3.7500000000000004,-158.45,7.726805555555555,27307.254007088046,44868.54905904637
2018,8441,GTM,-3.7500000000000004,-158.35,5.147361111111113,18191.25592286396,29890.05260685777
2018,8441,GTM,-5.750000000000001,-154.65,2.4380555555555548,8616.316517901667,14157.469670564229
2018,8441,GTM,-6.750000000000001,-154.25,1.3233333333333333,4784.262134442072,7861.021113101769
2018,8441,GTM,-7.250000000000001,-153.25,1.4338888888888892,5067.497535081284,8326.405199892057
2018,8441,GTM,-7.250000000000001,-153.15,7.185555555555556,25394.42584995789,41725.58111406581
2018,8441,GTM,1.7500000000000002,-159.55,2.986527777777777,10554.668684313521,17342.376115195548
2018,8441,GTM,1.7500000000000002,-158.85,2.4831944444444445,8977.52127431673,14750.96520582982
2018,8441,GTM,4.05,-154.95,2.0040277777777775,7082.4217293382235,11637.127143475635
2018,8441,GTM,4.05,-155.05,1.4156944444444446,5003.196665544703,8220.752441156501
2018,8441,GTM,-0.85,-154.85,3.2343055555555535,11430.338541208615,18781.189257059876
2018,8441,GTM,-1.95,-153.65,4.381805555555556,15485.710939004204,25444.571643877807
2018,8441,GTM,-8.85,-152.15,4.856111111111112,17556.35403742996,28846.845318901167
2018,8441,GTM,-8.85,-152.54999999999998,2.5222222222222217,9118.61884566205,14982.802625307313
2018,8441,GTM,-8.85,-152.25,2.0712499999999996,7488.213813070383,12303.884116255947
2018,8441,GTM,-8.85,-152.35,6.943750000000002,25103.818787933615,41248.084650453726
2018,8441,GTM,-9.35,-154.55,4.513333333333331,16317.105617215522,26810.636239646825
2018,8441,GTM,-12.35,-153.95,2.0809722222222224,7523.362674259612,12361.637210075967
2018,8441,GTM,-12.35,-152.35,1.6011111111111107,5788.515311277099,9511.109507959402
2018,8441,GTM,-2.1500000000000004,-152.95,1.4926388888888888,5396.354445723022,8866.749989767497
2018,8441,GTM,-2.1500000000000004,-152.85,5.190972222222223,18766.981242104586,30836.026878902045
2018,8441,GTM,-3.1500000000000004,-155.95,1.5120833333333334,5343.844020188873,8780.470109572338
2018,8441,GTM,-3.1500000000000004,-157.05,1.854305555555555,6553.289383075376,10767.70978533115
2018,8441,GTM,-3.1500000000000004,-156.95,3.700833333333335,13079.091371539706,21490.25503257689
2018,8441,GTM,-3.1500000000000004,-157.95,3.1126388888888887,11000.357154078518,18074.686839866412
2018,8441,GTM,-3.6500000000000004,-158.45,2.2862500000000003,8079.821476653719,13275.954668289727
2018,8441,GTM,-7.550000000000001,-152.65,1.1543055555555557,4079.423868080254,6702.901357642666
2018,8441,GTM,-0.95,-157.05,2.6720833333333323,9443.392587895076,15516.4383611704
2018,8441,GTM,-8.95,-151.75,8.46638888888889,30608.632576754815,50293.04418686584
2018,8441,GTM,-8.95,-152.15,4.171250000000001,15080.367829943196,24778.552381379664
2018,8441,GTM,-12.45,-153.95,2.4447222222222216,8838.432209325078,14522.427963142036
2018,8441,GTM,-3.0500000000000003,-155.55,2.318194444444444,8192.716133091986,13461.451878283442
2018,8441,GTM,-3.0500000000000003,-155.35,2.243611111111111,7929.131652625246,13028.356218428542
2018,8441,GTM,-3.0500000000000003,-154.05,2.0580555555555553,7273.360952618601,11950.859381247623
2018,8441,GTM,-3.0500000000000003,-155.75,2.2983333333333333,8122.525107567325,13346.121004243872
2018,8441,GTM,-3.0500000000000003,-155.45,5.10125,18028.29494052697,29622.291416779863
2018,8441,GTM,-3.0500000000000003,-155.65,5.257361111111111,18580.00621807747,30528.80821692309
2018,8441,GTM,-3.0500000000000003,-153.95,1.4520833333333334,5131.798404617863,8432.05795862761
2018,8441,GTM,-3.0500000000000003,-155.25,2.0461111111111108,7397.328900566813,12154.55111652133
2018,8441,GTM,-4.3500000000000005,-153.85,2.4250000000000003,8570.176962661682,14081.65776734941
2018,8441,GTM,-4.8500000000000005,-152.15,1.28875,4659.232613926111,7655.585107941994
2018,8441,GTM,-4.8500000000000005,-152.25,8.704444444444448,31469.277549302442,51707.16994125884
2018,8441,GTM,-6.8500000000000005,-154.25,6.267638888888886,22659.466555517138,37231.76949737021
2018,8441,GTM,-6.8500000000000005,-154.35,1.4595833333333335,5276.8483176796535,8670.389470779439
2018,8441,GTM,-7.8500000000000005,-151.25,5.732499999999998,20724.77281034446,34052.874204676984
2018,8441,GTM,-7.8500000000000005,-151.15,1.870277777777778,6761.636639630243,11110.045162576453
2018,8441,GTM,-0.35000000000000003,-155.95,1.3370833333333332,4833.972666695406,7942.700488647221
2018,8441,GTM,-1.1500000000000001,-156.05,2.209305555555555,7807.892608537189,12829.148345087455
2018,8441,GTM,-1.1500000000000001,-156.45,2.113055555555555,7467.736100225359,12270.237186280288
2018,8441,GTM,-1.1500000000000001,-156.15,2.0158333333333323,7124.1436675871455,11705.68046021244
2018,8441,GTM,-1.1500000000000001,-155.95,1.7073611111111109,6033.973963459337,9914.422619360037
2018,8441,GTM,-1.1500000000000001,-156.25,1.946944444444444,6880.6838867463575,11305.65169431294
2018,8441,GTM,-1.1500000000000001,-156.35,2.158888888888889,7629.715389897661,12536.385357140847
2018,8441,GTM,1.6500000000000001,-158.65,1.2987499999999996,4695.385728292171,7714.988290156866
2018,8441,GTM,1.6500000000000001,-158.75,2.035833333333333,7360.171533023918,12093.4978459116
2018,8441,GTM,-1.6500000000000001,-156.85,2.968611111111112,10491.349507441628,17238.33637567734
2018,8441,GTM,-1.6500000000000001,-156.75,3.442638888888889,12166.608039719076,19990.953670062416
2018,8441,GTM,-9.049999999999999,-151.15,4.218333333333334,15250.588743416733,25058.242364308033
2018,8441,GTM,-9.049999999999999,-151.25,3.224722222222222,11658.375129877835,19155.87617590227
2018,8441,GTM,-2.95,-153.95,4.509583333333334,15937.289564757284,26186.560483852692
2018,8441,GTM,-2.95,-154.95,2.8677777777777766,10367.909797644823,17035.51258851021
2018,8441,GTM,-2.95,-155.65,2.4588888888888887,8689.943467752713,14278.446111864483
2018,8441,GTM,-2.95,-155.25,3.613888888888888,13065.333830623707,21467.650017097814
2018,8441,GTM,-2.95,-155.45,1.3056944444444443,4614.446370331183,7581.996831091167
2018,8441,GTM,4.15,-154.85,2.586805555555555,9142.01293983813,15021.241461448033
2018,8441,GTM,4.15,-154.95,1.082638888888889,3826.1471605926577,6286.742399569795
2018,8441,GTM,-4.65,-156.05,5.538472222222223,19573.479194734246,32161.18366486784
2018,8441,GTM,-5.15,-154.05,8.884861111111121,31399.930726141523,51593.226176123135
2018,8441,GTM,-5.15,-153.95,2.1129166666666657,7467.245253893017,12269.430676671616
2018,8441,GTM,0.55,-157.85,2.52625,9133.180516726161,15006.728907032755
2018,8441,GTM,0.55,-157.65,1.7068055555555557,6170.633645062829,10138.968142202733
2018,8441,GTM,0.55,-157.55,1.7433333333333334,6302.692937816634,10355.954766126511
2018,8441,GTM,-1.85,-153.65,1.5111111111111108,5340.40809586249,8774.824542311657
2018,8441,GTM,-1.85,-153.55,1.295972222222222,4580.0871270673615,7525.541158484381
2018,8441,GTM,-12.15,-152.15,4.399027777777776,15903.855434947909,26131.62486516291
2018,8441,GTM,3.35,-155.45,2.1593055555555556,7631.187928894682,12538.804885966852
2018,8441,GTM,-4.45,-156.05,3.641805555555555,12870.481680295068,21147.488448892826
2018,8441,GTM,-5.45,-154.55,1.9698611111111106,6961.673531582508,11438.72577974322
2018,8441,GTM,-7.45,-152.54999999999998,5.104722222222223,18040.56609883548,29642.454156996577
2018,8441,GTM,-7.45,-152.65,1.7155555555555555,6062.933897067415,9962.00668627147
2018,8441,GTM,-0.45,-155.95,1.7868055555555558,6459.858559991317,10614.193599921733
2018,8441,GTM,-1.05,-156.65,1.4431944444444442,5100.384239348082,8380.441343672834
2018,8441,GTM,-1.05,-156.55,2.5212499999999993,8910.333470973508,14640.568926156571
2018,8441,GTM,1.55,-158.65,1.7491666666666668,6323.782254530171,10390.606622418523
2018,8441,GTM,1.55,-158.55,2.6016666666666652,9405.835254236865,15454.727906236592
2018,8441,GTM,-2.8500000000000005,-155.35,2.044305555555555,7224.767165716909,11871.014929989455
2018,8441,GTM,-2.8500000000000005,-155.25,1.8518055555555555,6694.853803370713,11000.314284318418
2018,8441,GTM,-3.3500000000000005,-155.75,2.680416666666667,9472.843367835498,15564.828937690507
2018,8441,GTM,-3.3500000000000005,-155.85,3.865972222222222,13662.707660692318,22449.194957283547
2018,8441,JPN,-5.550000000000001,-153.35,5.902777777777778,4358.717361111111,46323.707131937495
2018,8441,JPN,-6.8500000000000005,-149.75,5.902777777777778,4358.717361111111,46323.707131937495
2018,8441,KIR,2.75,-160.35,1.7187500000000002,4665.669183500137,16109.809183556612
2018,8441,KIR,3.25,-159.95,1.31125,3504.6215833289625,12100.897587781576
2018,8441,KIR,3.25,-160.85,2.7690277777777776,7516.722950419572,25954.041672126717
2018,8441,KIR,3.25,-159.85,3.933888888888889,10514.23596294985,36303.97450231176
2018,8441,KIR,3.25,-160.05,2.642916666666667,7063.811472213412,24390.21080371736
2018,8441,KIR,3.75,-161.25,5.4075,14385.034383981974,49669.222122388324
2018,8441,KIR,3.75,-161.15,1.3920833333333333,3703.220825773137,12786.62899606252
2018,8441,KIR,3.75,-160.55,4.516666666666669,12260.813078579757,42334.62583024333
2018,8441,KIR,3.75,-155.25,1.03875,2776.3017499965376,9586.125734458046
2018,8441,KIR,-4.25,-157.05,3.8545833333333337,10302.273361098263,35572.101552134525
2018,8441,KIR,-4.25,-156.95,1.1961111111111111,3196.88603703305,11038.335984109197
2018,8441,KIR,5.75,-158.15,4.161527777777778,11122.654009245387,38404.744669282845
2018,8441,KIR,-2.2500000000000004,-155.05,3.886527777777779,10387.65234257964,35866.90151455269
2018,8441,KIR,-2.2500000000000004,-155.25,3.1777777777777785,8493.352592582001,29326.187565770837
2018,8441,KIR,-2.2500000000000004,-155.15,3.940972222222222,10533.167824060936,36369.34318963056
2018,8441,KIR,-2.2500000000000004,-154.95,1.5069444444444444,4027.6606481431245,13906.867792334506
2018,8441,KIR,-2.7500000000000004,-156.05,2.992222222222223,7997.412074064101,27613.784305811492
2018,8441,KIR,-3.2500000000000004,-156.85,4.269027777777778,11409.972842578361,39396.81062976827
2018,8441,KIR,-3.2500000000000004,-156.65,1.7480555555555553,4672.086351846024,16131.966639108025
2018,8441,KIR,-3.2500000000000004,-156.75,3.572777777777778,9549.08225924735,32971.45318801962
2018,8441,KIR,-3.7500000000000004,-153.55,4.241805555555556,11337.215101837712,39145.58979222932
2018,8441,KIR,2.15,-160.35,2.0240277777777775,5494.3674352442395,18971.17165510872
2018,8441,KIR,2.65,-160.75,3.4405555555555547,9195.687518507048,31751.237691401875
2018,8441,KIR,2.65,-160.25,3.4615277777777775,9337.839439409854,32242.065529971922
2018,8441,KIR,2.65,-160.15,2.127638888888889,5775.627169457663,19942.316515790197
2018,8441,KIR,2.65,-160.85,3.631944444444444,9707.218981469374,33517.473987976715
2018,8441,KIR,3.15,-161.35,7.248888888888891,19374.346962938806,66896.52016751363
2018,8441,KIR,3.15,-160.75,6.5251388888888915,17712.953851314745,61159.99557597361
2018,8441,KIR,3.65,-160.55,3.765694444444444,10222.245541191043,35295.778294446085
2018,8441,KIR,5.55,-158.15,1.36875,3658.303749995437,12631.537520134245
2018,8441,KIR,-1.45,-154.25,2.1187499999999995,5662.853749992935,19552.927942125607
2018,8441,KIR,-1.45,-154.35,2.730555555555556,7298.046851842751,25198.988091916723
2018,8441,KIR,-1.95,-156.25,3.172638888888889,8479.617712952386,29278.763223990518
2018,8441,KIR,-2.1500000000000004,-155.95,1.1656944444444444,3115.590398144262,10757.635150328435
2018,8441,KIR,-2.6500000000000004,-157.15,4.085555555555555,10919.600518504896,37703.63345431445
2018,8441,KIR,-3.6500000000000004,-158.15,1.8923611111111114,5057.776620364063,17463.69342585785
2018,8441,KIR,-3.6500000000000004,-158.25,5.557916666666665,14854.829138870356,51291.34824385712
2018,8441,KIR,-3.6500000000000004,-153.45,4.884027777777778,13053.703842576311,45072.35077580119
2018,8441,KIR,-3.6500000000000004,-158.35,1.6327777777777777,4363.9795925871495,15068.123296468613
2018,8441,KIR,-4.050000000000001,-153.25,1.1069444444444445,2958.567314811125,10215.459567272444
2018,8441,KIR,-4.050000000000001,-155.85,1.78111111111111,4760.435037031097,16437.020513262454
2018,8441,KIR,-4.050000000000001,-153.35,1.6901388888888889,4517.290546290662,15597.48148985425
2018,8441,KIR,-4.550000000000001,-157.85,6.401944444444446,17110.69031479348,59080.47594653152
2018,8441,KIR,-4.550000000000001,-157.95,3.9011111111111108,10426.629703690698,36001.48410609139
2018,8441,KIR,1.9500000000000002,-157.55,4.380416666666667,11687.44367502775,40354.87301888281
2018,8441,KIR,1.9500000000000002,-157.65,6.780000000000001,18001.299432897744,62155.60673388664
2018,8441,KIR,2.55,-160.55,3.095694444444444,8273.96573147116,28568.679836252883
2018,8441,KIR,2.55,-160.85,3.835972222222222,10252.530824061287,35400.348530551775
2018,8441,KIR,2.55,-160.15,3.149861111111111,8550.52213435148,29523.584846374168
2018,8441,KIR,2.55,-160.45,2.3479166666666664,6275.355138881061,21667.797237734085
2018,8441,KIR,2.55,-160.75,3.604444444444444,9633.718814802798,33263.68967250369
2018,8441,KIR,3.05,-160.65,4.772222222222223,12954.536819803207,44729.9429128893
2018,8441,KIR,-2.0500000000000003,-155.75,6.249027777777777,16701.98484257176,57669.28134382548
2018,8441,KIR,-2.0500000000000003,-152.95,3.437916666666667,9188.634472210762,31726.88465102821
2018,8441,KIR,-2.0500000000000003,-157.25,6.546944444444446,17498.236648126327,60418.61142811651
2018,8441,KIR,-2.0500000000000003,-156.05,1.1379166666666665,3041.3478055517617,10501.287356921344
2018,8441,KIR,-2.0500000000000003,-153.04999999999998,5.709722222222222,15260.564907388374,52692.28893482687
2018,8441,KIR,-2.0500000000000003,-152.45,4.671250000000001,12485.005583317763,43108.726678302904
2018,8441,KIR,-2.0500000000000003,-152.54999999999998,2.5116666666666667,6713.0152222138495,23178.96747986887
2018,8441,KIR,-2.0500000000000003,-155.85,1.7491666666666663,4675.056055549724,16142.22055084431
2018,8441,KIR,-2.0500000000000003,-153.15,1.1458333333333333,3062.5069444406245,10574.346478042366
2018,8441,KIR,-2.0500000000000003,-157.35,3.731388888888889,9973.007462950525,34435.199088374095
2018,8441,KIR,-3.5500000000000003,-153.35,7.545694444444447,20167.629064789668,69635.59634006835
2018,8441,KIR,-5.8500000000000005,-155.05,3.629166666666666,9699.794722210123,33491.839208636
2018,8441,KIR,-5.8500000000000005,-155.25,3.1483333333333334,8414.655444433949,29054.458904759318
2018,8441,KIR,2.45,-160.65,2.9316666666666666,7835.5632222124495,27054.946116184034
2018,8441,KIR,-2.45,-156.65,3.323611111111111,8883.126203692624,30672.01348115804
2018,8441,KIR,2.95,-160.35,1.5688888888888883,4258.860533076163,14705.164003026699
2018,8441,KIR,-2.95,-153.95,2.624722222222222,7015.182574065325,24222.302999035717
2018,8441,KIR,-2.95,-154.05,3.3997222222222216,9086.550907396073,31374.406435093457
2018,8441,KIR,-2.95,-157.35,2.293888888888889,6130.953296288651,21169.200779557304
2018,8441,KIR,-2.95,-157.15,4.36125,11656.458249985462,40247.885303879804
2018,8441,KIR,-2.95,-157.05,4.913472222222226,13132.400990724373,45344.079436812746
2018,8441,KIR,3.45,-160.95,1.926388888888889,5229.319723244193,18056.00431320648
2018,8441,KIR,3.45,-160.85,3.245972222222223,8811.422584855087,30424.43235789104
2018,8441,KIR,3.45,-160.75,2.9079166666666665,7893.746722823623,27255.84443443432
2018,8441,KIR,-3.45,-155.85,1.1691666666666667,3124.8707222183248,10789.67862450432
2018,8441,KIR,3.95,-161.25,1.4219444444444442,3782.6573694767408,13060.91067162407
2018,8441,KIR,-3.95,-155.75,4.099444444444445,10956.72181480115,37831.807351018004
2018,8441,KIR,-3.95,-153.25,1.8593055555555555,4969.427935178987,17158.639551703414
2018,8441,KIR,-3.95,-155.85,3.206111111111112,8569.080037026351,29587.66231504607
2018,8441,KIR,-3.95,-153.35,2.6474999999999995,7076.061499991173,24432.508189629523
2018,8441,KIR,-4.15,-156.05,6.472638888888893,17299.637712941396,59732.88108075257
2018,8441,KIR,-4.15,-156.15,2.051111111111111,5482.0730370302,18928.721065179358
2018,8441,KIR,5.65,-158.15,5.825555555555556,15570.1565184991,53761.25923333444
2018,8441,KIR,1.85,-157.75,4.823333333333334,12768.973683571636,44089.22309358349
2018,8441,KIR,1.85,-157.85,1.051388888888889,2783.3774125960977,9610.55686530831
2018,8441,KIR,3.35,-160.85,4.010555555555555,10886.938451939386,37590.856564394395
2018,8441,KIR,3.85,-161.25,1.8738888888888887,4984.9202216233825,17212.13193803008
2018,8441,KIR,-2.3500000000000005,-155.35,1.015,2712.8243333299497,9366.948371094984
2018,8441,KIR,-2.3500000000000005,-152.04999999999998,4.946111111111114,13219.636037020557,45645.28809406606
2018,8441,KIR,-2.8500000000000005,-155.85,1.2452777777777777,3328.2954259217745,11492.07157843974
2018,8441,KIR,-2.8500000000000005,-156.25,1.8751388888888874,5011.746212956708,17304.757793945442
2018,8441,KIR,-2.8500000000000005,-157.25,1.118472222222222,2989.377990737012,10321.843901536386
2018,8441,KIR,-2.8500000000000005,-156.85,3.039166666666667,8122.882055545426,28047.01207666947
2018,8441,KIR,-2.8500000000000005,-155.95,3.735694444444444,9984.515064802361,34474.93299635219
2018,8441,KIR,-2.8500000000000005,-157.35,1.1255555555555556,3008.3098518481,10387.212588855195
2018,8441,KIR,-2.8500000000000005,-156.15,2.770416666666666,7404.584972212985,25566.847175455885
2018,8441,KOR,-12.75,-151.85,11.515972222222222,10271.095625,83399.96123256875
2018,8441,KOR,-5.550000000000001,-158.05,4.444861111111111,5286.940048611111,42929.265892515905
2018,8441,KOR,-6.8500000000000005,-152.15,11.515972222222222,10271.095625,83399.96123256875
2018,8441,KOR,2.35,-162.45,1.097361111111111,978.7363749999998,7947.212129271249
2018,8441,KOR,2.35,-158.55,19.219027777777775,14289.347152777777,116027.64126542569
2018,8441,KOR,5.45,-157.15,10.80263888888889,9634.873625,78233.92130142875
2018,8441,MEX,3.85,-161.95,11.859583333333333,47985.23669204302,2254352.657872951
2018,8441,NRU,1.9500000000000002,-157.55,5.39513888888889,17774.170463691084,8505.651533694732
2018,8441,NRU,2.05,-157.65,3.4529166666666673,11375.560610061115,5443.660774338646
2018,8441,NRU,2.05,-157.55,5.259305555555555,17326.670432451796,8291.504868745484
2018,8441,SLB,-4.25,-155.65,1.7602777777777778,5200.1422,45742.426845236
2018,8441,SLB,-4.25,-155.75,10.071527777777778,29752.9045,261717.85408571
2018,8441,SLB,-4.25,-156.05,3.7416666666666667,11053.482,97230.62799515999
2018,8441,SLB,-4.25,-155.85,1.1220833333333333,3314.8136999999997,29158.360934405995
2018,8441,SLB,-2.7500000000000004,-153.15,9.294027777777776,27456.045099999996,241513.80599673794
2018,8441,SLB,-2.7500000000000004,-153.35,4.434027777777777,13098.827499999996,115222.26424444995
2018,8441,SLB,-2.7500000000000004,-153.45,2.2195833333333335,6557.0043000000005,57677.901484434
2018,8441,SLB,-2.7500000000000004,-153.04999999999998,8.369583333333335,24725.088300000003,217491.272220354
2018,8441,SLB,-2.7500000000000004,-153.25,3.4427777777777777,10170.516399999999,89463.72705063198
2018,8441,SLB,-3.7500000000000004,-156.05,1.96875,5816.0025,51159.76807094999
2018,8441,SLB,-3.7500000000000004,-156.15,2.873611111111111,8489.106999999998,74673.41103265998
2018,8441,SLB,-4.750000000000001,-156.05,8.80541666666667,26012.609700000008,228816.79971288604
2018,8441,SLB,-4.750000000000001,-155.95,3.936250000000001,11628.312300000003,102287.05374947401
2018,8441,SLB,-4.750000000000001,-155.75,2.8091666666666666,8298.727799999999,72998.76324536398
2018,8441,SLB,-4.750000000000001,-156.15,3.4769444444444426,10271.450199999994,90351.57911027594
2018,8441,SLB,-4.750000000000001,-155.85,5.006666666666667,14790.4944,130102.80913027198
2018,8441,SLB,-5.750000000000001,-152.54999999999998,2.8434722222222226,8400.0719,73890.224459722
2018,8441,SLB,-5.750000000000001,-152.45,4.842777777777778,14306.340400000001,125844.006567752
2018,8441,SLB,-6.250000000000001,-153.65,2.231666666666667,6592.700400000001,57991.897944552
2018,8441,SLB,-7.750000000000001,-150.65,3.612222222222222,10671.0824,93866.89580171199
2018,8441,SLB,-2.6500000000000004,-153.35,5.496388888888889,16237.2122,142828.68865183598
2018,8441,SLB,-4.050000000000001,-156.35,5.225694444444444,15437.537499999997,135794.44611424996
2018,8441,SLB,-4.050000000000001,-157.65,5.453749999999999,16111.250099999997,141720.67815463798
2018,8441,SLB,-4.050000000000001,-155.85,1.4691666666666667,4340.1534,38177.638564691995
2018,8441,SLB,-4.550000000000001,-155.85,1.3295833333333333,3927.8019,34550.438077121995
2018,8441,SLB,-4.550000000000001,-155.65,1.6758333333333333,4950.6798,43548.060779123996
2018,8441,SLB,-5.050000000000001,-154.95,6.94652777777778,20521.154500000004,180511.87302071002
2018,8441,SLB,-5.050000000000001,-155.05,9.287916666666666,27437.991899999997,241355.00318932196
2018,8441,SLB,-5.050000000000001,-155.15,5.247083333333333,15500.723699999999,136350.25594020597
2018,8441,SLB,-5.550000000000001,-153.65,8.078611111111108,23865.50979999999,209930.09309452388
2018,8441,SLB,-5.550000000000001,-153.55,6.375833333333332,18835.231799999994,165681.85630088393
2018,8441,SLB,-6.050000000000001,-153.75,5.245138888888889,15494.979499999998,136299.72777420995
2018,8441,SLB,-6.550000000000001,-157.35,2.4187499999999997,7145.374499999999,62853.42934430999
2018,8441,SLB,-7.550000000000001,-153.15,2.690555555555556,7948.331600000001,69916.54511960801
2018,8441,SLB,-7.550000000000001,-153.45,8.791666666666664,25971.98999999999,228459.4933961999
2018,8441,SLB,-7.550000000000001,-153.55,13.480972222222222,39824.948899999996,350315.38400498196
2018,8441,SLB,-2.5500000000000003,-153.15,6.941666666666665,20506.793999999994,180385.55260571995
2018,8441,SLB,-2.5500000000000003,-153.25,7.048472222222223,20822.314700000003,183160.992580786
2018,8441,SLB,-4.3500000000000005,-155.75,1.4293055555555556,4222.3973,37141.81116177399
2018,8441,SLB,-4.3500000000000005,-156.15,7.667638888888889,22651.432099999998,199250.60429579797
2018,8441,SLB,-4.3500000000000005,-155.85,1.7225,5088.540599999999,44760.73676302799
2018,8441,SLB,-4.3500000000000005,-156.05,5.263749999999999,15549.959699999996,136783.35450588595
2018,8441,SLB,-4.8500000000000005,-155.15,2.174027777777778,6422.4259,56494.098738242
2018,8441,SLB,-5.3500000000000005,-154.75,2.356527777777778,6961.560100000001,61236.528032438
2018,8441,SLB,-7.8500000000000005,-150.65,1.6323611111111112,4822.2559,42418.395353641994
2018,8441,SLB,-2.45,-153.35,5.25763888888889,15531.906500000001,136624.55169847
2018,8441,SLB,-2.95,-152.65,4.52986111111111,13381.934499999996,117712.58099710995
2018,8441,SLB,-3.95,-155.75,2.1061111111111113,6221.7892,54729.222083096
2018,8441,SLB,-3.95,-156.45,1.6431944444444446,4854.259300000001,42699.909421334
2018,8441,SLB,-3.95,-152.85,5.7384722222222235,16952.365100000003,149119.44531833802
2018,8441,SLB,-3.95,-152.75,1.3291666666666666,3926.5709999999995,34539.610612979995
2018,8441,SLB,-3.95,-155.85,5.154444444444443,15227.053599999994,133942.94974596793
2018,8441,SLB,-3.95,-156.35,1.207638888888889,3567.5585,31381.60023823
2018,8441,SLB,-4.15,-156.15,3.123472222222222,9227.2367,81166.28036314598
2018,8441,SLB,-4.15,-156.25,4.427777777777777,13080.363999999998,115059.85228231997
2018,8441,SLB,-4.65,-155.75,5.45513888888889,16115.353100000004,141756.76970177802
2018,8441,SLB,-4.65,-155.65,8.867083333333333,26194.7829,230419.26440590195
2018,8441,SLB,-4.65,-155.55,2.703194444444445,7985.6689000000015,70244.978198582
2018,8441,SLB,-5.15,-154.95,3.8337499999999993,11325.510899999997,99623.49757054196
2018,8441,SLB,-5.15,-154.85,15.469583333333327,45699.62429999998,401991.2612000338
2018,8441,SLB,-5.65,-152.54999999999998,4.101249999999999,12115.748699999998,106574.72954970598
2018,8441,SLB,-6.15,-153.75,5.229722222222221,15449.436199999995,135899.11160095595
2018,8441,SLB,-6.15,-153.85,4.9662500000000005,14671.0971,129052.545108498
2018,8441,SLB,-6.15,-153.55,12.043055555555556,35577.113,312949.80525094
2018,8441,SLB,-6.15,-153.65,8.386944444444444,24776.375799999998,217942.41655960397
2018,8441,SLB,-6.65,-156.95,4.287083333333334,12664.730100000002,111403.77855703801
2018,8441,SLB,-6.65,-157.35,1.924861111111111,5686.347699999999,50019.27518132599
2018,8441,SLB,-7.65,-153.15,4.752916666666667,14040.8763,123508.88346779399
2018,8441,SLB,-7.65,-153.25,10.39166666666667,30698.646000000008,270036.95570148004
2018,8441,SLB,-4.45,-155.55,1.8420833333333333,5441.8089,47868.21897178199
2018,8441,SLB,-4.95,-155.15,4.209444444444444,12435.372399999998,109386.26107191197
2018,8441,SLB,-4.95,-156.55,2.8454166666666656,8405.816099999996,73940.75262571796
2018,8441,SLB,-4.95,-154.55,12.314444444444446,36378.8392,320002.093562096
2018,8441,SLB,-4.95,-156.85,4.29625,12691.809899999998,111641.98276816198
2018,8441,SLB,-4.95,-154.65,11.167499999999997,32990.58179999999,290197.6939338839
2018,8441,SLB,-4.95,-156.65,3.8677777777777784,11426.0344,100507.74047547199
2018,8441,SLB,-4.95,-156.75,4.178333333333334,12343.4652,108577.810415976
2018,8441,SLB,-4.95,-156.95,2.3862500000000004,7049.364300000001,62008.887141234
2018,8441,SLB,-5.45,-154.65,7.272777777777779,21484.949200000003,188989.77744389602
2018,8441,SLB,-5.45,-153.65,3.7709722222222215,11140.055299999998,97992.15963981398
2018,8441,SLB,-5.45,-154.55,6.79,20058.7464,176444.35565803197
2018,8441,SLB,-7.45,-153.45,8.929166666666667,26378.187,232032.55656306
2018,8441,SLB,-7.45,-153.55,1.715,5066.3844,44565.842408471995
2018,8441,SLB,-2.8500000000000005,-153.35,7.1927777777777795,21248.616400000003,186910.904328632
2018,8441,SLB,-2.8500000000000005,-153.25,4.9125,14512.310999999998,127655.80223417997
2018,8441,SLB,-2.8500000000000005,-153.45,2.6736111111111107,7898.274999999999,69476.22824449999
2018,8441,SLB,-3.8500000000000005,-156.15,2.563888888888888,7574.137999999997,66624.99602043997
2018,8441,SLB,-3.8500000000000005,-156.25,4.446944444444444,13136.985399999998,115557.91563285197
2018,8441,SLV,-3.7500000000000004,-156.05,1.1866666666666665,4249.215999999999,1423.7848051199996
2018,8441,SLV,-3.7500000000000004,-156.35,1.8315277777777772,6558.334666666665,2197.5011967599994
2018,8441,SLV,-5.750000000000001,-157.35,1.0379166666666666,3716.572,1245.31178004
2018,8441,SLV,-5.750000000000001,-157.25,2.8716666666666666,10282.864,3445.4792404799996
2018,8441,SLV,-2.1500000000000004,-153.95,1.746527777777778,6253.966666666667,2095.516611
2018,8441,SLV,-3.5500000000000003,-152.65,2.499305555555555,8949.513333333332,2998.7134325999996
2018,8441,SLV,-5.8500000000000005,-156.95,2.3802777777777777,8523.298666666667,2855.90168424
2018,8441,SLV,-2.95,-155.95,4.458472222222222,15964.897333333334,5349.35814948
2018,8441,SLV,-5.65,-157.25,3.7218055555555556,13327.041333333334,4465.4917395600005
2018,8441,SLV,-5.65,-157.15,3.1952777777777777,11441.650666666666,3833.7538888799995
2018,8441,SLV,-5.65,-157.35,1.1002777777777777,3939.8746666666666,1320.1338045599998
2018,8441,SLV,-5.65,-156.85,2.9555555555555557,10583.253333333334,3546.1306944
2018,8441,SLV,-5.65,-156.95,2.026666666666667,7257.088000000001,2431.63247616
2018,8441,SLV,-5.95,-157.25,1.8568055555555556,6648.849333333334,2227.82994612
2018,8441,TWN,-8.25,-148.65,1.2384722222222222,528.1707778305414,616.5812843315957
2018,8441,TWN,-8.25,-148.75,1.0969444444444445,467.8134802406209,546.1207786980984
2018,8441,TWN,-8.25,-148.54999999999998,1.3377777777777777,570.5215803592884,666.0211876956296
2018,8441,TWN,-8.25,-148.45,1.2916666666666665,550.8565923319541,643.0644773223999
2018,8441,TWN,-5.250000000000001,-158.65,1.0054166666666666,428.77966364419524,500.55309154159704
2018,8441,TWN,-5.250000000000001,-158.55,1.1163888888888893,476.1059450714246,555.8013192169303
2018,8441,TWN,-5.750000000000001,-157.75,1.111388888888889,473.973596972075,553.3120373692306
2018,8441,TWN,-6.250000000000001,-156.45,1.129722222222222,481.79220666968973,562.4394041441291
2018,8441,TWN,-6.750000000000001,-155.15,1.2931944444444445,551.5081431400888,643.8250912203082
2018,8441,TWN,-6.750000000000001,-155.05,1.3469444444444447,574.430885208096,670.5848710830792
2018,8441,TWN,-7.250000000000001,-153.65,1.063472222222222,453.5385943533088,529.456419662109
2018,8441,TWN,-7.250000000000001,-153.75,1.3584722222222216,579.3471322149292,676.3240486763862
2018,8441,TWN,-7.750000000000001,-151.85,1.0276388888888888,438.2567663079708,511.616566420262
2018,8441,TWN,-7.750000000000001,-152.15,1.0859722222222223,463.1341608003817,540.6581879767576
2018,8441,TWN,-7.750000000000001,-151.95,1.1547222222222224,492.4539471664374,574.8858133826274
2018,8441,TWN,-7.750000000000001,-151.75,1.0179166666666666,434.110533892569,506.7762961608461
2018,8441,TWN,-8.35,-147.95,1.0193055555555555,434.70285280905495,507.46776334076264
2018,8441,TWN,-8.35,-148.04999999999998,1.4231944444444442,606.9491937231757,708.5464192604979
2018,8441,TWN,-8.35,-148.25,1.3336111111111104,568.7446236098302,663.9467861558796
2018,8441,TWN,-8.35,-148.15,1.2270833333333333,523.3137627153565,610.91125345628
2018,8441,TWN,-8.35,-148.35,1.067777777777778,455.3747829944155,531.5999679198507
2018,8441,TWN,-4.550000000000001,-151.85,4.534583333333334,3721.079083333334,4343.9505110925
2018,8441,TWN,-4.550000000000001,-151.75,1.3031944444444443,1069.401361111111,1248.4084549474999
2018,8441,TWN,-5.050000000000001,-158.85,1.0269444444444444,437.96060684972787,511.2708328303038
2018,8441,TWN,-5.550000000000001,-158.15,1.1048611111111113,471.18969806459097,550.0621416236228
2018,8441,TWN,-6.050000000000001,-156.95,1.2444444444444442,530.717749171431,619.5545932052369
2018,8441,TWN,-6.050000000000001,-157.15,1.1322222222222218,482.85838071936433,563.6840450679787
2018,8441,TWN,-6.050000000000001,-157.05,1.2918055555555554,550.9158242236027,643.1336240403915
2018,8441,TWN,-6.550000000000001,-155.55,1.2344444444444445,526.453052972732,614.5760295098377
2018,8441,TWN,-7.550000000000001,-152.85,1.0719444444444446,457.1517397438734,533.6743694596004
2018,8441,TWN,-7.550000000000001,-152.75,1.1316666666666668,482.62145315277024,563.4074581960124
2018,8441,TWN,-8.45,-147.65,1.4162499999999998,603.9875991407457,705.0890833609151
2018,8441,TWN,-8.45,-149.65,2.5415277777777776,2085.577694444444,2434.6825447174997
2018,8441,TWN,-8.45,-147.54999999999998,1.0154166666666666,433.04435984289427,505.5316552369963
2018,8441,TWN,-4.8500000000000005,-159.15,1.3158333333333334,561.1629414788101,655.0960062529481
2018,8441,TWN,-5.3500000000000005,-158.45,1.020138888888889,435.0582441589466,507.88264364871264
2018,8441,TWN,-5.8500000000000005,-157.55,1.3222222222222217,563.8876084946453,658.276755280564
2018,8441,TWN,-6.3500000000000005,-156.05,1.1176388888888886,476.6390320962617,556.4236396788549
2018,8441,TWN,-6.3500000000000005,-156.15,1.27125,542.1495042596104,632.8999097776265
2018,8441,TWN,-6.8500000000000005,-154.85,1.224583333333333,522.2475886656815,609.6666125324299
2018,8441,TWN,-7.8500000000000005,-151.54999999999998,1.0894444444444442,464.6149580915965,542.3868559265488
2018,8441,TWN,-7.8500000000000005,-151.35,1.1606944444444445,495.00091850732696,577.8591222562684
2018,8441,TWN,-7.8500000000000005,-151.45,1.1080555555555556,472.5520315725086,551.6525161374308
2018,8441,TWN,-8.049999999999999,-149.65,1.1662500000000002,497.37019417327093,580.6249909759347
2018,8441,TWN,-8.049999999999999,-149.54999999999998,1.0280555555555555,438.4344619829166,511.824006574237
2018,8441,TWN,-8.549999999999999,-147.45,1.4134722222222218,602.8029613077738,703.7061490010819
2018,8441,TWN,-8.549999999999999,-147.35,1.3858333333333328,591.0158148697028,689.9459521207423
2018,8441,TWN,-5.15,-158.75,1.2290277777777776,524.1430091984367,611.879307508163
2018,8441,TWN,-5.65,-157.95,1.4106944444444447,601.6183234748021,702.3232146412491
2018,8441,TWN,-6.15,-156.75,1.2125000000000001,517.0944140922538,603.6508480671562
2018,8441,TWN,-6.65,-155.25,1.241111111111111,529.2961837718648,617.8950719734372
2018,8441,TWN,-6.65,-155.45,1.0622222222222224,453.0055073284716,528.8340992001844
2018,8441,TWN,-6.65,-150.35,1.57875,1177.7475000000002,1374.890654025
2018,8441,TWN,-6.65,-155.35,1.0020833333333334,427.358098244629,498.8935703097974
2018,8441,TWN,-7.15,-153.95,1.062638888888889,453.18320300341736,529.0415393541593
2018,8441,TWN,-7.65,-152.25,1.1340277777777779,483.62839531079635,564.5829524018706
2018,8441,TWN,-8.15,-149.15,1.1305555555555555,482.1475980195814,562.8542844520791
2018,8441,TWN,-8.15,-148.95,1.2366666666666666,527.4007632391097,615.6823769977042
2018,8441,TWN,-8.15,-149.25,1.2595833333333328,537.174025361128,627.0915854663272
2018,8441,TWN,-8.65,-147.25,1.0406944444444444,443.82456412293897,518.1163579114777
2018,8441,TWN,-8.65,-147.15,1.4388888888888887,613.6423974794671,716.3599983935551
2018,8441,TWN,-4.45,-151.75,2.8138888888888887,2309.077222222222,2695.59365845
2018,8441,TWN,-4.95,-159.05,1.3819444444444444,589.3573219035424,688.0098440169762
2018,8441,TWN,-5.45,-158.35,1.1330555555555553,483.213772069256,564.0989253759287
2018,8441,TWN,-5.95,-157.25,1.223472222222222,521.7737335324929,609.1134387884969
2018,8441,TWN,-5.95,-157.35,1.215277777777778,518.2790519252258,605.0337824269892
2018,8441,TWN,-6.45,-155.85,1.2,511.76354384388,597.427643447907
2018,8441,TWN,-6.45,-155.95,1.1723611111111112,499.97639740580917,583.6674465675675
2018,8441,TWN,-6.95,-154.55,1.2695833333333335,541.4387215598273,632.0701491617267
2018,8441,TWN,-6.95,-154.45,1.2313888888888889,525.1499513564629,613.0548017140212
2018,8441,TWN,-7.45,-153.25,1.103611111111111,470.6566110397535,549.4398211616978
2018,8441,TWN,-7.45,-153.04999999999998,1.1219444444444444,478.4752207373683,558.5671879365964
2018,8441,TWN,-7.45,-153.15,1.0690277777777781,455.907870019253,532.2222883817757
2018,8441,TWN,-7.95,-150.54999999999998,1.1615277777777777,495.35630985721855,578.2740025642183
2018,8441,TWN,-7.95,-150.45,1.005277777777778,428.72043175254674,500.4839448236055
2018,8441,TWN,-7.95,-150.15,1.0894444444444449,464.6149580915968,542.3868559265492
2018,8441,TWN,-7.95,-150.65,1.0137500000000002,432.3335771431112,504.7018946210965
2018,8441,USA,2.25,-161.95,1.8790277777777775,5448.522895833333,43328.34310976437
2018,8441,USA,2.25,-153.95,6.073333333333335,18062.093333333338,143635.36543560002
2018,8441,USA,2.25,-162.15,1.5663888888888888,4206.6939999999995,33452.934763139994
2018,8441,USA,3.25,-154.65,2.4998611111111106,6713.626999999999,53388.84312836999
2018,8441,USA,3.25,-155.85,3.065555555555556,8889.038166666669,70688.38710316502
2018,8441,USA,3.25,-154.75,5.869722222222222,15763.725999999999,125358.03590705998
2018,8441,USA,4.25,-156.35,4.651805555555555,14922.06186111111,118664.86175873248
2018,8441,USA,-4.25,-158.15,2.0993055555555555,6243.334722222222,49648.933144874994
2018,8441,USA,-4.25,-158.35,1.2708333333333335,3779.458333333334,30055.424298750004
2018,8441,USA,-4.25,-158.25,5.2051388888888885,15480.083055555555,123102.41928352499
2018,8441,USA,4.75,-158.15,2.9294444444444445,7867.316,62563.33569996
2018,8441,USA,4.75,-156.55,1.3234722222222222,3554.3169999999996,28265.030622269995
2018,8441,USA,4.75,-156.65,7.252083333333332,19476.194999999996,154880.74026044997
2018,8441,USA,-1.25,-155.05,5.880277777777781,19468.861747361123,154822.42396215734
2018,8441,USA,-1.25,-154.75,2.14625,6193.882583333334,49255.6744062675
2018,8441,USA,-1.25,-154.95,5.671111111111109,18776.337164444438,149315.25379618315
2018,8441,USA,-1.25,-154.55,5.868333333333334,16675.275833333337,132606.962762175
2018,8441,USA,-1.25,-154.65,13.256527777777785,38568.54191666669,306709.00156932767
2018,8441,USA,-1.75,-155.35,13.360972222222223,36567.25711111111,290794.16439726
2018,8441,USA,-1.75,-154.85,4.730555555555554,14010.944364791663,111419.3729815764
2018,8441,USA,-1.75,-153.75,9.805416666666666,26333.426999999996,209411.57486636995
2018,8441,USA,-1.75,-155.15,7.811388888888888,21869.11024722222,173909.9441100877
2018,8441,USA,-1.75,-155.25,12.430277777777782,35105.5033888889,279169.84565449506
2018,8441,USA,-1.75,-155.05,3.666388888888889,12138.953479305555,96532.72114301636
2018,8441,USA,-1.75,-154.95,11.923472222222223,35192.639388888885,279862.778138655
2018,8441,USA,-8.25,-153.95,4.664166666666668,12484.108500000004,99277.50086563503
2018,8441,USA,-8.25,-154.05,2.7088888888888887,7250.611999999999,57659.11431371999
2018,8441,USA,-2.2500000000000004,-155.25,1.1090277777777777,3671.851789236111,29199.70370206022
2018,8441,USA,-2.2500000000000004,-156.45,1.0573611111111112,3490.4018958333336,27756.757900254375
2018,8441,USA,-2.2500000000000004,-154.75,8.259305555555553,24029.623583333327,191091.01591797743
2018,8441,USA,-2.2500000000000004,-154.85,1.389861111111111,4043.6619166666665,32156.453096527497
2018,8441,USA,-2.2500000000000004,-156.35,3.719861111111111,12279.447520833333,97649.97331439813
2018,8441,USA,-2.2500000000000004,-155.05,1.0322222222222226,3417.55823388889,27177.48251893696
2018,8441,USA,-2.2500000000000004,-155.15,7.145416666666669,23657.577833541676,188132.3927814518
2018,8441,USA,-2.7500000000000004,-155.35,1.954722222222222,5813.343888888889,46229.51274105
2018,8441,USA,-2.7500000000000004,-155.45,1.7195833333333335,5114.0408333333335,40668.438059325
2018,8441,USA,-3.2500000000000004,-152.35,4.398055555555553,14561.409988472213,115796.84626542746
2018,8441,USA,-3.7500000000000004,-158.25,1.1981944444444448,3967.071432152779,31547.381820622864
2018,8441,USA,-7.250000000000001,-155.25,1.2866666666666668,3743.428000000001,29768.899918680007
2018,8441,USA,-7.250000000000001,-155.15,2.4502777777777767,7128.838166666664,56690.731041164974
2018,8441,USA,-0.25000000000000006,-157.35,7.925555555555557,23570.602222222227,187440.73575780002
2018,8441,USA,0.7500000000000001,-156.85,1.7313888888888889,4649.818,36976.79417958
2018,8441,USA,1.2500000000000002,-154.25,3.637638888888889,9769.243,77688.04880133
2018,8441,USA,1.2500000000000002,-155.15,2.345277777777777,6974.856111111109,55466.218000949986
2018,8441,USA,2.15,-162.05,2.3838888888888894,6402.172000000001,50912.05641732001
2018,8441,USA,2.15,-161.65,2.307777777777777,6197.767999999998,49286.57244407998
2018,8441,USA,2.15,-162.15,5.396944444444446,14494.034000000003,115261.05151854003
2018,8441,USA,2.15,-154.25,1.1336111111111111,3044.426,24210.21932406
2018,8441,USA,2.65,-162.95,1.6270833333333332,5219.357916666667,41505.9521542875
2018,8441,USA,2.65,-161.75,5.8093055555555555,16844.952854166666,133956.28703171812
2018,8441,USA,2.65,-153.95,2.3520833333333333,6820.2184375,54236.49128271562
2018,8441,USA,2.65,-154.05,3.9763888888888883,11530.136041666665,91691.21614550623
2018,8441,USA,2.65,-161.55,1.7205555555555556,4989.008916666667,39674.145498097496
2018,8441,USA,3.15,-162.45,3.202638888888889,9286.531854166667,73849.38012920813
2018,8441,USA,3.15,-154.65,1.796388888888889,4824.3820000000005,38364.98122242
2018,8441,USA,3.65,-158.15,1.4968055555555555,4019.821,31966.86273651
2018,8441,USA,3.65,-158.25,8.876805555555562,23839.549000000017,189579.48390819013
2018,8441,USA,4.05,-155.75,6.530555555555557,17479.685,139003.87382235
2018,8441,USA,4.55,-157.55,8.274305555555554,22221.474999999995,176712.05785724995
2018,8441,USA,5.55,-157.95,5.400972222222223,14504.851000000002,115347.07165581001
2018,8441,USA,5.55,-157.85,1.6654166666666665,4472.642999999999,35567.84365532999
2018,8441,USA,-0.85,-156.25,1.77875,5290.0025000000005,42067.739780775
2018,8441,USA,-0.85,-156.45,8.381388888888889,24926.250555555554,198221.27155545
2018,8441,USA,-0.85,-156.35,4.12361111111111,12263.61944444444,97524.10354424997
2018,8441,USA,-1.45,-154.95,3.4852777777777777,10140.067166666668,80636.957530155
2018,8441,USA,-1.95,-155.15,4.850138888888889,13905.193055555555,110578.405787625
2018,8441,USA,-1.95,-155.75,2.650833333333333,7883.578333333332,62692.65881594999
2018,8441,USA,-1.95,-155.85,8.514305555555557,25321.54472222223,201364.77330997505
2018,8441,USA,-1.95,-154.95,17.44902777777777,51893.40861111108,412672.47223222477
2018,8441,USA,-1.95,-153.25,4.379861111111111,12742.767916666668,101334.4407313875
2018,8441,USA,-1.95,-155.05,7.228333333333333,21497.06333333333,170951.31171629997
2018,8441,USA,-1.95,-154.85,8.846111111111108,26308.334444444437,209212.03108589994
2018,8441,USA,-8.85,-152.15,4.378055555555556,12737.514833333335,101292.66658426501
2018,8441,USA,-8.85,-151.04999999999998,6.255833333333338,18200.721500000014,144737.7795916651
2018,8441,USA,-2.1500000000000004,-154.75,8.058472222222221,24662.902025277777,196127.0424046367
2018,8441,USA,-2.1500000000000004,-154.65,5.785277777777776,16831.687166666663,133850.79417235497
2018,8441,USA,-2.1500000000000004,-154.85,8.591250000000006,28444.55054812502,226199.88376936005
2018,8441,USA,-3.6500000000000004,-157.25,2.517361111111111,7486.631944444444,59536.018078124995
2018,8441,USA,-3.6500000000000004,-152.95,3.106111111111111,8341.771999999999,66336.35689331999
2018,8441,USA,-4.050000000000001,-156.65,6.5663888888888895,19528.440555555557,155296.21311435002
2018,8441,USA,-4.050000000000001,-158.35,1.5205555555555554,4522.132222222222,35961.397292099995
2018,8441,USA,-4.050000000000001,-156.75,2.572361111111111,7650.201944444444,60836.77742482499
2018,8441,USA,-4.050000000000001,-158.25,2.150833333333333,6396.578333333332,50867.573845949984
2018,8441,USA,-4.050000000000001,-158.45,1.395972222222222,4151.621388888888,33014.98028707499
2018,8441,USA,-4.550000000000001,-154.05,3.675972222222223,11791.783694444448,93771.91939116752
2018,8441,USA,-4.550000000000001,-152.35,3.760694444444445,12063.55563888889,95933.1341426925
2018,8441,USA,-6.050000000000001,-153.25,6.151388888888889,16464.8075,130933.253330325
2018,8441,USA,-6.550000000000001,-156.75,2.939305555555556,7893.799000000001,62773.93672569001
2018,8441,USA,-6.550000000000001,-156.55,6.384166666666667,18986.51166666667,150986.62659195001
2018,8441,USA,-6.550000000000001,-156.65,2.298888888888889,6836.895555555556,54369.1128954
2018,8441,USA,-7.550000000000001,-156.05,6.628750000000001,17742.512250000003,141093.9575907975
2018,8441,USA,-7.550000000000001,-156.15,2.701388888888889,7230.5374999999995,57499.475666624996
2018,8441,USA,-0.15000000000000002,-157.65,4.680972222222222,13921.211388888887,110705.78853997498
2018,8441,USA,-0.15000000000000002,-157.75,2.04875,6092.9825,48453.285664575
2018,8441,USA,-0.15000000000000002,-157.55,5.5854166666666645,16611.02916666666,132096.05335237493
2018,8441,USA,-0.15000000000000002,-157.15,3.6880555555555556,10968.277222222223,87223.14063705
2018,8441,USA,-0.15000000000000002,-157.35,1.6075000000000002,4780.705000000001,38017.64817855001
2018,8441,USA,0.8500000000000001,-156.95,1.7318055555555554,5716.776729166666,45461.58075111937
2018,8441,USA,2.55,-155.65,7.595694444444444,20398.997,162219.14783307
2018,8441,USA,2.55,-156.15,5.060555555555555,15050.092222222222,119682.9988797
2018,8441,USA,2.55,-161.85,2.162083333333333,6269.284937499999,49855.29730133061
2018,8441,USA,2.55,-156.25,4.0690277777777775,12101.28861111111,96233.19843502498
2018,8441,USA,2.55,-162.95,2.624722222222222,8419.583944444445,66955.141597245
2018,8441,USA,2.55,-162.85,5.443472222222221,17461.57019444444,138859.81927298248
2018,8441,USA,2.55,-154.05,2.7305555555555556,7917.655416666667,62963.650346512506
2018,8441,USA,3.05,-162.45,3.5481944444444444,10288.522020833334,81817.51655149313
2018,8441,USA,3.05,-162.35,3.7529166666666667,10882.1448125,86538.18901389188
2018,8441,USA,3.55,-155.65,1.6493055555555556,4782.408854166667,38031.19775507812
2018,8441,USA,4.35,-157.05,5.708333333333335,18311.191666666673,145616.27260275005
2018,8441,USA,-0.95,-154.75,5.416666666666666,16651.35979520833,132416.77501303316
2018,8441,USA,-8.95,-151.04999999999998,1.9988888888888883,5815.567333333332,46247.19426053998
2018,8441,USA,-9.95,-153.55,1.9445833333333333,5204.87175,41390.7536662425
2018,8441,USA,-2.0500000000000003,-154.45,1.7284722222222222,5140.476388888889,40878.661792125
2018,8441,USA,-2.0500000000000003,-154.25,3.2769444444444438,9533.942166666666,75816.863631405
2018,8441,USA,-2.0500000000000003,-154.15,7.3597222222222225,21412.375833333335,170277.850463175
2018,8441,USA,-2.5500000000000003,-154.95,3.969166666666665,11547.893499999995,91832.42895898495
2018,8441,USA,-2.5500000000000003,-153.04999999999998,4.894027777777778,15699.062305555555,124843.8101630925
2018,8441,USA,-2.5500000000000003,-153.85,1.0940277777777776,3253.6386111111105,25873.942863524993
2018,8441,USA,-2.5500000000000003,-153.95,2.3740277777777767,7060.358611111108,56146.16038672497
2018,8441,USA,-4.3500000000000005,-158.35,2.792638888888889,8305.308055555555,66046.384303275
2018,8441,USA,-4.8500000000000005,-158.35,3.725,11078.15,88096.8830265
2018,8441,USA,-4.8500000000000005,-152.85,6.091250000000002,16303.839750000005,129653.18788232253
2018,8441,USA,-4.8500000000000005,-158.45,8.666944444444445,25775.492777777778,204974.70897165
2018,8441,USA,-4.8500000000000005,-152.75,1.694305555555555,4534.978249999998,36063.55288725749
2018,8441,USA,-6.8500000000000005,-156.35,4.659166666666666,13509.952624999998,107435.33135931373
2018,8441,USA,-6.8500000000000005,-156.75,9.218333333333343,24756.756000000023,196873.39830636018
2018,8441,USA,-6.8500000000000005,-156.65,4.899583333333336,13158.321000000007,104639.04767151005
2018,8441,USA,-6.8500000000000005,-152.85,5.519305555555556,14772.973250000001,117479.26290570751
2018,8441,USA,-7.3500000000000005,-155.85,8.821250000000006,23610.957750000016,187761.65542490262
2018,8441,USA,-7.3500000000000005,-155.45,2.4524999999999997,6564.361499999999,52201.83760006499
2018,8441,USA,-7.3500000000000005,-155.55,2.9730555555555553,7957.6804999999995,63281.942216954994
2018,8441,USA,-0.35000000000000003,-157.25,2.467083333333333,7337.105833333332,58346.94008947499
2018,8441,USA,-0.35000000000000003,-157.15,3.649166666666667,10852.621666666668,86303.41180605
2018,8441,USA,0.9500000000000001,-155.05,1.2516666666666667,3629.39525,28862.0761405275
2018,8441,USA,0.9500000000000001,-155.15,3.9233333333333333,11376.2935,90467.812562985
2018,8441,USA,-1.1500000000000001,-154.65,4.604583333333333,12366.069,98338.81416939
2018,8441,USA,-1.1500000000000001,-155.15,1.2156944444444444,3536.9414166666666,28126.8545971725
2018,8441,USA,-1.1500000000000001,-154.55,3.6490277777777775,9989.495598333333,79439.56574158215
2018,8441,USA,-1.1500000000000001,-154.95,6.947916666666665,18763.702833333326,149214.78167854494
2018,8441,USA,-1.1500000000000001,-155.05,11.94694444444445,34270.808054722234,272532.08960164816
2018,8441,USA,-1.6500000000000001,-155.25,4.980972222222222,14491.640583333334,115242.0183272475
2018,8441,USA,-1.6500000000000001,-154.85,3.1734722222222222,9400.456333333334,74755.34290413
2018,8441,USA,-1.6500000000000001,-154.65,7.804722222222228,20960.362000000016,166683.2963362201
2018,8441,USA,-1.6500000000000001,-154.55,6.393333333333334,18058.235500000003,143604.68674900502
2018,8441,USA,-1.6500000000000001,-155.05,3.845,11280.259166666667,89704.11777367501
2018,8441,USA,-1.6500000000000001,-155.35,2.7369444444444446,7962.866166666668,63323.180245845004
2018,8441,USA,-1.6500000000000001,-154.95,5.697916666666668,16905.561138888894,134438.26290039753
2018,8441,USA,-1.6500000000000001,-154.75,4.335277777777777,11642.821999999996,92587.32981881997
2018,8441,USA,-1.6500000000000001,-155.55,2.2494444444444444,6689.847777777777,53199.74338169999
2018,8441,USA,-1.6500000000000001,-154.45,5.754722222222225,16742.78883333334,133143.84706720503
2018,8441,USA,-8.049999999999999,-153.85,1.5902777777777772,4256.5374999999985,33849.30572662499
2018,8441,USA,-8.049999999999999,-152.85,4.79777777777778,12841.732000000005,102121.43380092004
2018,8441,USA,-10.05,-153.55,6.6025,17672.2515,140535.22232596498
2018,8441,USA,-10.05,-153.95,2.2162499999999996,7337.725610624999,58351.868750629284
2018,8441,USA,-10.05,-153.65,1.8754166666666667,5019.74025,39918.5305874775
2018,8441,USA,2.45,-161.85,4.535972222222221,13152.731854166665,104594.60105120811
2018,8441,USA,2.45,-153.95,6.280416666666667,18677.959166666667,148532.921460675
2018,8441,USA,-2.45,-154.95,3.0441666666666665,8856.6985,70431.212048535
2018,8441,USA,-2.45,-153.95,4.390138888888889,13056.273055555555,103827.53078242499
2018,8441,USA,-2.45,-153.75,3.3304166666666664,9904.659166666666,78764.920137675
2018,8441,USA,-2.45,-153.85,9.041944444444445,26890.742777777778,213843.52269915
2018,8441,USA,-2.45,-155.05,4.594166666666668,13366.268500000004,106292.71065523503
2018,8441,USA,-2.95,-153.15,12.670555555555556,34028.044,270601.55458164
2018,8441,USA,-2.95,-153.55,6.628611111111109,17801.797999999995,141565.41625337995
2018,8441,USA,-3.45,-157.75,1.451388888888889,4316.430555555556,34325.59387125
2018,8441,USA,-3.45,-157.65,3.1012499999999994,9223.117499999998,73345.08952642498
2018,8441,USA,-3.45,-157.55,6.885694444444444,20478.055277777778,162847.843766025
2018,8441,USA,3.95,-155.45,2.142638888888889,6212.902854166668,49406.92949621813
2018,8441,USA,-3.95,-156.95,9.037499999999998,26877.524999999994,213738.41083274994
2018,8441,USA,-3.95,-158.45,4.159027777777778,12368.948611111113,98361.71372962501
2018,8441,USA,-3.95,-157.05,1.3800000000000001,4104.12,32637.2345172
2018,8441,USA,-3.95,-156.85,2.167222222222222,6952.015444444444,55284.58193901
2018,8441,USA,-4.15,-152.04999999999998,3.923611111111111,11668.819444444445,92794.06955625
2018,8441,USA,-4.15,-156.95,4.856805555555557,14130.390083333337,112369.24236359252
2018,8441,USA,-4.15,-157.05,3.251527777777778,9459.994916666668,75228.81217575751
2018,8441,USA,-4.15,-152.15,2.794305555555555,8310.26472222222,66085.80125317498
2018,8441,USA,-4.65,-155.55,1.276388888888889,3795.980555555556,30186.81413175
2018,8441,USA,-5.65,-154.95,3.664722222222223,9841.978000000003,78266.46006918002
2018,8441,USA,-6.15,-154.95,6.192499999999998,16630.577999999994,132251.51173517996
2018,8441,USA,-0.05,-157.75,2.947916666666667,8767.104166666668,69718.73013562501
2018,8441,USA,0.55,-156.55,1.2104166666666667,3599.7791666666667,28626.559864875
2018,8441,USA,0.55,-156.05,3.3569444444444447,9983.552777777779,79392.30659025001
2018,8441,USA,1.35,-155.25,7.190416666666667,21384.299166666668,170054.576106075
2018,8441,USA,1.35,-155.35,3.204305555555555,9519.190277777776,75699.552037875
2018,8441,USA,1.35,-155.15,1.6443055555555557,4890.164722222223,38888.105822175006
2018,8441,USA,1.35,-154.85,3.5575,561.438100158985,4464.7298182752975
2018,8441,USA,-1.35,-154.65,2.3431944444444444,6817.289916666667,54213.202777207494
2018,8441,USA,-1.35,-154.75,1.5855555555555558,4613.015333333335,36684.12796542001
2018,8441,USA,-1.85,-155.25,8.207500000000001,22042.062,175285.31006322
2018,8441,USA,-1.85,-155.35,1.3076388888888888,3511.7949999999996,27926.882496449995
2018,8441,USA,-10.15,-154.05,3.424444444444445,11337.90578777778,90162.54157520311
2018,8441,USA,-10.15,-153.95,7.736805555555554,25615.592225347216,203703.1302095509
2018,8441,USA,-10.15,-153.75,1.5406944444444444,4123.822749999999,32793.9168930525
2018,8441,USA,2.35,-161.55,4.683055555555556,12576.814,100014.72374034
2018,8441,USA,2.35,-161.45,3.854305555555555,10351.122999999998,82315.33894412998
2018,8441,USA,2.35,-161.75,1.323611111111111,3554.6899999999996,28267.996833899997
2018,8441,USA,2.35,-153.95,5.959305555555555,17722.97472222222,140938.589113275
2018,8441,USA,2.35,-156.35,3.165972222222222,9415.601388888888,74875.781080875
2018,8441,USA,2.35,-162.05,3.8066666666666675,10223.184000000001,81297.92835504
2018,8441,USA,3.35,-154.75,1.6329166666666668,4385.361,34873.75013391
2018,8441,USA,3.85,-157.35,6.727222222222222,18066.628,143671.42651068
2018,8441,USA,-4.45,-156.05,5.76263888888889,17138.08805555556,136287.38902507504
2018,8441,USA,-4.45,-152.54999999999998,1.1731944444444444,3150.7309999999998,25055.589638609996
2018,8441,USA,-4.95,-153.55,4.729583333333335,12659.202750000004,100669.90462085253
2018,8441,USA,-4.95,-153.45,3.454861111111111,9247.28125,73537.24715718749
2018,8441,USA,-6.95,-148.75,3.6258333333333326,11630.948166666665,92492.90541526499
2018,8441,USA,-6.95,-156.55,1.86625,5411.4718125,43033.70140926187
2018,8441,USA,-6.95,-156.75,4.836111111111112,12987.860000000002,103283.48895660002
2018,8441,USA,-7.45,-156.75,3.0774999999999992,10189.216273749997,81027.80646590484
2018,8441,USA,-7.45,-156.05,2.047916666666666,5481.453749999999,43590.21947066249
2018,8441,USA,0.45,-156.55,3.9258333333333337,11675.428333333335,92846.62548945002
2018,8441,USA,0.45,-156.45,1.8747222222222217,5575.423888888888,44337.499145849986
2018,8441,USA,0.45,-155.95,4.823194444444446,14344.180277777781,114069.36826477502
2018,8441,USA,-0.45,-154.95,21.896944444444443,72498.03498902777,576526.8486235954
2018,8441,USA,1.05,-155.95,8.205694444444445,24403.73527777778,194066.06808682502
2018,8441,USA,1.05,-155.85,6.586944444444446,19589.572777777783,155782.35549645004
2018,8441,USA,1.05,-155.75,2.5995833333333334,7731.160833333333,61480.587606525
2018,8441,USA,-1.05,-154.85,6.622638888888887,19267.90558333333,153224.35824939745
2018,8441,USA,-1.05,-154.75,9.417638888888888,27763.96093173611,220787.62415705438
2018,8441,USA,-1.05,-155.05,2.206527777777778,5925.851000000001,47124.204165810006
2018,8441,USA,-1.05,-155.15,5.548055555555558,14899.858000000006,118488.28977198004
2018,8441,USA,-1.05,-154.95,3.156388888888889,9183.197833333334,73027.635961995
2018,8441,USA,-1.05,-154.65,8.725972222222229,28890.59891826391,229746.99868369926
2018,8441,USA,-1.55,-154.65,1.2826388888888887,3731.709583333333,29675.711436637495
2018,8441,USA,-1.55,-154.45,1.2788888888888885,3720.7993333333325,29588.94974645999
2018,8441,USA,-1.55,-154.95,5.185416666666664,15086.451249999993,119972.13713988743
2018,8441,USA,-1.55,-155.85,1.075277777777778,2887.7660000000005,22964.410439460004
2018,8441,USA,-1.55,-154.85,4.454027777777778,12958.548416666668,103050.39415934251
2018,8441,USA,-1.55,-154.75,4.503055555555555,13101.189833333332,104184.72292351499
2018,8441,USA,-2.3500000000000005,-154.75,2.8386111111111103,8736.019499236108,69471.53522397029
2018,8441,USA,-2.3500000000000005,-154.65,4.864305555555554,16105.105224097219,128072.78932464054
2018,8441,USA,-2.3500000000000005,-156.35,3.7466666666666653,12367.933999999996,98353.64522753996
2018,8441,USA,-2.3500000000000005,-155.05,5.040972222222221,16690.026385763886,132724.263727774
2018,8441,USA,-2.8500000000000005,-153.55,1.2912499999999998,3467.7809999999995,27576.869524109996
2018,8441,USA,-3.3500000000000005,-157.55,1.2130555555555556,3607.6272222222224,28688.97003555
2018,8441,USA,-3.3500000000000005,-157.65,5.754444444444445,17113.71777777778,136093.58902140002
