eez_code,eez_territory_iso3,flag,eez_name,eez_lon,eez_lat,eez,eez_lon_edit,eez_lat_edit,flag_lon,flag_lat,flag_lon_edit,flag_lat_edit,geometry
5690,RUS,USA,Russian Exclusive economic Zone,93.61507074751181,71.34167471024053,NA,NA,NA,-112.46167369956703,45.679547202551,NA,NA,"list(c(-112.461673699567, -112.669102140673, -112.883366581667, -113.104913345077, -113.334226047455, -113.571829614715, -113.818294819691, -114.074243422089, -114.340354005261, -114.61736862121, -114.906100375847, -115.207442111283, -115.522376372096, -115.851986879118, -116.197471779064, -116.56015899316, -116.941524055382, -117.343210914253, -117.767056275309, -118.215118189693, -118.689709754489, -119.193438990842, -119.729256217687, -120.300510555879, -120.911017597501, -121.565140780554, -122.267889648101, 
-123.025038977356, -123.843273778579, -124.73036643038, -125.695393780264, -126.74900392492, -127.903744577053, -129.174467303496, -130.57882413839, -132.137874340791, -133.876817703735, -135.825863492211, -138.021224395796, -140.506181061177, -143.332074237395, -146.558915049731, -150.25501311661, -154.494563963761, -159.351535928781, -164.887711432165, -171.133148708411, -178.060084186923, -180, 45.679547202551, 46.5592606271304, 47.4385867733498, 48.3175001679954, 49.1959731866027, 50.0739758187856, 
50.9514754025352, 51.8284363226263, 52.7048196673836, 53.5805828369946, 54.455679095265, 55.3300570551412, 56.2036600864049, 57.076425631595, 57.9482844133166, 58.8191595125155, 59.6889652928519, 60.5576061407574, 61.4249749838031, 62.2909515412394, 63.1554002494706, 64.0181677910933, 64.8790801380467, 65.7379389961602, 66.5945175082886, 67.4485550340895, 68.2997507733279, 69.1477559323407, 69.9921640444758, 70.8324989375155, 71.6681996842664, 72.4986016632481, 73.3229125770421, 74.1401819037215, 
74.9492617642977, 75.748756546147, 76.5369578040252, 77.3117599671606, 78.0705512859867, 78.8100735013896, 79.5262435360068, 80.2139324741469, 80.8667039950587, 81.4765312553581, 82.0335455196594, 82.5259290853694, 82.9401456972209, 83.2617641700393, 83.3174737035439), c(180, 174.44244035303, 166.578383173365, 158.623596754606, 150.873258274989, 143.579865256644, 136.911533546818, 130.944233328085, 125.679775902021, 121.072860600119, 117.055048222034, 113.551229951258, 110.489034685575, 107.803256528013, 
105.437305953562, 103.343100495792, 101.480252921413, 99.8150253078779, 98.3192813125464, 96.9695378157487, 95.7461492745077, 94.6326256235309, 93.6150707475118, 83.3174737035439, 83.4770729259792, 83.5753745919958, 83.551316010706, 83.4062364280001, 83.1478186943016, 82.7882364029102, 82.3417266608845, 81.8225167493086, 81.2435296595827, 80.6158237406938, 79.9485226584509, 79.2489972439463, 78.5231388141699, 77.7756378182839, 77.0102305684212, 76.2299032627785, 75.4370546845922, 74.6336234737324, 
73.821186756357, 73.001036322825, 72.1742374897303, 71.3416747102405))"
5690,RUS,CHN,Russian Exclusive economic Zone,93.61507074751181,71.34167471024053,NA,NA,NA,103.81907314582409,36.56176537925268,NA,NA,"c(103.819073145824, 103.71011497944, 103.59857779986, 103.484315313782, 103.367171441442, 103.246979438248, 103.123560922323, 102.996724795933, 102.866266046988, 102.731964414743, 102.593582901361, 102.450866108164, 102.303538372009, 102.151301673223, 101.993833281822, 101.83078310308, 101.661770676825, 101.486381776756, 101.304164546441, 101.114625096953, 100.91722247701, 100.711362909303, 100.496393165757, 100.271592928775, 100.036165953955, 99.7892298106314, 99.5298039280721, 99.2567956145213, 
98.9689836401566, 98.66499887902, 98.3433013831327, 98.0021531065111, 97.6395852971792, 97.2533593173978, 96.8409193170598, 96.399334746421, 95.9252301161536, 95.4146986455277, 94.8631954143453, 94.2654042545457, 93.6150707475118, 36.5617653792527, 37.4371030215936, 38.3123382841656, 39.1874653465051, 40.0624779973716, 40.9373695995311, 41.8121330507489, 42.6867607405021, 43.5612445018531, 44.4355755578379, 45.3097444616245, 46.1837410295798, 47.0575542662418, 47.9311722800348, 48.8045821883658, 
49.6777700105089, 50.5507205464114, 51.4234172392128, 52.2958420188781, 53.1679751238511, 54.0397948970509, 54.9112775518181, 55.7823969025326, 56.6531240535539, 57.5234270387962, 58.3932704025988, 59.2626147104883, 60.1314159758437, 60.9996249852111, 61.8671865008822, 62.7340383140692, 63.6001101152373, 64.4653221393967, 65.3295835327599, 66.1927903722274, 67.0548232494282, 67.9155443047564, 68.7747935615453, 69.6323843627101, 70.4880976468088, 71.3416747102405)"
5690,RUS,ALB,Russian Exclusive economic Zone,93.61507074751181,71.34167471024053,NA,NA,NA,20.049833961088815,41.14244989474517,NA,NA,"c(20.0498339610888, 20.5577961959142, 21.0787171534041, 21.6132705232125, 22.1621697112291, 22.7261705968038, 23.3060744759519, 23.90273119849, 24.5170425058679, 25.1499655747308, 25.802516768812, 26.4757755984497, 27.1708888825923, 27.8890751023506, 28.6316289276129, 29.3999258885654, 30.1954271516541, 31.0196843440085, 31.8743443509195, 32.7611539868388, 33.6819644106048, 34.6387351191884, 35.6335373100563, 36.6685563490923, 37.7460930177576, 38.8685631387662, 40.0384950933283, 41.2585246448454, 
42.5313863746877, 43.8599009177001, 45.2469570628728, 46.6954876657293, 48.2084382150265, 49.7887268240905, 51.4391943995685, 53.1625438076192, 54.9612670467997, 56.8375597912294, 58.7932232327099, 60.8295539683671, 62.9472237794254, 65.1461525276546, 67.4253790148447, 69.7829364007766, 72.2157404738052, 74.7195004540112, 77.2886627590697, 79.9163979365468, 82.5946394748028, 85.3141803014857, 88.0648285459534, 90.8356189449452, 93.6150707475118, 41.1424498947452, 41.9465211029996, 42.7482962476973, 
43.5476488420783, 44.3444441541618, 45.1385385406343, 45.9297787208094, 46.718000984936, 47.5030303306178, 48.2846795205687, 49.0627480543651, 49.8370210462797, 50.6072680007062, 51.3732414761219, 52.1346756280168, 52.8912846207733, 53.6427608981532, 54.3887733018992, 55.1289650280664, 55.8629514111543, 56.590317527052, 57.3106156073887, 58.0233622603033, 58.7280354961633, 59.4240715616734, 60.1108615924857, 60.787748103294, 61.4540213459513, 62.1089155809573, 62.7516053263088, 63.3812016707827, 
63.9967487667575, 64.5972206510324, 65.1815185808342, 65.7484691158356, 66.2968232243412, 66.8252567404894, 67.3323725456499, 67.8167048856375, 68.2767262584158, 68.710857305115, 69.1174800993442, 69.4949551442606, 69.8416422432019, 70.1559252012457, 70.4362400422713, 70.681106099892, 70.8891589850363, 71.0591840857256, 71.1901489646093, 71.2812328405129, 71.3318513195832, 71.3416747102405)"
5690,RUS,DEU,Russian Exclusive economic Zone,93.61507074751181,71.34167471024053,NA,NA,NA,10.385780507966935,51.10698180746321,NA,NA,"c(10.3857805079669, 11.0831363446003, 11.804540856057, 12.551376576523, 13.3251154293652, 14.127324252266, 14.9596704068855, 15.8239273883504, 16.7219803211025, 17.6558311918456, 18.6276036261543, 19.6395469612602, 20.6940393020141, 21.7935891684658, 22.9408352504717, 24.1385436762216, 25.3896020773166, 26.6970095940965, 28.0638618143923, 29.4933294828946, 30.9886296672244, 32.5529879366779, 34.1895900239068, 35.9015214308154, 37.6916935499385, 39.5627551535404, 41.5169886142718, 43.5561910250124, 
45.6815415348671, 47.8934577422755, 50.1914458680631, 52.5739515828413, 55.0382206006246, 57.5801801799944, 60.1943540989871, 62.8738240318783, 65.6102491174217, 68.393952569527, 71.214079412627, 74.0588231666345, 76.9157122991558, 79.7719405530664, 82.6147199978465, 85.4316328257604, 88.2109580719114, 90.9419525490807, 93.6150707475118, 51.1069818074632, 51.8713833887943, 52.6315203404104, 53.3871212975939, 54.1378938805208, 54.8835228197431, 55.623667910754, 56.3579617852033, 57.0860074867371, 
57.8073758403994, 58.5216026062472, 59.2281854105385, 59.9265804518773, 60.6161989854023, 61.2964035959759, 61.9665042818902, 62.6257543845259, 63.2733464173675, 63.9084078705916, 64.5299970958496, 65.1370994105658, 65.7286236025013, 66.3033990635224, 66.8601738357616, 67.397613911879, 67.914304190616, 68.4087515439471, 68.8793904951004, 69.3245920270332, 69.7426760255378, 70.1319277951459, 70.4906189544788, 70.8170328085847, 71.1094940038827, 71.3664019029433, 71.586266693713, 71.7677468115854, 
71.9096858606231, 72.0111469405092, 72.071442185186, 72.0901554471536, 72.0671564348438, 72.0026052033587, 71.8969466421981, 71.750895396947, 71.5654123940027, 71.3416747102405)"
5690,RUS,DNK,Russian Exclusive economic Zone,93.61507074751181,71.34167471024053,NA,NA,NA,10.028009919085974,55.98125295929084,NA,NA,"c(10.028009919086, 10.8948392671013, 11.796594985502, 12.7354154570511, 13.7135757034358, 14.7334927931695, 15.7977302341665, 16.9090009101737, 18.0701680079088, 19.2842432488477, 20.5543815851247, 21.8838713434708, 23.2761186074873, 24.7346244235748, 26.2629532117621, 27.8646905793553, 29.5433886026416, 31.3024966021586, 33.1452755468891, 35.0746945533851, 37.0933085804122, 39.2031174457275, 41.4054077862548, 43.7005815896222, 46.0879774209111, 48.5656933258683, 51.1304233417704, 53.7773221591436, 
56.4999141751038, 59.2900633097613, 62.1380179269811, 65.0325406601215, 67.9611259803268, 70.9102996156589, 73.8659846475417, 76.8139108519653, 79.7400381941588, 82.6309634847276, 85.4742814638861, 88.258877522191, 90.975137680799, 93.6150707475118, 55.9812529592908, 56.7268598779351, 57.4662086234859, 58.1988575429167, 58.9243276835115, 59.6420993859119, 60.3516086074849, 61.0522429754851, 61.7433375780134, 62.4241705125062, 63.0939582272465, 63.7518507121235, 64.3969266216088, 65.0281884467521, 
65.6445578949255, 66.2448716868243, 66.8278780401042, 67.3922341773385, 67.9365052706367, 68.4591653121577, 68.9586004719823, 69.433115562067, 69.8809442531036, 70.3002636721503, 70.6892139223918, 71.0459228917781, 71.368536438324, 71.6552536505516, 71.9043663931974, 72.1143017956101, 72.2836657842903, 72.4112852858092, 72.4962464272558, 72.5379260255502, 72.536013939512, 72.4905244616189, 72.4017957891056, 72.2704776194484, 72.0975079139026, 71.8840807166985, 71.6316074939777, 71.3416747102405)"
5690,RUS,ESP,Russian Exclusive economic Zone,93.61507074751181,71.34167471024053,NA,NA,NA,-3.647550473229147,40.24448698114845,NA,NA,"c(-3.64755047322916, -3.18572743183762, -2.71223648535189, -2.22645808804171, -1.72773493682789, -1.21536916253314, -0.688619301207382, -0.146697029664068, 0.411236351027071, 0.986073700487168, 1.57876610859535, 2.19032726515937, 2.82183814382552, 3.47445201215575, 4.1493997764652, 4.84799566520988, 5.57164324802105, 6.32184177836604, 7.10019283561718, 7.90840722621476, 8.74831208262137, 9.62185807167083, 10.5311265892639, 11.4783367744308, 12.4658521205709, 13.4961863929088, 14.5720084763817, 15.6961456746538, 
16.8715848561968, 18.1014706952146, 19.389100082413, 20.7379115836876, 22.1514686070768, 23.6334347075194, 25.1875392292618, 26.8175312803355, 28.5271198873891, 30.3198981420684, 32.1992492887173, 34.168233101167, 36.2294516510393, 38.3848947824518, 40.6357673646808, 42.9823027376729, 45.4235696536594, 47.9572832795091, 50.5796341147932, 53.2851514655578, 56.0666196984817, 58.9150651280329, 61.8198284189109, 64.768731520438, 67.7483396562964, 70.7443087228612, 73.7417981641986, 76.7259208664699, 
79.6821965695653, 82.5969748064024, 85.457797556638, 88.2536797437573, 90.9752957859822, 93.6150707475118, 40.2444869811484, 41.0657162692, 41.8850552599942, 42.702398854488, 43.5176350267776, 44.3306442486578, 45.1412988598987, 45.9494623785943, 46.7549887453373, 47.5577214943105, 48.3574928436654, 49.1541226967737, 49.9474175450909, 50.7371692624681, 51.5231537797868, 52.305129627798, 53.0828363350195, 53.8559926665336, 54.6242946885545, 55.3874136427677, 56.1449936137541, 56.8966489724204, 57.6419615783871, 
58.3804777249518, 59.1117048117819, 59.835107733229, 60.550104974511, 61.2560644144992, 61.9522988431254, 62.638061214274, 63.312539672388, 63.9748524139741, 64.6240424749296, 65.2590725723809, 65.8788201766714, 66.4820730461256, 67.0675255245185, 67.633775977954, 68.1793258316232, 68.702580752702, 69.201854605234, 69.6753768639101, 70.1213041993676, 70.5377369169038, 70.9227408195354, 71.2743748519171, 71.5907245466457, 71.8699408352125, 72.1102832203985, 72.3101656817517, 72.4682030780342, 72.5832553216504, 
72.6544663396097, 72.6812948960896, 72.663534780594, 72.6013226434787, 72.4951327946583, 72.3457594207311, 72.1542877448614, 71.9220564934428, 71.6506145374846, 71.3416747102405)"
5690,RUS,FRA,Russian Exclusive economic Zone,93.61507074751181,71.34167471024053,NA,NA,NA,-2.7617294451886103,42.17344011072409,NA,NA,"c(-2.76172944518862, -2.27444830881916, -1.77412246992628, -1.26004985052253, -0.731484520159086, -0.187633421731022, 0.372347153969599, 0.949355360950619, 1.54434787364548, 2.15834426032183, 2.79243166762572, 3.44776982721621, 4.12559639187984, 4.82723260343246, 5.55408928768537, 6.30767316223034, 7.08959343011574, 7.90156861581443, 8.74543357821636, 9.62314660749243, 10.5367964771097, 11.4886092773095, 12.4809547999907, 13.5163521749263, 14.597474371112, 15.7271510722708, 16.9083693096769, 18.1442710865789, 
19.4381470556494, 20.7934251149818, 22.2136525730797, 23.7024703075228, 25.2635771206447, 26.9006823028705, 28.6174442865023, 30.417393260544, 32.3038357879053, 34.2797399035541, 36.3475999714152, 38.5092818360359, 40.765850601412, 43.1173857352948, 45.5627910766573, 48.099610528396, 50.7238633880526, 53.4299158648854, 56.2104066642101, 59.0562438611634, 61.9566870451261, 64.8995226635996, 67.871331967023, 70.8578409521206, 73.8443317859563, 76.8160871877824, 79.7588347694413, 82.6591583407891, 85.5048476731116, 
88.2851662254507, 90.9910262565968, 93.6150707475118, 42.1734401107241, 42.9863962205633, 43.7972300095842, 44.6058212223779, 45.4120414148503, 46.2157532603548, 47.0168097893395, 47.8150535555918, 48.6103157214453, 49.4024150535356, 50.1911568198576, 50.9763315779775, 51.757713843317, 52.5350606254442, 53.3081098193124, 54.0765784374083, 54.8401606678412, 55.5985257425969, 56.3513155995651, 57.0981423216413, 57.8385853363606, 58.5721883603193, 59.2984560743602, 60.0168505184492, 60.7267871997887, 
61.4276309145164, 62.1186912929894, 62.799218091927, 63.4683962745328, 64.1253409431935, 64.7690922196235, 65.3986102056001, 66.0127702047754, 66.6103584432364, 67.1900685935992, 67.750499483453, 68.2901544511456, 68.8074428949813, 69.3006846373286, 69.7681177803422, 70.2079107480521, 70.6181791695612, 70.9970081368545, 71.3424801463337, 71.6527086904495, 71.9258770036059, 72.1602809057007, 72.3543740761234, 72.5068135088115, 72.6165024451476, 72.6826278613325, 72.7046896860294, 72.6825193817265, 
72.6162863125374, 72.5064913453011, 72.3539482398043, 72.1597544076864, 71.9252534081327, 71.6519920052396, 71.3416747102405)"
5690,RUS,FIN,Russian Exclusive economic Zone,93.61507074751181,71.34167471024053,NA,NA,NA,26.274665604161918,64.49884603487041,NA,NA,"c(26.2746656041619, 27.7561946995869, 29.3074939596968, 30.9319605942275, 32.6329212316771, 34.4135590397466, 36.2768251278176, 38.225333169984, 40.2612369378579, 42.3860915614956, 44.6007008962459, 46.9049553722922, 49.2976670786438, 51.7764114162112, 54.337387147942, 56.9753086471633, 59.6833450675697, 62.4531204816517, 65.2747863260515, 68.137172596605, 71.0280174188753, 73.9342666363638, 76.8424270840551, 79.7389506282379, 82.6106221091627, 85.4449238142947, 88.2303521410831, 90.9566680642702, 
93.6150707475118, 64.4988460348704, 65.1178875702054, 65.7216146672735, 66.3088525097512, 66.878340817743, 67.4287323100999, 67.9585927502308, 68.4664030567994, 68.9505640181673, 69.4094041870094, 69.8411915351186, 70.2441494012343, 70.6164771487687, 70.9563757493196, 71.2620782116629, 71.5318843859566, 71.7641992079386, 71.9575729481901, 72.1107415591058, 72.2226648450894, 72.2925600010899, 72.3199281372983, 72.3045717653968, 72.2466018465218, 72.1464338224688, 72.004772956882, 71.8225901708423, 
71.601090246623, 71.3416747102405)"
5690,RUS,FRO,Russian Exclusive economic Zone,93.61507074751181,71.34167471024053,NA,NA,NA,-6.880954234256304,62.053854032146006,NA,NA,"c(-6.88095423425631, -5.8534828932637, -4.77362296638898, -3.63754639108123, -2.44113809603127, -1.17998593703504, 0.150624828513315, 1.55571049122707, 3.0405786481619, 4.61080547374789, 6.27219643479242, 8.03072555366185, 9.89244751366414, 11.8633762349903, 13.9493232291512, 16.1556893568193, 18.4872049589281, 20.9476161748154, 23.5393200918188, 26.2629585594298, 29.1169900854828, 32.0972706264606, 35.1966857880535, 38.4048863989089, 41.7081831767198, 45.0896507097907, 48.529473830033, 52.005540933224, 
55.4942529022229, 58.9714804678107, 62.41357610124, 65.7983363195138, 69.1058195798171, 72.3189510273898, 75.4238809512682, 78.4100998925085, 81.2703423489341, 84.0003287501352, 86.5984013953544, 89.065106658938, 91.4027665121378, 93.6150707475118, 62.053854032146, 62.7901361449059, 63.5185426922195, 64.2384023010897, 64.9489748865843, 65.6494442136355, 66.3389098179828, 67.0163783199153, 67.6807542100477, 68.3308302502065, 68.9652777194343, 69.5826368502375, 70.1813079482121, 70.7595438721357, 71.3154447709237, 
71.8469562212733, 72.3518721675583, 72.8278443005113, 73.2723996707585, 73.6829683430738, 74.0569226648579, 74.3916291504164, 74.6845129948629, 74.9331338121676, 75.1352694308957, 75.2890027078743, 75.3928047005558, 75.445606614556, 75.4468531069963, 75.3965309711455, 75.2951698268496, 75.143814734152, 74.9439739577529, 74.69754775541, 74.4067455696913, 74.0739992262463, 73.701878861991, 73.2930167103586, 72.8500420003538, 72.3755284532952, 71.8719544222452, 71.3416747102405)"
5690,RUS,GBR,Russian Exclusive economic Zone,93.61507074751181,71.34167471024053,NA,NA,NA,-2.865631640838156,54.123871557729395,NA,NA,"c(-2.86563164083816, -2.12826867034283, -1.36196215528321, -0.564874829154917, 0.264964150343019, 1.12966860140068, 2.03150493806416, 2.9729018487302, 3.95645980788842, 4.98496011408196, 6.06137304356761, 7.18886457952902, 8.37080101624255, 9.61075054168001, 10.9124806667019, 12.2799500919906, 13.7172932862117, 15.2287956971704, 16.8188571473583, 18.4919406047695, 20.2525032160611, 22.1049063131333, 24.0533011568042, 26.1014875959726, 28.2527437612125, 30.5096265589066, 32.8737452545195, 35.3455139371676, 
37.9238931108233, 40.6061358006913, 43.387558822048, 46.2613643003863, 49.2185389179446, 52.2478573482015, 55.3360108358149, 58.4678715091913, 61.626888530541, 64.7955956349023, 67.9561940364736, 71.0911634160615, 74.1838493668695, 77.218979316409, 80.183069677761, 83.0647023044568, 85.854664923527, 88.5459649892337, 91.1337371862301, 93.6150707475118, 54.1238715577294, 54.9012365469635, 55.673961964873, 56.4417225248098, 57.2041648164376, 57.9609045011252, 58.7115232188509, 59.4555651823661, 60.1925334349459, 
60.9218857498673, 61.643030153304, 62.3553200582736, 63.0580490064468, 63.7504450280993, 64.4316646495488, 65.1007866036614, 65.7568053342382, 66.3986244313499, 67.0250501940347, 67.6347855911001, 68.226424981306, 68.7984500608616, 69.3492276265869, 69.8770098713355, 70.3799380533363, 70.8560504853284, 71.3032958472145, 71.7195528040697, 72.1026567704829, 72.4504343627625, 72.7607455919802, 73.0315331652879, 73.2608774106353, 73.4470544018597, 73.5885939717236, 73.684333634355, 73.7334641763006, 
73.7355629542463, 73.6906118003876, 73.5989978000612, 73.4614968652019, 73.2792416993695, 73.0536771499408, 72.7865068559286, 72.4796354307663, 72.1351102008436, 71.7550658833781, 71.3416747102405)"
5690,RUS,ISL,Russian Exclusive economic Zone,93.61507074751181,71.34167471024053,NA,NA,NA,-18.573961670805186,64.99575386067318,NA,NA,"c(-18.5739616708052, -17.4957738737191, -16.3526468274248, -15.1389370191985, -13.8484658251242, -12.4744838429667, -11.0096415184228, -9.44597073101116, -7.77488381786694, -5.98719881644897, -4.07320252347253, -2.02276622752146, 0.174467567288445, 2.52880598706673, 5.05011096308311, 7.74726660252537, 10.6274929047493, 13.695504229031, 16.9525358486804, 20.3952987750307, 24.014969458401, 27.7963686215579, 31.7175167772799, 35.7497523770865, 39.8585440537838, 44.0050173102131, 48.1480685648513, 52.2467991832548, 
56.2629195759095, 60.1627813347758, 63.9187905049437, 67.5101001436521, 70.9226242539426, 74.1485176225532, 77.1853110473594, 80.0348858383794, 82.7024344624667, 85.1955058721088, 87.5231888287042, 89.695451616648, 91.7226335264946, 93.6150707475118, 64.9957538606732, 65.7541793425022, 66.5045493595424, 67.2460645140374, 67.9778279281823, 68.6988322131301, 69.4079448756901, 70.1038921307616, 70.785241180345, 71.4503811665156, 72.097503226287, 72.7245803947972, 73.3293485450752, 73.9092901389621, 
74.4616233007507, 74.9832995859478, 75.4710147159905, 75.9212373078719, 76.3302609479082, 76.6942844226782, 77.009523047806, 77.2723504447893, 77.4794647882654, 77.6280671261034, 77.7160333316949, 77.7420576558561, 77.7057466633172, 77.6076483951624, 77.4492118557381, 77.232683608588, 76.9609579829697, 76.6374026008058, 76.2656809231874, 75.8495893684607, 75.3929203155533, 74.8993559872955, 74.3723931443477, 73.8152952286285, 73.2310669752533, 72.622446150097, 71.9919074886529, 71.3416747102405)"
5690,RUS,NOR,Russian Exclusive economic Zone,93.61507074751181,71.34167471024053,NA,NA,NA,15.348346562226249,68.75015572054916,NA,NA,"c(15.3483465622263, 17.2238427388591, 19.2021440121184, 21.2878595277771, 23.4850814233336, 25.7971513874229, 28.2263897983324, 30.7737931340736, 33.4387112339424, 36.2185231230783, 39.1083377727256, 42.1007530654202, 45.1857105222531, 48.3504829061285, 51.5798248016496, 54.8563019109848, 58.1607941181246, 61.4731435010842, 64.7728962233194, 68.0400718296202, 71.2558888371257, 74.403382874551, 77.4678710442255, 80.4372392842868, 83.3020530237937, 86.0555108436831, 88.6932735256771, 91.2132062358874, 
93.6150707475118, 68.7501557205492, 69.3373504154792, 69.9031559711532, 70.4457126801733, 70.9630298550744, 71.4529927605787, 71.9133756910669, 72.3418625243501, 72.7360759628588, 73.0936163449896, 73.4121103192085, 73.6892687963887, 73.922952459843, 74.1112418220632, 74.252507562492, 74.3454759203123, 74.3892835253423, 74.383516440233, 74.328229421962, 74.2239433535746, 74.0716211223673, 73.8726244937226, 73.628656331142, 73.341693555996, 73.0139164367995, 72.6476392519305, 72.2452463158833, 71.8091360750053, 
71.3416747102405)"
5690,RUS,POL,Russian Exclusive economic Zone,93.61507074751181,71.34167471024053,NA,NA,NA,19.390128349323042,52.12759564417362,NA,NA,"c(19.390128349323, 20.1546140911831, 20.9465174056622, 21.7674296942928, 22.6190428252357, 23.503154423256, 24.4216729608208, 25.3766224837744, 26.3701467581498, 27.404512567743, 28.482111823663, 29.605462065806, 30.7772048409924, 32.0001013328194, 33.2770244945586, 34.6109468006708, 36.0049225890583, 37.4620638227241, 38.9855079683349, 40.5783765885754, 42.2437232008388, 43.98446900106, 45.8033252317564, 47.7027013390563, 49.6845986707536, 51.7504903698923, 53.9011893556449, 56.1367078638311, 58.4561138994212, 
60.8573920133816, 63.3373178427023, 65.8913575324594, 68.513604099124, 71.196762574531, 73.9321940310068, 76.7100251467648, 79.5193249305458, 82.3483440450656, 85.1848056496996, 88.0162308417724, 90.8302776348808, 93.6150707475118, 52.1275956441736, 52.8936427776504, 53.6546058769634, 54.4101525871803, 55.1599243765517, 55.9035342211994, 56.6405640926181, 57.370562238362, 58.093040248529, 58.8074699040215, 59.5132798073944, 60.2098518037989, 60.8965172085816, 61.5725528700751, 62.2371771116549, 62.8895456169548, 
63.5287473469478, 64.1538006081048, 64.7636494275643, 65.3571604344061, 65.9331204954028, 66.4902354078495, 67.0271300088577, 67.5423501157955, 68.0343667602086, 68.5015832089907, 68.9423452706968, 69.3549553484824, 69.737690610014, 70.0888254857155, 70.406658471079, 70.6895428959864, 70.9359209462507, 71.1443598081823, 71.3135884012607, 71.4425328262058, 71.5303484508363, 71.5764465419542, 71.5805135639616, 71.5425217049932, 71.4627298189985, 71.3416747102405)"
5690,RUS,PRT,Russian Exclusive economic Zone,93.61507074751181,71.34167471024053,NA,NA,NA,-8.501043612683077,39.59550671449789,NA,NA,"c(-8.50104361268308, -8.0591763818916, -7.60627450064163, -7.14174781576912, -6.66496991626053, -6.17527537607987, -5.67195677142507, -5.15426145422043, -4.62138806268703, -4.07248274899732, -3.50663510338427, -2.92287375374531, -2.32016161987613, -1.69739080216823, -1.05337708611444, -0.386854046578293, 0.303533260153159, 1.01923502253112, 1.76180381564564, 2.53290214468507, 3.33431035992766, 4.16793489210264, 5.03581672912895, 5.94014001898921, 6.88324063674739, 7.86761449399299, 8.89592529340214, 
9.971011336358, 11.0958908740688, 12.2737653486172, 13.5080196963376, 14.802218679082, 16.1600979682272, 17.5855484336421, 19.0825917922451, 20.6553454628267, 22.3079741812107, 24.0446256935415, 25.869347726164, 27.7859835125326, 29.7980435505877, 31.9085521004012, 34.1198683553642, 36.4334843623214, 38.8498047062631, 41.3679166835193, 43.9853639552932, 46.6979410479011, 49.4995298162007, 52.3820011398652, 55.3352046083206, 58.3470648658802, 61.40379524441, 64.49022775949, 67.5902449414511, 70.6872856216663, 
73.7648863589902, 76.8072149577258, 79.7995537008693, 82.7286972278752, 85.5832417657689, 88.3537561660709, 91.0328382967616, 93.6150707475118, 39.5955067144979, 40.4258076997139, 41.2543844876873, 42.0811409746571, 42.9059747233625, 43.7287764327778, 44.5494293571288, 45.3678086687758, 46.1837807589414, 46.9972024695897, 47.8079202490162, 48.6157692228896, 49.4205721715851, 50.2221384036662, 51.0202625143078, 51.8147230163044, 52.6052808300923, 53.3916776179349, 54.1736339461113, 54.9508472576344, 
55.7229896367741, 56.4897053455344, 57.2506081113525, 58.0052781447934, 58.7532588661108, 59.4940533205005, 60.2271202640467, 60.9518699062174, 61.6676593008969, 62.3737873871123, 63.0694896937604, 63.7539327409063, 64.4262081949842, 65.0853268680147, 65.7302126934679, 66.3596968653123, 66.9725123935585, 67.5672894100546, 68.1425516520479, 68.6967146557427, 69.2280863023414, 69.7348704652267, 70.2151745938951, 70.6670221165686, 71.0883705213461, 71.4771358530872, 71.8312241074672, 72.1485695896514, 
72.4271797255138, 72.6651850909735, 72.8608926227093, 73.012839197466, 73.1198421577432, 73.1810430686835, 73.1959411362451, 73.1644133530939, 73.0867195206737, 72.9634916763911, 72.7957089132434, 72.5846598752181, 72.33189614599, 72.0391802085045, 71.7084316307464, 71.3416747102405)"
5690,RUS,SWE,Russian Exclusive economic Zone,93.61507074751181,71.34167471024053,NA,NA,NA,16.745580486944114,62.7796651931058,NA,NA,"c(16.7455804869441, 18.0082582047371, 19.3302059986319, 20.7148471375378, 22.1657048581292, 23.6863716029299, 25.280467713458, 26.9515876129908, 28.703231456988, 30.5387203181498, 32.4610932791597, 34.472985414005, 36.5764866388375, 38.7729828877228, 41.062983067796, 43.4459377583797, 45.9200585215703, 48.4821497269227, 51.1274675329765, 53.8496225310348, 56.6405428706989, 59.4905128256055, 62.3882973290098, 65.3213560568067, 68.2761417861483, 71.238468222305, 74.1939238738594, 77.1283025105059, 
80.0280184987805, 82.8804773540802, 85.6743777384838, 88.3999296618808, 91.0489831740197, 93.6150707475118, 62.7796651931058, 63.4422562856316, 64.09319455771, 64.7315753822348, 65.3564189035065, 65.9666653781031, 66.5611709020645, 67.1387037867696, 67.6979419137777, 68.2374714736236, 68.755787571203, 69.251297254368, 69.7223255826497, 70.1671253857018, 70.5838913483452, 70.9707789803643, 71.3259288634125, 71.6474962972906, 71.9336860859834, 72.1827917195539, 72.3932376540539, 72.5636228275357, 72.6927630596262, 
72.7797296615076, 72.8238815226538, 72.8248881997998, 72.7827421192889, 72.697758859162, 72.5705654868124, 72.4020779411393, 72.1934693134934, 71.946131481706, 71.6616328261553, 71.3416747102405)"
5690,RUS,UKR,Russian Exclusive economic Zone,93.61507074751181,71.34167471024053,NA,NA,NA,31.25291106459207,49.15867312041164,NA,NA,"c(31.2529110645921, 31.925895686297, 32.6207787172758, 33.3387826625217, 34.0812066326418, 34.8494310550138, 35.6449224921776, 36.4692385113072, 37.3240325290194, 38.2110585314405, 39.1321755394073, 40.0893516519035, 41.0846674561677, 42.1203185391586, 43.1986167710594, 44.3219899561843, 45.4929793593174, 46.7142345160257, 47.9885046247151, 49.3186256984947, 50.7075025308685, 52.1580844085354, 53.6733333989357, 55.256183966699, 56.9094926552648, 58.6359766382969, 60.4381401380083, 62.3181880680702, 
64.2779268339537, 66.3186530560939, 68.4410320998866, 70.6449697016069, 72.9294816253382, 75.2925680633258, 77.7311012132959, 80.2407358636127, 82.8158535608999, 85.4495506778508, 88.133679149853, 90.8589456633361, 93.6150707475118, 49.1586731204116, 49.9321774630986, 50.7016610408534, 51.4668764523108, 52.227557864454, 52.9834194191512, 53.7341534974846, 54.4794288312743, 55.2188884512996, 55.9521474621666, 56.6787906347137, 57.3983698084197, 58.1104010987132, 58.8143619076085, 59.5096877410337, 
60.1957688429317, 60.8719466651513, 61.5375102037994, 62.1916922476658, 62.8336656031577, 63.4625393834951, 64.0773554782529, 64.6770853530666, 65.2606273684924, 65.8268048511716, 66.374365198344, 66.9019803460347, 67.4082489781005, 67.8917008921493, 68.3508039615049, 68.7839741302059, 69.1895888392147, 69.5660041947155, 69.911576043005, 70.2246849043633, 70.5037644410392, 70.7473328034407, 70.954025838503, 71.1226307936509, 71.2521188586535, 71.3416747102405)"
5690,RUS,HND,Russian Exclusive economic Zone,93.61507074751181,71.34167471024053,NA,NA,NA,-86.61516609633497,14.826881651917772,NA,NA,"list(c(-86.615166096335, -86.6163621943292, -86.6175688414403, -86.6187867729698, -86.620016749128, -86.6212595570803, -86.6225160131291, -86.6237869650409, -86.6250732945368, -86.6263759199605, -86.627695799143, -86.6290339324846, -86.6303913662727, -86.631769196264, -86.6331685715571, -86.6345906987826, -86.63603684665, -86.6375083508838, -86.6390066195944, -86.6405331391296, -86.6420894804606, -86.6436773061627, -86.6452983780557, -86.646954565586, -86.6486478550296, -86.6503803596211, -86.6521543307155, 
-86.6539721701131, -86.6558364436906, -86.6577498965081, -86.6597154695783, -86.6617363185237, -86.6638158343701, -86.6659576667723, -86.668165750012, -86.6704443321623, -86.672798007881, -86.6752317553706, -86.6777509781388, -86.6803615523056, -86.6830698803346, -86.6858829522335, -86.6888084154663, -86.6918546550578, -86.6950308856709, -86.6983472577991, -86.7018149806656, -86.7054464649817, -86.7092554894088, -86.7132573954541, -86.7174693166293, -86.7219104491165, -86.7266023729865, -86.7315694353362, 
-86.7368392097416, -86.742443050366, -86.7484167642876, -86.7548014325561, -86.7616444198385, -86.7690006252009, -86.7769340440035, -86.7855197351009, -86.7948463215957, -86.8050192019762, -86.8161647187633, -86.8284356352005, -86.8420184252388, -86.8571431181685, -86.8740968071088, -86.893242517373, -86.9150460915201, -86.9401153676401, -86.969258749725, -87.0035753750581, -87.0445987294658, -87.0945347235711, -87.1566756373487, -87.2361627737562, -87.3414964887496, -87.4878147904852, -87.7049428781494, 
-88.0609043091392, -88.7518337063132, -90.6709591844792, -120.036267883316, -180, 14.8268816519178, 15.7205123379804, 16.6141430174732, 17.5077736899384, 18.4014043549024, 19.2950350118751, 20.1886656603481, 21.0822962997933, 21.9759269296617, 22.8695575493814, 23.7631881583558, 24.656818755962, 25.5504493415482, 26.4440799144322, 27.3377104738982, 28.2313410191948, 29.1249715495319, 30.0186020640776, 30.912232561955, 31.8058630422384, 32.6994935039495, 33.5931239460527, 34.486754367451, 35.3803847669801, 
36.2740151434028, 37.1676454954033, 38.0612758215793, 38.9549061204351, 39.8485363903728, 40.7421666296826, 41.6357968365332, 42.5294270089591, 43.4230571448485, 44.3166872419286, 45.2103172977491, 46.1039473096644, 46.9975772748131, 47.8912071900949, 48.7848370521444, 49.6784668573023, 50.5720966015812, 51.4657262806279, 52.3593558896797, 53.2529854235146, 54.1466148763938, 55.0402442419959, 55.93387351334, 56.8275026826969, 57.7211317414856, 58.6147606801518, 59.5083894880249, 60.40201815315, 61.2956466620874, 
62.1892749996743, 63.0829031487383, 63.9765310897527, 64.8701588004175, 65.7637862551483, 66.657413424447, 67.5510402741237, 68.444666764323, 69.3382928482997, 70.2319184708608, 71.1255435663656, 72.0191680561303, 72.9127918450159, 73.8064148168892, 74.7000368284909, 75.5936577010227, 76.4872772083964, 77.3808950604895, 78.2745108787444, 79.1681241596908, 80.0617342187878, 80.9553401009766, 81.8489404323997, 82.7425331625782, 83.6361150893873, 84.5296809184889, 85.4232212210543, 86.3167174192007, 
87.2101271372829, 88.1033281643079, 88.9957634954911, 89.8704959289138, 89.5908470206042), c(180, 98.5942142368688, 95.8366067759058, 94.9915186247753, 94.5816845875144, 94.3396357843964, 94.1797842000579, 94.0662916872404, 93.9815097363085, 93.9157389858696, 93.8632067414689, 93.8202625507495, 93.7844850397905, 93.7542047986971, 93.7282335053499, 93.7057022708099, 93.685961062267, 93.6685138757981, 93.6529756631038, 93.6390429467537, 93.6264733040852, 93.6150707475118, 89.5908470206042, 89.2112002188599, 
88.3192881484846, 87.4261831837722, 86.5328070256526, 85.6393263501059, 84.7457944766747, 83.8522337290786, 82.9586550999499, 82.0650646304523, 81.1714659159728, 80.2778612300722, 79.3842520808039, 78.490639507882, 77.5970242513929, 76.7034068524772, 75.8097877159713, 74.9161671507821, 74.0225453967139, 73.1289226427689, 72.2352990399248, 71.3416747102405))"
5690,RUS,BLZ,Russian Exclusive economic Zone,93.61507074751181,71.34167471024053,NA,NA,NA,-88.71010485642817,17.200275090154324,NA,NA,"list(c(-88.7101048564282, -88.722350077041, -88.7347211659833, -88.7472262271167, -88.7598736734554, -88.7726722517818, -88.7856310690138, -88.7987596205018, -88.8120678204501, -88.8255660346795, -88.8392651159721, -88.8531764422639, -88.8673119579836, -88.881684218868, -88.8963064406259, -88.9111925518632, -88.9263572517363, -88.9418160728541, -88.9575854500192, -88.973682795469, -88.9901265813687, -89.0069364304033, -89.0241332154332, -89.0417391693066, -89.0597780060789, -89.0782750550618, -89.0972574093353, 
-89.1167540905926, -89.1367962324711, -89.1574172848515, -89.1786532419933, -89.2005428978335, -89.2231281323142, -89.246454233245, -89.2705702589716, -89.2955294480306, -89.3213896830659, -89.3482140175957, -89.3760712758078, -89.4050367374909, -89.4351929225536, -89.4666304924588, -89.4994492894317, -89.5337595386634, -89.5696832441462, -89.6073558155419, -89.6469279719688, -89.6885679793113, -89.7324642912751, -89.7788286818248, -89.8278999790739, -89.8799485397977, -89.935281641791, -89.9942500214584, 
-90.0572558507494, -90.1247625371313, -90.1973068517749, -90.2755140576461, -90.3601169400944, -90.4519799666876, -90.5521302642649, -90.6617977670013, -90.7824678656986, -90.9159513452432, -91.0644786116647, -91.2308286469843, -91.418508586845, -91.632008702701, -91.8771724593779, -92.1617470728973, -92.4962261829838, -92.8951825972666, -93.3794583796911, -93.9799307046201, -94.7443502018901, -95.7506176760836, -97.1348204479889, -99.1572352190744, -102.382121132531, -108.27832996205, -121.883982421798, 
-164.173315403489, -180, 17.2002750901543, 18.0967053103888, 18.9931347499824, 19.8895633586739, 20.7859910842846, 21.6824178725654, 22.5788436670336, 23.4752684087973, 24.3716920363663, 25.2681144854496, 26.1645356887356, 27.0609555756551, 27.9573740721256, 28.8537911002726, 29.7502065781278, 30.6466204193013, 31.5430325326236, 32.4394428217551, 33.3358511847605, 34.2322575136413, 35.1286616938245, 36.0250636036003, 36.9214631135044, 37.817860085636, 38.7142543729066, 39.610645818208, 40.5070342534908, 
41.4034194987424, 42.2998013608488, 43.1961796323277, 44.092554089913, 44.9889244929709, 45.8852905817234, 46.7816520752513, 47.6780086692444, 48.5743600334591, 49.4707058088408, 50.3670456042546, 51.2633789927642, 52.1597055073817, 53.0560246361989, 53.9523358167946, 54.8486384297845, 55.7449317913615, 56.6412151446326, 57.5374876495221, 58.4337483709563, 59.3299962649763, 60.2262301623455, 61.122448749105, 62.0186505433947, 62.9148338676753, 63.8109968152496, 64.7071372096708, 65.6032525552102, 
66.4993399759991, 67.3953961407045, 68.2914171685639, 69.187398511165, 70.083334802341, 70.9792196656798, 71.8750454650003, 72.7708029770642, 73.6664809567147, 74.5620655508235, 75.4575394959878, 76.3528810008473, 77.2480621583677, 78.1430466403182, 79.0377862649174, 79.9322157390152, 80.8262443338638, 81.7197421877422, 82.6125167119925, 83.5042696451342, 84.3945133930866, 85.2823934870681, 86.1662673192747, 87.0425407279869, 87.9016700674594, 88.7089632881016, 89.2665647744123, 89.1934810988828), 
    c(180, 136.3274349883, 115.298916861543, 107.319422038473, 103.286246810414, 100.874262056095, 99.2741631613146, 98.1362296273961, 97.2857475048477, 96.6259931866231, 96.0991742337714, 95.6686659593849, 95.3101466280588, 95.0068378564046, 94.7467935955756, 94.5212788205151, 94.3237594116501, 94.1492505081486, 93.9938832987438, 93.8546093933035, 93.7289943881892, 93.6150707475118, 89.1934810988828, 88.9918121042558, 88.2386588644901, 87.3931692619738, 86.5220444943558, 85.6406254405139, 84.7540984970038, 
    83.8646774737467, 82.9734612920884, 82.0810560300971, 81.1878229409449, 80.2939905817497, 79.3997105534235, 78.5050873466956, 77.6101953085308, 76.7150887737636, 75.8198083701472, 74.924385082193, 74.028842950822, 73.1332009145594, 72.2374740945974, 71.3416747102405))"
5690,RUS,VCT,Russian Exclusive economic Zone,93.61507074751181,71.34167471024053,NA,NA,NA,-61.20129694969368,13.224722689966061,NA,NA,"c(-61.2012969496937, -61.0757305251511, -60.949186030426, -60.8215910593223, -60.6928710110294, -60.5629489059233, -60.4317451904308, -60.299177529873, -60.1651605881037, -60.0296057926496, -59.892421083935, -59.7535106470376, -59.6127746242653, -59.4701088066712, -59.325404302432, -59.1785471797914, -59.0294180820302, -58.877891811644, -58.7238368806007, -58.5671150231946, -58.4075806676214, -58.2450803619435, -58.0794521496084, -57.9105248891024, -57.7381175116647, -57.5620382102374, -57.3820835519709, 
-57.1980375056286, -57.0096703741159, -56.8167376210752, -56.6189785790157, -56.4161150247497, -56.2078496059478, -55.9938641003662, -55.7738174866741, -55.5473438027701, -55.3140497639332, -55.0735121090297, -54.8252746381713, -54.5688448995707, -54.3036904767056, -54.0292348190939, -53.7448525507678, -53.4498641796372, -53.1435301180063, -52.8250439091426, -52.4935245364823, -52.1480076701685, -51.7874356793971, -51.4106462075511, -51.0163590691816, -50.6031611821244, -50.169489192676, -49.7136093846376, 
-49.2335943815285, -48.7272960521373, -48.1923139088736, -47.6259581413502, -47.0252062485815, -46.3866520154898, -45.7064453155218, -44.98022090298, -44.2030139782262, -43.3691598600645, -42.4721745810856, -41.5046126428637, -40.4578975587743, -39.3221202418559, -38.0857999026212, -36.7356021693301, -35.2560101056098, -33.6289465105157, -31.8333517675434, -29.8447329251585, -27.6347204268908, -25.1707047130912, -22.4156837869205, -19.3285441090979, -15.8651272005744, -11.9805943584497, -7.63374219655961, 
-2.7939097784141, 2.54929691100992, 8.3743702569646, 14.6171969859112, 21.1661377808848, 27.8679881359494, 34.5465372730505, 41.0291790285732, 47.1722134480744, 52.8762960289688, 58.0891965012588, 62.7988407273754, 67.0219662954198, 70.7928006007502, 74.1540426037508, 77.1506781864266, 79.8262385868856, 82.2208315400961, 84.3703215170115, 86.3061894515882, 88.0557570722669, 89.6425808042903, 91.0869021956666, 92.4060938114586, 93.6150707475118, 13.2247226899661, 14.1090310048156, 14.9932737553168, 
15.8774460823477, 16.7615429784808, 17.645559275497, 18.5294896311532, 19.4133285151253, 20.2970701940488, 21.1807087155649, 22.0642378912762, 22.9476512785039, 23.830942160728, 24.7141035265813, 25.597128047252, 26.480008052137, 27.3627355025677, 28.2453019634142, 29.1276985723489, 30.0099160065269, 30.8919444464122, 31.7737735364481, 32.6553923422313, 33.5367893038105, 34.4179521846826, 35.2988680160062, 36.1795230354895, 37.0599026203426, 37.9399912136006, 38.819772243033, 39.6992280317485, 40.57833969948, 
41.4570870533924, 42.335448467092, 43.2134007463208, 44.0909189795994, 44.9679763718156, 45.844544058454, 46.7205908977984, 47.5960832380172, 48.4709846555417, 49.3452556605543, 50.2188533647007, 51.0917311053049, 51.9638380193641, 52.8351185594015, 53.7055119418208, 54.57495151666, 55.4433640455498, 56.3106688721224, 57.176776966009, 58.0415898177583, 58.9049981573369, 59.766880463115, 60.6271012211209, 61.4855088855017, 62.3419334801074, 63.1961837673195, 64.0480438929221, 64.8972693939775, 65.7435824290492, 
66.5866660550822, 67.4261573306879, 68.2616389687934, 69.0926291891798, 69.9185693290589, 70.7388086523203, 71.5525856493072, 72.359004932401, 73.1570086023382, 73.9453406832613, 74.7225029065372, 75.4866997885324, 76.2357706577645, 76.9671061766017, 77.6775472378515, 78.3632653880183, 79.019626981336, 79.6410494285834, 80.2208689670682, 80.7512570792912, 81.2232469455437, 81.6269563905806, 81.9521028260587, 82.1888688881623, 82.3290662508578, 82.3673715251899, 82.3022634187961, 82.1363102457119, 
81.8756896480905, 81.5291352212975, 81.1066876736514, 80.6185943307369, 80.0745355583574, 79.4831940148024, 78.85209214418, 78.1876017338831, 77.4950449788961, 76.7788324357267, 76.0426060349521, 75.2893711823684, 74.5216115792763, 73.7413855874138, 72.9504054469115, 72.1501016192245, 71.3416747102405)"
5690,RUS,CYP,Russian Exclusive economic Zone,93.61507074751181,71.34167471024053,NA,NA,NA,33.00600219571046,34.91667211201095,NA,NA,"c(33.0060021957105, 33.4164370211007, 33.8354109344122, 34.2633538343682, 34.7007189895975, 35.1479846745187, 35.6056559275467, 36.0742664410183, 36.5543805927937, 37.0465956300307, 37.5515440161291, 38.0698959522796, 38.602362085388, 39.1496964143362, 39.7126994065395, 40.2922213364783, 40.8891658572427, 41.5044938150085, 42.139227314616, 42.794454041873, 43.4713318446103, 44.1710935696104, 44.8950521459512, 45.6446058966215, 46.421244048956, 47.2265523998579, 48.0622190731539, 48.9300402828546, 
49.8319259864732, 50.7699052756545, 51.7461313057487, 52.7628855100626, 53.822580776675, 54.9277631842231, 56.0811117964604, 57.2854359025523, 58.5436689607277, 59.858858358146, 61.2341499428788, 62.6727661211897, 64.1779761557244, 65.7530571647956, 67.4012442344517, 69.1256680476587, 70.929278553448, 72.8147534983786, 74.7843911861312, 76.8399876833184, 78.9826999061696, 81.2128976325898, 83.5300094662419, 85.9323700356832, 88.417078041439, 90.9798768496103, 93.6150707475118, 34.916672112011, 35.737121799243, 
36.5561485950703, 37.373678196983, 38.1896319810963, 39.0039266723034, 39.8164739860208, 40.6271802387591, 41.4359459244685, 42.2426652532905, 43.0472256490049, 43.8495072010755, 44.6493820667806, 45.4467138184595, 46.2413567304023, 47.0331549993729, 47.821941892167, 48.6075388129826, 49.3897542827089, 50.1683828215427, 50.9432037256069, 51.7139797275114, 52.4804555300547, 53.2423562015704, 53.9993854207915, 54.7512235586044, 55.497525583761, 56.2379187795989, 56.9720002592209, 57.6993342675512, 
58.4194492604389, 59.1318347537562, 59.8359379395872, 60.5311600725066, 61.2168526371004, 61.8923133188624, 62.5567818150826, 63.20943554109, 63.8493853110236, 64.4756711020165, 65.0872580469859, 65.6830328446242, 66.2618008256805, 66.8222839714707, 67.3631202418303, 67.8828646318893, 68.3799924343874, 68.8529052284416, 69.2999401355082, 69.7193828648201, 70.1094849980518, 70.4684858206934, 70.7946387831591, 71.0862423631718, 71.3416747102405)"
5690,RUS,LVA,Russian Exclusive economic Zone,93.61507074751181,71.34167471024053,NA,NA,NA,24.912359833154866,56.85085162682821,NA,NA,"c(24.9123598331549, 25.868391657494, 26.862808925986, 27.8978401826514, 28.9758340161511, 30.0992590194064, 31.2707016104132, 32.4928611058135, 33.7685413222978, 35.1006378543094, 36.4921200443412, 37.946006532154, 39.465333153616, 41.0531118763199, 42.7122794322422, 44.4456343698635, 46.2557614397318, 48.1449425955815, 50.1150544883013, 52.167453199235, 54.3028481350775, 56.5211684916228, 58.8214274413583, 61.2015910946966, 63.658461126064, 66.1875814559648, 68.7831801817964, 71.4381576771962, 74.1441301160265, 
76.8915344678359, 79.6697963602405, 82.4675565302399, 85.2729456120956, 88.073891647704, 90.8584408744611, 93.6150707475118, 56.8508516268282, 57.5710010807703, 58.2836395844057, 58.9882438632038, 59.6842483353243, 60.3710416687777, 61.0479631636623, 61.7142989894573, 62.3692783225721, 63.0120694486057, 63.641775917724, 64.2574328708014, 64.8580036889244, 65.4423771596302, 66.0093653994333, 66.5577028225362, 67.0860464977467, 67.5929782855801, 68.0770091894741, 68.5365863809237, 68.9701033579064, 
69.3759136571622, 69.7523484509705, 70.0977382065452, 70.4104383636935, 70.6888586943742, 70.9314956582191, 71.1369666873544, 71.3040449635026, 71.4316929439663, 71.5190927089774, 71.5656711926798, 71.5711185555264, 71.5353983579215, 71.4587487678486, 71.3416747102405)"
5690,RUS,EST,Russian Exclusive economic Zone,93.61507074751181,71.34167471024053,NA,NA,NA,25.542485365633002,58.671929717321035,NA,NA,"c(25.542485365633, 26.5997670922432, 27.7016127962237, 28.8505984002755, 30.0494204361555, 31.3008897124348, 32.6079210184357, 33.9735179086489, 35.4007514698937, 36.8927318381038, 38.4525711182624, 40.0833362917533, 41.7879907003129, 43.5693228137386, 45.4298612668796, 47.3717756438141, 49.3967632480347, 51.5059231730296, 53.6996204011214, 55.9773443910146, 58.33756858306, 60.7776192874018, 63.293564258493, 65.8801325446578, 68.5306775250645, 71.237194019038, 73.9903977061453, 76.7798707975006, 
79.5942722426636, 82.4216043864602, 85.2495218283565, 88.0656633110728, 90.857984670383, 93.6150707475118, 58.671929717321, 59.3764223866915, 60.0720014065444, 60.758025434592, 61.4338009203316, 62.098578150738, 62.7515472129407, 63.3918339506275, 64.0184960184754, 64.630519172356, 65.2268139727532, 65.8062131246975, 66.367469728791, 66.9092567727858, 67.4301682484294, 67.928722328828, 68.4033670800224, 68.8524891970438, 69.2744262373033, 69.6674827591678, 70.0299506474591, 70.3601337095917, 70.6563763517192, 
70.9170957996945, 71.1408169353952, 71.3262084121464, 71.4721183460687, 71.5776076153368, 71.6419786976254, 71.6647980835562, 71.6459106379236, 71.5854448197755, 71.4838083569098, 71.3416747102405)"
5690,RUS,LTU,Russian Exclusive economic Zone,93.61507074751181,71.34167471024053,NA,NA,NA,23.887193554832397,55.326109844525575,NA,NA,"c(23.8871935548324, 24.7661815514987, 25.6789029890739, 26.6273046123813, 27.6134451276352, 28.6394979196778, 29.707752611294, 30.8206150754161, 31.9806054259944, 33.1903534160678, 34.4525905627393, 35.7701382003765, 37.1458905394852, 38.5827916863372, 40.0838054684609, 41.6518768294856, 43.2898835257093, 45.0005769053589, 46.7865107164279, 48.6499572132057, 50.5928103616781, 52.616476724144, 54.7217556661987, 56.9087118819544, 59.1765448408876, 61.5234615261341, 63.946560587494, 66.4417375197976, 
69.0036213778031, 71.625553503174, 74.2996174575339, 77.0167266471798, 79.7667720292461, 82.538827129216, 85.3214019852979, 88.1027323828241, 90.8710867175761, 93.6150707475118, 55.3261098445256, 56.0554435827002, 56.7782906541859, 57.4942127299949, 58.202736559623, 58.9033510396671, 59.5955040891859, 60.2785993403338, 60.9519926612002, 61.614988538796, 62.2668363642813, 62.9067266804342, 63.5337874736013, 64.1470806195191, 64.7455986248505, 65.3282618441681, 65.8939163951138, 66.4413330414884, 66.9692073629985, 
67.476161577829, 67.960748424924, 68.4214575396464, 68.8567247601191, 69.2649447710463, 69.6444874153952, 69.9937178709931, 70.3110206912499, 70.5948274457373, 70.8436473762069, 71.0561001286448, 71.2309492679777, 71.3671349768737, 71.4638041375473, 71.5203359457625, 71.5363613439504, 71.5117748936453, 71.4467382114124, 71.3416747102405)"
5690,RUS,CAN,Russian Exclusive economic Zone,93.61507074751181,71.34167471024053,NA,NA,NA,-98.30777028190136,61.362063243693946,NA,NA,"list(c(-98.3077702819014, -98.4798931077821, -98.6624107948596, -98.8563862221849, -99.0630307285616, -99.2837309219341, -99.5200814910615, -99.7739256410266, -100.047405292355, -100.343023894748, -100.663725693474, -101.012996672664, -101.394994371412, -101.814716611553, -102.278223335628, -102.792931936247, -103.368015804434, -104.014950212585, -104.748272234142, -105.586657607551, -106.554476794988, -107.684092055735, -109.019328481639, -110.620853047258, -112.574736454808, -115.006454815531, 
-118.104351203186, -122.159497463737, -127.632234275943, -135.250719617676, -146.085818135101, -161.267620897401, -180, 61.3620632436939, 62.245836106644, 63.1293830108405, 64.0126807848617, 64.8957030081702, 65.7784194214611, 66.6607952041755, 67.5427900830162, 68.4243572236392, 69.3054418416384, 70.1859794465722, 71.065893601255, 71.9450930334817, 72.8234678720656, 73.7008846829672, 74.5771798374686, 75.452150525157, 76.3255423838024, 77.1970321772068, 78.0662030726352, 78.9325086027, 79.7952188811267, 
80.653338194586, 81.5054749673088, 82.3496297209347, 83.1828365002929, 84.0005320809149, 84.7954002976189, 85.5551774496535, 86.2584248610719, 86.8668434762232, 87.3151715412081, 87.5095271284056), c(180, 179.454322340945, 159.451517744929, 142.827652958267, 130.72950203195, 122.232732811469, 116.181140242074, 111.741420387618, 108.381026937641, 105.764529954265, 103.676692512332, 101.975451362439, 100.564230352192, 99.3755171948097, 98.3609024033356, 97.4848744021975, 96.7208485216868, 96.0485592617247, 
95.4523062948829, 94.9197484797809, 94.4410578493769, 94.0083151588522, 93.6150707475118, 87.5095271284056, 87.5151887425159, 87.4087417490491, 87.0285860601895, 86.4618746252807, 85.7831635107891, 85.0382022816537, 84.2526953962711, 83.4411944841515, 82.6122605518405, 81.7711603558202, 80.9212747914115, 80.0648582827775, 79.2034649773112, 78.3381977420815, 77.4698591872137, 76.5990464302075, 75.7262123981461, 74.8517065786403, 73.9758027774727, 73.0987184435062, 72.2206283897856, 71.3416747102405
))"
5690,RUS,GRL,Russian Exclusive economic Zone,93.61507074751181,71.34167471024053,NA,NA,NA,-41.34191126999351,74.71051288642205,NA,NA,"c(-41.3419112699935, -39.7841130658765, -38.0496364829326, -36.1094066564755, -33.9287242705382, -31.466316137931, -28.6734742721287, -25.4935699829633, -21.8624850949145, -17.7108965764632, -12.9698565769949, -7.58150538899105, -1.516399506303, 5.20333623265805, 12.4809837020782, 20.13472381063, 27.9132530124458, 35.5399532406592, 42.7688556827925, 49.4264158515196, 55.4241326058256, 60.7461234022857, 65.4256256598619, 69.5222645234982, 73.1054060482626, 76.2440376655618, 79.0015947482926, 81.4339163453839, 
83.5889395557086, 85.5072418273073, 87.2229203788685, 88.7645411747586, 90.1560310982729, 91.4174633400478, 92.565724623548, 93.6150707475118, 74.7105128864221, 75.5108481661317, 76.2997562535122, 77.0751437384767, 77.8344243439246, 78.5743857747365, 79.2910218598164, 79.9793262679147, 80.6330506261147, 81.244445225196, 81.8040309791764, 82.3005029304512, 82.7209350154799, 83.0515102783308, 83.2789564590882, 83.3926147127192, 83.3866156253024, 83.2612787660335, 83.0230327624182, 82.6828985274054, 
82.2542872474787, 81.7509793004058, 81.1857617253573, 80.5697603815448, 79.9122747142606, 79.2208937413273, 78.5017306705832, 77.75968199135, 76.9986662817677, 76.2218266375986, 75.4316948519348, 74.6303214179762, 73.819377193053, 73.0002324650171, 72.1740183745748, 71.3416747102405)"
5690,RUS,PAN,Russian Exclusive economic Zone,93.61507074751181,71.34167471024053,NA,NA,NA,-80.1191515612474,8.51750797491118,NA,NA,"c(-80.1191515612474, -80.0870515655437, -80.0547853772408, -80.0223359136037, -79.9896857184819, -79.9568169231646, -79.9237112054011, -79.8903497463773, -79.8567131854259, -79.822781572228, -79.7885343162439, -79.7539501330894, -79.7190069875442, -79.6836820328553, -79.6479515459608, -79.6117908582261, -79.5751742812426, -79.5380750271908, -79.5004651232219, -79.4623153192485, -79.4235949884724, -79.3842720198998, -79.3443127020137, -79.3036815966714, -79.2623414021937, -79.220252804481, -79.1773743148579, 
-79.1336620931832, -79.08906975458, -79.0435481579321, -78.9970451740522, -78.9495054311491, -78.900870034907, -78.8510762601195, -78.800057210398, -78.7477414419822, -78.6940525471079, -78.63890869172, -78.5822221015424, -78.5238984896022, -78.4638364172344, -78.4019265793327, -78.338051003119, -78.2720821479364, -78.2038818914678, -78.1333003852739, -78.060174759538, -77.9843276532955, -77.905565542067, -77.8236768295374, -77.7384296635029, -77.6495694284668, -77.5568158576385, -77.4598596952262, 
-77.3583588252102, -77.2519337644671, -77.1401623951819, -77.0225737825929, -76.8986408875056, -76.7677719363265, -76.6293001514341, -76.4824714672114, -76.3264297561295, -76.1601989567428, -75.9826613199952, -75.7925307558367, -75.5883199460469, -75.3682994585208, -75.1304465052286, -74.8723801598411, -74.5912786855527, -74.2837729575147, -73.9458075478588, -73.5724574816632, -73.1576833392784, -72.6939992430043, -72.1720155989834, -71.579798312541, -70.9019533603101, -70.1182906895903, -69.2018269164952, 
-68.115718514055, -66.8084090291704, -65.2056870900024, -63.1971925331011, -60.6125376217116, -57.1772632569147, -52.4287865770386, -45.5560142249144, -35.1336828581342, -19.0194722621844, 3.83406481023286, 28.5585576423971, 47.8395465672685, 60.5525032073829, 68.8077542129728, 74.3878128010962, 78.3442763537792, 81.2713283425897, 83.5146535008814, 85.2845196457484, 86.7146032492381, 87.8933373312057, 88.8812935955444, 89.7212294251037, 90.4441264149516, 91.072950516936, 91.6250688068544, 92.1138472987612, 
92.5497342526874, 92.9410113704033, 93.2943253224943, 93.6150707475118, 8.51750797491118, 9.41007733711116, 10.3026437834786, 11.1952070142876, 12.0877667232574, 12.9803225968651, 13.8728743136265, 14.7654215433403, 15.6579639462935, 16.5505011724215, 17.4430328604209, 18.3355586368072, 19.2280781149147, 20.1205908938304, 21.013096557256, 21.9055946722926, 22.7980847881365, 23.690566434681, 24.5830391210127, 25.4755023337917, 26.3679555355044, 27.2603981625753, 28.1528296233238, 29.0452492957482, 
29.937656525121, 30.8300506213725, 31.7224308562421, 32.6147964601693, 33.5071466188979, 34.3994804697587, 35.2917970975952, 36.1840955302893, 37.0763747338412, 37.9686336069483, 38.8608709750227, 39.7530855835766, 40.6452760908964, 41.5374410599132, 42.4295789491635, 43.3216881027202, 44.2137667389514, 45.1058129379458, 45.9978246274142, 46.8897995668474, 47.7817353296739, 48.6736292831127, 49.5654785653695, 50.4572800597556, 51.3490303652335, 52.2407257628007, 53.1323621770085, 54.0239351317733, 
54.9154396994684, 55.8068704420743, 56.6982213429025, 57.5894857270851, 58.4806561686135, 59.3717243811983, 60.2626810895676, 61.1535158769943, 62.0442170037724, 62.9347711899804, 63.8251633540715, 64.7153762964568, 65.6053903141117, 66.4951827280361, 67.3847272997222, 68.2739935050452, 69.1629456233101, 70.0515415842712, 70.9397314948523, 71.827455737063, 72.7146424846144, 73.6012044207048, 74.4870343415906, 75.371999180514, 76.2559317516159, 77.1386191370845, 78.0197860223902, 78.8990702396046, 
79.7759859576767, 80.6498666725266, 81.5197739865506, 82.3843460962966, 83.241535101341, 84.0881285158843, 84.9188273778904, 85.724357261153, 86.487359698036, 87.1731857378921, 87.7113689415607, 87.9802223245692, 87.8749380775211, 87.4412911389804, 86.8105156718593, 86.0765645644321, 85.2874002258287, 84.4665957333461, 83.6263634097606, 82.7734767938672, 81.9119381406509, 81.0442441246062, 80.1720250084393, 79.296387024771, 78.4181056510126, 77.5377398193818, 76.6557021430211, 75.7723036189346, 74.8877829600672, 
74.0023263624781, 73.1160811453675, 72.2291653634945, 71.3416747102405)"
5690,RUS,TWN,Russian Exclusive economic Zone,93.61507074751181,71.34167471024053,NA,NA,NA,120.95427281363104,23.753992794953852,NA,NA,"c(120.954272813631, 120.765809486811, 120.574680616995, 120.380738448065, 120.183828316135, 119.983788129114, 119.780447804953, 119.573628664443, 119.363142774014, 119.148792233438, 118.930368402786, 118.707651062342, 118.480407498432, 118.248391507309, 118.011342308285, 117.768983356247, 117.521021042467, 117.267143271265, 117.007017898465, 116.740291015852, 116.466585063747, 116.185496751474, 115.896594762841, 115.599417220624, 115.293468880544, 114.978218021109, 114.653092991021, 114.317478370396, 
113.970710695793, 113.612073691778, 113.240792943363, 112.856029933902, 112.456875361751, 112.042341635879, 111.611354435395, 111.162743200302, 110.695230400298, 110.207419404681, 109.69778074898, 109.16463656221, 108.606142882269, 108.020269545391, 107.4047772884, 106.75719164966, 106.074773196257, 105.354483542053, 104.592946555808, 103.786404094332, 102.930665539157, 102.021050377355, 101.052323065043, 100.01861947308, 98.9133643800081, 97.729179810751, 96.4577846152949, 95.0898866782114, 93.6150707475118, 
23.7539927949539, 24.6315503302429, 25.5088696851594, 26.385937586739, 27.262740132902, 28.1392627444968, 29.0154901134635, 29.891406146722, 30.7669939053469, 31.642235538539, 32.5171122118474, 33.3916040290314, 34.2656899468788, 35.1393476822124, 36.0125536102243, 36.8852826531668, 37.7575081583081, 38.629201763917, 39.500333251883, 40.3708703853867, 41.2407787298286, 42.1100214549722, 42.9785591159761, 43.8463494106608, 44.7133469099717, 45.5795027581609, 46.4447643386899, 47.3090749012574, 48.1723731446493, 
49.0345927492866, 49.8956618523768, 50.7555024574367, 51.6140297686101, 52.4711514386186, 53.3267667173008, 54.1807654854659, 55.0330271561318, 55.8834194220561, 56.731796824688, 57.5779991151542, 58.4218493724732, 59.2631518377004, 60.1016894149011, 60.9372207804719, 61.7694770310582, 62.5981577867708, 63.4229266501541, 64.2434059019147, 65.0591702912398, 65.8697397511006, 66.6745708367428, 67.4730466483435, 68.2644649566477, 69.0480242041675, 69.8228070064638, 70.587760732679, 71.3416747102405)"
5690,RUS,JPN,Russian Exclusive economic Zone,93.61507074751181,71.34167471024053,NA,NA,NA,138.0308955769173,37.59230135301556,NA,NA,"c(138.030895576917, 137.643282748003, 137.24668145715, 136.840619609085, 136.424596908705, 135.99808271295, 135.560513701174, 135.111291347542, 134.649779177591, 134.175299789572, 133.68713161973, 133.184505429048, 132.666600487481, 132.132540430167, 131.581388758745, 131.012143959741, 130.423734211166, 129.815011648171, 129.18474615905, 128.531618684339, 127.854213994704, 127.151012928097, 126.420384074138, 125.660574904499, 124.869702363428, 124.045742953792, 123.186522382789, 122.289704870054, 
121.352782271807, 120.373063241237, 119.34766273147, 118.27349225768, 117.147251474564, 115.965421800203, 114.724263033297, 113.419814173355, 112.047899966663, 110.604145065469, 109.083998098527, 107.482768393192, 105.795678532823, 104.017936327261, 102.144830038543, 100.171850722, 98.0948451561309, 95.9102018439111, 93.6150707475118, 37.5923013530156, 38.4208456633069, 39.2480836612729, 40.0739445037833, 40.8983528769195, 41.7212286304092, 42.5424863776443, 43.3620350575895, 44.1797774544561, 44.9956096705298, 
45.8094205470038, 46.6210910270549, 47.4304934547232, 48.2374908023938, 49.0419358188302, 49.8436700887621, 50.6425229939837, 51.4383105647549, 52.2308342090235, 53.0198793055895, 53.8052136458187, 54.5865857068884, 55.3637227378289, 56.1363286378396, 56.9040816045554, 57.6666315281886, 58.4235971058781, 59.1745626492948, 59.9190745577846, 60.6566374293818, 61.3867097832759, 62.1086993703118, 62.821958053536, 63.5257762495855, 64.2193769350219, 64.9019092409977, 65.5724416866977, 66.2299551389464, 
66.8733356346166, 67.5013672665794, 68.1127254153269, 68.7059707089321, 69.2795442141417, 69.8317644991222, 70.3608273576302, 70.8648091331872, 71.3416747102405)"
5690,RUS,KOR,Russian Exclusive economic Zone,93.61507074751181,71.34167471024053,NA,NA,NA,127.83916086401786,36.385239834652,NA,NA,"c(127.839160864018, 127.520586724637, 127.194718696925, 126.861162103717, 126.519497891224, 126.169280654559, 125.810036479919, 125.441260583988, 125.062414728887, 124.672924388517, 124.27217563934, 123.85951174555, 123.434229405123, 122.995574619382, 122.542738144478, 122.074850478465, 121.590976332495, 121.090108529058, 120.571161264068, 120.032962663132, 119.474246555448, 118.893643381769, 118.289670145753, 117.660719311363, 117.005046543029, 116.32075718098, 115.605791342301, 114.857907540533, 
114.074664724737, 113.253402655975, 112.391220568554, 111.484954110636, 110.531150630522, 109.526042980606, 108.465522162604, 107.345109351288, 106.159928129693, 104.904678172219, 103.573612154026, 102.160518381465, 100.658712567912, 99.0610433591465, 97.3599176679623, 95.5473536063854, 93.6150707475118, 36.385239834652, 37.2387618522142, 38.0914109702727, 38.9431389868642, 39.7938946181408, 40.6436232380993, 41.4922665926702, 42.3397624852226, 43.1860444301601, 44.0310412708487, 44.874676757625, 
45.7168690810634, 46.5575303550316, 47.3965660433209, 48.2338743227814, 49.0693453749111, 49.902860596721, 50.7342917204034, 51.5634998298379, 52.3903342602617, 53.2146313654609, 54.0362131345843, 54.8548856380919, 55.670437279391, 56.4826368253358, 57.2912311849299, 58.095942901231, 58.8964673165896, 59.6924693659325, 60.483579946858, 61.2693918088875, 62.0494548974711, 62.8232710815069, 63.5902881866317, 64.3498932510162, 65.1014049168668, 65.8440648707669, 66.5770282515551, 67.2993529586936, 68.0099878212983, 
68.7077596339876, 69.3913591381444, 70.0593261358944, 70.7100340810676, 71.3416747102405)"
5690,RUS,VUT,Russian Exclusive economic Zone,93.61507074751181,71.34167471024053,NA,NA,NA,167.68644635705098,-16.226409088434313,NA,NA,"c(167.686446357051, 167.395682867707, 167.107287107103, 166.821105198067, 166.536987326843, 166.254787434051, 165.974362919434, 165.695574359188, 165.418285234747, 165.142361671951, 164.8676721896, 164.594087456435, 164.321480055639, 164.049724255995, 163.778695788878, 163.508271630275, 163.238329787073, 162.968749086868, 162.699408970562, 162.430189287057, 162.160970089312, 161.891631431115, 161.622053163834, 161.352114732503, 161.081694970515, 160.810671892248, 160.538922482894, 160.266322484781, 
159.99274617943, 159.718066164594, 159.442153125459, 159.164875599211, 158.886099732075, 158.605689027944, 158.323504087629, 158.039402337726, 157.75323774805, 157.464860536484, 157.17411686006, 156.880848490981, 156.584892476213, 156.286080779185, 155.984239902021, 155.679190486619, 155.370746892744, 155.058716751203, 154.742900489958, 154.423090830931, 154.099072255006, 153.770620432589, 153.437501616828, 153.099471996378, 152.756277004326, 152.407650579604, 152.053314376931, 151.692976920946, 
151.326332699877, 150.95306119366, 150.572825831007, 150.185272869455, 149.790030191928, 149.38670601281, 148.974887485933, 148.554139206301, 148.124001596677, 147.683989169505, 147.233588653891, 146.772256976637, 146.29941908553, 145.814465602342, 145.316750292209, 144.805587335349, 144.280248386402, 143.739959406143, 143.183897249916, 142.611185997009, 142.020893005354, 141.412024676599, 140.783521917824, 140.13425528824, 139.463019822311, 138.768529525207, 138.049411542768, 137.304200016617, 136.531329646489, 
135.729128996797, 134.89581360406, 134.02947896703, 133.12809353366, 132.189491839929, 131.211368006974, 130.191269866986, 129.126594067329, 128.014582598788, 126.852321310206, 125.636741110133, 124.364622717863, 123.032606011207, 121.637205223884, 120.17483146516, 118.641824255887, 117.034493978402, 115.349177291812, 113.582307624776, 111.730502765099, 109.79067124304, 107.760138563129, 105.636793281295, 103.419251363155, 101.107035142941, 98.7007605479822, 96.202323191166, 93.6150707475118, -16.2264090884343, 
-15.3747977340474, -14.5228122343144, -13.6704770532984, -12.817815983513, -11.9648521977453, -11.1116082984342, -10.2581063648241, -9.40436799809774, -8.5504143646821, -7.69626623790604, -6.84194403818167, -5.98746787186954, -5.13285756898146, -4.27813271986655, -3.42331271102059, -2.56841676015347, -1.7134639506446, -0.858473265513055, -0.0034636210262704, 0.851546099931582, 1.70653701461092, 2.56149020714864, 3.4163866952011, 4.27120739633793, 5.12593309407529, 5.98054440342487, 6.83502173583196, 
7.68934526337262, 8.54349488207524, 9.39745017422668, 10.2511903695169, 11.1046943048691, 11.9579403827945, 12.8109065281007, 13.6635701427743, 14.5159080588444, 15.3678964890231, 16.2195109749033, 17.070726332479, 17.921516594734, 18.7718549510287, 19.6217136829892, 20.471064096581, 21.3198764500232, 22.1681198771681, 23.0157623059414, 23.8627703713983, 24.7091093229159, 25.5547429249938, 26.3996333510895, 27.2437410698593, 28.0870247231174, 28.9294409947582, 29.7709444698154, 30.6114874827484, 
31.4510199539586, 32.2894892134362, 33.1268398103296, 33.963013307103, 34.7979480568154, 35.6315789618978, 36.4638372126398, 37.2946500034069, 38.1239402244016, 38.9516261265514, 39.777620956844, 40.6018325611496, 41.4241629512473, 42.2445078324222, 43.062756087608, 43.8787892136165, 44.6924807045176, 45.5036953767043, 46.3122886295999, 47.1181056353233, 47.9209804499387, 48.7207350381594, 49.5171782025593, 50.3101044074796, 51.0992924868906, 51.8845042245102, 52.6654827934901, 53.4419510420021, 
54.2136096101051, 54.9801348624294, 55.7411766205226, 56.4963556782831, 57.2452610838863, 57.9874471721617, 58.7224303327448, 59.4496855017993, 60.1686423690733, 60.8786812979965, 61.5791289650512, 62.2692537364853, 62.9482608164629, 63.6152872219708, 64.2693966673524, 64.9095744764041, 65.5347226836762, 66.1436555398699, 66.7350956993933, 67.3076714406943, 67.8599153498936, 68.3902649813115, 68.897066087552, 69.3785790759781, 69.8329893825469, 70.2584224387219, 70.6529638201645, 71.0146849843964, 
71.3416747102405)"
5690,RUS,ARG,Russian Exclusive economic Zone,93.61507074751181,71.34167471024053,NA,NA,NA,-65.17980692500298,-35.38134879526278,NA,NA,"c(-65.179806925003, -64.9740057594981, -64.7725018781085, -64.5750715035736, -64.3815033304064, -64.1915975893477, -64.0051651903986, -63.8220269367244, -63.6420128025546, -63.4649612689383, -63.2907187118636, -63.1191388378188, -62.9500821623796, -62.7834155278544, -62.6190116564139, -62.4567487354868, -62.2965100325121, -62.1381835364207, -61.9816616234628, -61.8268407452218, -61.6736211368511, -61.5219065437454, -61.3716039650176, -61.22262341229, -61.0748776824374, -60.9282821430295, -60.7827545293229, 
-60.6382147517399, -60.4945847128562, -60.3517881329863, -60.2097503835232, -60.0683983272442, -59.9276601648446, -59.7874652870074, -59.6477441313548, -59.5084280436608, -59.3694491427374, -59.2307401884262, -59.0922344521557, -58.9538655895339, -58.8155675144683, -58.6772742743072, -58.5389199255095, -58.4004384093505, -58.2617634271719, -58.1228283146823, -57.983565914806, -57.8439084485713, -57.703787383512, -57.5631332990436, -57.4218757482514, -57.2799431155049, -57.1372624692832, -56.9937594095638, 
-56.849357909086, -56.7039801477611, -56.5575463394466, -56.4099745502494, -56.2611805074598, -56.1110773981454, -55.9595756563577, -55.8065827378134, -55.6520028808145, -55.4957368520616, -55.3376816758886, -55.1777303453111, -55.0157715131251, -54.8516891611188, -54.6853622452687, -54.5166643145704, -54.3454631009151, -54.1716200771458, -53.9949899801216, -53.8154202952722, -53.6327506987346, -53.4468124527268, -53.2574277493122, -53.0644089971541, -52.867558045217, -52.6666653366559, -52.4615089853137, 
-52.2518537663143, -52.0374500111816, -51.8180323966983, -51.5933186153385, -51.3630079135186, -51.1267794820965, -50.8842906814554, -50.6351750811054, -50.3790402909618, -50.1154655582526, -49.843999100299, -49.5641551391102, -49.2754105987353, -48.9772014204955, -48.6689184444354, -48.3499027974007, -48.0194407188674, -47.6767577447625, -47.3210121567192, -46.9512875891629, -46.5665846688688, -46.1658115406858, -45.7477731083472, -45.3111587899757, -44.8545285531635, -44.37629695336, -43.8747148505296, 
-43.3478484212867, -42.7935550154048, -42.2094553250106, -41.5929012400786, -40.9409386532256, -40.2502643487312, -39.5171759643231, -38.7375138501755, -37.90659347104, -37.0191268124657, -36.0691310766971, -35.0498228173981, -33.9534956159036, -32.771379531135, -31.4934810016318, -30.1084028681128, -28.6031460762347, -26.962897963906, -25.1708176657245, -23.2078382820395, -21.0525197120242, -18.6810075001484, -16.0671838185335, -13.1831379379162, -10.0001329398975, -6.49029262026065, -2.62925177996632, 
1.60004458904274, 6.20241461662047, 11.1648322535492, 16.4512223072734, 21.999387522412, 27.722007136849, 33.5129112405211, 39.2580774557178, 44.8487730009965, 50.1932404088801, 55.2240273221389, 59.8999856560334, 64.2038638833291, 68.1373729939876, 71.7155503518597, 74.9616436014814, 77.9030745520989, 80.5685703933072, 82.9863035569792, 85.1828003694282, 87.1823872791065, 89.0069877613165, 90.6761331614429, 92.207093956474, 93.6150707475118, -35.3813487952628, -34.5020998125493, -33.6225129649978, 
-32.7426059664266, -31.8623955316359, -30.9818974522408, -30.1011266660358, -29.2200973205338, -28.3388228312561, -27.4573159352828, -26.5755887405226, -25.6936527711098, -24.8115190092925, -23.9291979341424, -23.0466995573792, -22.1640334565753, -21.2812088059797, -20.3982344051764, -19.5151187057727, -18.6318698362949, -17.7484956254495, -16.8650036238979, -15.9814011246765, -15.0976951823828, -14.2138926312386, -13.3300001021324, -12.4460240387333, -11.5619707127626, -10.677846238502, -9.79365658661288, 
-8.90940759733257, -8.0251049931137, -7.1407543907637, -6.25636131314157, -5.37193120046365, -4.48746942126851, -3.6029812830881, -2.71847204287026, -1.83394691719647, -0.949411092336561, -0.0648697341815563, 0.81967200190519, 1.70420896127906, 2.58873598020824, 3.47324787603111, 4.35773943723801, 5.24220541343686, 6.12664050516197, 7.01103935348424, 7.89539652937923, 8.77970652280831, 9.66396373146591, 10.5481624491434, 11.4322968536576, 12.316360994289, 13.2003487786703, 14.0842539590633, 14.9680701179557, 
15.8517906529067, 16.7354087605614, 17.6189174197507, 18.5023093735837, 19.3855771104328, 20.2687128437026, 21.1517084902611, 22.0345556474057, 22.9172455682171, 23.7997691351442, 24.6821168316466, 25.5642787117013, 26.4462443669613, 27.3280028913319, 28.2095428427014, 29.0908522015388, 29.9719183260334, 30.852727903418, 31.7332668970727, 32.6135204889616, 33.4934730168975, 34.3731079060713, 35.2524075942097, 36.1313534496493, 37.0099256815184, 37.8881032411177, 38.7658637134693, 39.6431831978644, 
40.5200361760823, 41.3963953667699, 42.2722315642569, 43.1475134598365, 44.0222074432551, 44.8962773818211, 45.7696843741527, 46.6423864751315, 47.5143383880913, 48.3854911196475, 49.2557915918295, 50.1251822053041, 50.9936003464438, 51.86097782976, 52.7272402657563, 53.5923063425039, 54.4560870071448, 55.3184845310023, 56.1793914389486, 57.038689280002, 57.8962472116877, 58.7519203652908, 59.6055479525525, 60.4569510663254, 61.3059301178616, 62.1522618413359, 62.9956957813541, 63.8359501609163, 
64.6727070047582, 65.5056063651935, 66.3342394633205, 67.1581405163119, 67.9767769698749, 68.7895377921112, 69.5957194092712, 70.3945087740997, 71.1849629536675, 71.9659845084628, 72.7362918158619, 73.4943833859919, 74.2384951597733, 74.9665498282546, 75.6760974740058, 76.3642474816469, 77.0275929635147, 77.6621312843856, 78.2631881394885, 78.8253585340036, 79.3424860980004, 79.8077116147985, 80.2136295252511, 80.5525914146242, 80.8171791631443, 81.0008298464875, 81.0985321986169, 81.1074526724892, 
81.0273264541622, 80.8604953890317, 80.6115807963759, 80.2868915823389, 79.8937289398302, 79.4397385596104, 78.932404002064, 78.3787102326545, 77.7849606691343, 77.1567103620972, 76.498775631762, 75.8152874404928, 75.1097652349247, 74.3851964639335, 73.6441133163011, 72.8886624608649, 72.120666173929, 71.3416747102405)"
