eez_code,eez_territory_iso3,flag,eez_name,eez_lon,eez_lat,flag_lon,flag_lat,geometry
8337,SYC,USA,Seychellois Exclusive Economic Zone,52.4686584239278,-6.548001097247967,-112.46167369956703,45.679547202551,"c(-112.461673699567, -111.952238669068, -111.427174792032, -110.885575578163, -110.326471701802, -109.748825850132, -109.15152713325, -108.533385025086, -107.893122804676, -107.229370469121, -106.540657092895, -105.825402613756, -105.081909034002, -104.308351038189, -103.502766045952, -102.663043742686, -101.786915163702, -100.871941451292, -99.9155024621547, -98.9147854784614, -97.8667743738527, -96.7682397112178, -95.6157304079532, -94.4055678030661, -93.1338432054033, -91.7964202991864, -90.3889441355188, 
-88.9068588458478, -87.3454366672116, -85.6998213489133, -83.965089477035, -82.1363336417434, -80.208771582602, -78.1778853363241, -76.0395937900638, -73.7904606805025, -71.4279377245312, -68.9506390002992, -66.3586378082799, -63.6537711493924, -60.8399301435628, -57.923308137905, -54.9125733807423, -51.8189317765392, -48.6560491554445, -45.4398128037219, -42.1879284919292, -38.919369907733, -35.6537185609875, -32.4104493035059, -29.2082254792039, -26.0642661307565, -22.9938360473039, -20.0098906758799, 
-17.1228864444119, -14.3407472933364, -11.6689634261948, -9.11078991794832, -6.66751062189797, -4.33873541236707, -2.12270435472388, -0.0165791701127489, 1.98329096043832, 3.88113644001618, 5.68156983787242, 7.38942350955017, 9.00961971959796, 10.5470696137621, 12.006596939688, 13.3928824169892, 14.7104249333686, 15.9635161638444, 17.1562256862127, 18.2923941411061, 19.375632426575, 20.4093253086635, 21.3966381653206, 22.3405258620078, 23.243742987943, 24.1088548681252, 24.9382489146375, 25.7341459975313, 
26.4986116065638, 27.2335666451705, 27.9407977515162, 28.621967081781, 29.278621520844, 29.9122013075367, 30.5240480774765, 31.1154123376078, 31.6874603941204, 32.2412807602634, 32.7778900734155, 33.298238552155, 33.8032150243744, 34.293651557049, 34.7703277173026, 35.2339744931077, 35.6852779004427, 36.1248823020928, 36.5533934616079, 36.9713813542543, 37.3793827551696, 37.7779036233604, 38.1674212986926, 38.5483865276249, 38.9212253321252, 39.2863407349931, 39.6441143536869, 39.9949078737133, 40.3390644116895, 
40.6769097773074, 41.0087536426349, 41.3348906264558, 41.655601300683, 41.9711531252751, 42.2818013175289, 42.5877896611198, 42.8893512598016, 43.1867092402637, 43.4800774082595, 43.7696608617817, 44.0556565647409, 44.3382538843261, 44.6176350949594, 44.8939758515302, 45.1674456343747, 45.4382081682757, 45.706421817581, 45.972239959378, 46.2358113365178, 46.4972803921496, 46.7567875873078, 47.0144697029837, 47.2704601280178, 47.5248891340603, 47.7778841387641, 48.0295699583062, 48.2800690502667, 
48.5295017478377, 48.7779864862803, 49.0256400225054, 49.2725776486112, 49.5189134001751, 49.7647602600694, 50.0102303585407, 50.2554351702756, 50.5004857091544, 50.7454927213837, 50.9905668776882, 51.2358189652381, 51.4813600799844, 51.7273018200806, 51.9737564810711, 52.2208372535401, 52.4686584239278, 45.679547202551, 46.5020371772651, 47.3221960704189, 48.1398814391917, 48.9549400992894, 49.7672071261564, 50.5765047504902, 51.3826411359172, 52.1854090252932, 52.9845842405679, 53.7799240195008, 
54.5711651707466, 55.3580220269565, 56.14018417361, 56.9173139293462, 57.6890435516978, 58.454972140458, 59.2146622096215, 59.9676358981672, 60.7133707902522, 61.4512953171139, 62.1807837167667, 62.9011505342384, 63.6116446557066, 64.3114428858074, 64.9996431003154, 65.6752570383958, 66.3372028421381, 66.9842975088067, 67.6152494960027, 68.2286518142603, 68.8229760571464, 69.3965679554626, 69.9476451961473, 70.4742984092614, 70.9744963819644, 71.4460966809956, 71.886862918145, 72.2944898291821, 72.6666371017742, 
73.000972430886, 73.2952235681821, 73.5472381714397, 73.7550491180561, 73.9169417648966, 74.0315186254896, 74.0977563410307, 74.1150498641422, 74.083239573413, 74.0026185502923, 73.8739192576454, 73.6982810068759, 73.4772014943998, 73.2124770056629, 72.9061364564396, 72.5603742767648, 72.1774863995162, 71.7598125289609, 71.3096866753616, 70.8293968421961, 70.3211538616771, 69.7870687392376, 69.2291374809258, 68.6492321989784, 68.0490972668858, 67.430349373321, 66.7944804599696, 66.1428626881633, 
65.4767547407099, 64.797308914766, 64.1055785921163, 63.4025257824003, 62.6890285231471, 61.9658879899062, 61.2338352229943, 60.4935374172054, 59.7456037499144, 58.990590743654, 58.2290071734341, 57.461318538382, 56.6879511229995, 55.9092956764317, 55.125710739395, 54.3375256483787, 53.5450432458504, 52.7485423237716, 51.9482798259798, 51.1444928330984, 50.3374003516829, 49.5272049273955, 48.7140941001545, 47.8982417174697, 47.07980912056, 46.2589462163639, 45.4357924471967, 44.6104776685808, 43.7831229446626, 
42.9538412696314, 42.12273822266, 41.2899125630864, 40.4554567718367, 39.6194575444548, 38.7819962405319, 37.9431492938232, 37.1029885868882, 36.2615817936877, 35.4189926932142, 34.5752814569144, 33.7305049123766, 32.8847167855058, 32.037967923184, 31.1903064982095, 30.3417781981348, 29.4924263994593, 28.6422923284902, 27.7914152100615, 26.9398324051806, 26.087579538576, 25.2346906170234, 24.3811981392489, 23.5271331981317, 22.6725255758651, 21.817403832673, 20.9617953896283, 20.1057266060682, 19.2492228520632, 
18.3923085763516, 17.5350073701221, 16.6773420269924, 15.8193345995024, 14.9610064524191, 14.1023783131226, 13.2434703193241, 12.3843020643488, 11.5248926401974, 10.6652606785862, 9.80542439015314, 8.94540160200179, 8.08520979374737, 7.22486613221777, 6.36438750495411, 5.50379055264726, 4.64309170064085, 3.78230718962476, 2.92145310563814, 2.06054540949708, 1.19959996575803, 0.338632571325533, -0.522341016189458, -1.38330505025586, -2.24424376724963, -3.10514135821789, -3.96598194047624, -4.8267495289341, 
-5.68742800704149, -6.54800109724796)"
8337,SYC,CHN,Seychellois Exclusive Economic Zone,52.4686584239278,-6.548001097247967,103.81907314582409,36.56176537925268,"c(103.819073145824, 102.865956239943, 101.924061384949, 100.993239246692, 100.073331300558, 99.164170755598, 98.2655834312281, 97.3773885859008, 96.4993996976543, 95.6314251968152, 94.7732691514896, 93.9247319067647, 93.0856106787858, 92.2557001050715, 91.4347927525882, 90.6226795852225, 89.8191503923831, 89.0239941805211, 88.2369995293924, 87.4579549149037, 86.6866490003737, 85.9228708980261, 85.1664104024949, 84.4170581980814, 83.6746060414479, 82.9388469213773, 82.2095751971623, 81.486586717121, 
80.7696789186656, 80.0586509112819, 79.3533035437016, 78.6534394564829, 77.9588631211401, 77.2693808668965, 76.5848008960662, 75.9049332890062, 75.2295899995163, 74.5585848415043, 73.8917334676772, 73.228853340963, 72.5697636993167, 71.9142855145145, 71.2622414454935, 70.6134557867514, 69.9677544122791, 69.3249647154618, 68.6849155453473, 68.0474371396487, 67.412361054816, 66.7795200934857, 66.148748229588, 65.5198805313697, 64.8927530825677, 64.2672029019494, 63.6430678614157, 63.0201866028493, 
62.3983984538738, 61.7775433426769, 61.1574617120419, 60.5379944327172, 59.9189827162515, 59.3002680274095, 58.6816919962823, 58.0630963301999, 57.4443227255524, 56.8252127796237, 56.2056079025436, 55.5853492294632, 54.9642775330649, 54.3422331365175, 53.7190558269995, 53.0945847699134, 52.4686584239278, 36.5617653792527, 36.1001918994983, 35.6311590249287, 35.1548805206409, 34.6715664185277, 34.1814229217002, 33.6846523291823, 33.1814529793878, 32.6720192109277, 32.1565413393378, 31.6352056483689, 
31.1081943945399, 30.5756858237156, 30.0378541985343, 29.4948698355795, 28.9468991512552, 28.3941047153908, 27.8366453116715, 27.2746760040524, 26.708348208378, 26.1378097684925, 25.5632050361827, 24.9846749543528, 24.4023571428839, 23.8163859866803, 23.2268927254549, 22.6340055448472, 22.0378496685132, 21.4385474508618, 20.8362184701516, 20.2309796216937, 19.6229452109375, 19.0122270462464, 18.3989345311952, 17.7831747562448, 17.1650525896756, 16.5446707676743, 15.922129983496, 15.2975289756317, 
14.6709646149339, 14.0425319906601, 13.4123244954133, 12.780433908963, 12.1469504809469, 11.511963012456, 10.8755589365212, 10.2378243975194, 9.59884432952973, 8.95870253367315, 8.31748175447402, 7.67526375528841, 7.0321293928462, 6.38815869095883, 5.74343091344723, 5.09802463634705, 4.45201781945126, 3.80548787725181, 3.15851174934393, 2.51116597035843, 1.86352673948819, 1.2156699896767, 0.567671456536644, -0.0803932529319553, -0.72844859175504, -1.37641900445892, -2.02422885853608, -2.67180237583229, 
-3.31906356378533, -3.96593614644577, -4.61234349521092, -5.25820855920398, -5.90345379523073, -6.54800109724796)"
8337,SYC,ESP,Seychellois Exclusive Economic Zone,52.4686584239278,-6.548001097247967,-3.647550473229147,40.24448698114845,"c(-3.64755047322916, -2.62555697703039, -1.61634102840026, -0.619799096105879, 0.364188310834408, 1.33575530099984, 2.29504930568959, 3.24222983567893, 4.17746729295985, 5.10094183990168, 6.01284232744464, 6.91336528321102, 7.8027139597788, 8.68109744280909, 9.54872981824516, 10.4058293974029, 11.2526179984425, 12.089320282445, 12.9161631421065, 13.7333751409046, 14.5411860004741, 15.3398261338565, 16.1295262222428, 16.910516832818, 17.6830280753275, 18.4472892950173, 19.203528799649, 19.9519736183567, 
20.692849290181, 21.4263796802056, 22.1527868213025, 22.8722907795914, 23.5851095418088, 24.2914589228827, 24.9915524921036, 25.6856015163781, 26.3738149191464, 27.0563992536359, 27.7335586892115, 28.4054950096707, 29.0724076224105, 29.7344935774753, 30.3919475955665, 31.0449621041659, 31.6937272809933, 32.3384311040794, 32.9792594077959, 33.6163959442384, 34.2500224494115, 34.8803187137111, 35.5074626562464, 36.1316304025835, 36.7529963655323, 37.3717333286332, 37.9880125320339, 38.6020037604752, 
39.2138754331333, 39.8237946950919, 40.431927510238, 41.0384387553986, 41.6434923155536, 42.2472511799749, 42.8498775391612, 43.4515328824455, 44.0523780961695, 44.6525735623248, 45.2522792575724, 45.8516548525558, 46.4508598114328, 47.0500534915501, 47.6493952431926, 48.2490445093376, 48.8491609253441, 49.4499044185092, 50.051435307417, 50.6539144010044, 51.2575030972607, 51.8623634814746, 52.4686584239278, 40.2444869811484, 39.8165577090069, 39.3797742612745, 38.9343822423247, 38.4806238150041, 
38.0187374638876, 37.5489577909645, 37.0715153418981, 36.5866364609602, 36.0945431727272, 35.5954530886354, 35.089579336518, 34.5771305112902, 34.0583106450047, 33.5333191945668, 33.0023510454709, 32.4655965300026, 31.9232414584318, 31.3754671618123, 30.8224505450878, 30.264364149293, 29.7013762217253, 29.1336507930464, 28.5613477603549, 27.9846229753507, 27.4036283367864, 26.8185118864752, 26.2294179081888, 25.6364870288469, 25.0398563214593, 24.4396594093345, 23.8360265711266, 23.2290848463357, 
22.618958140926, 22.0057673327641, 21.3896303766212, 20.7706624085143, 20.1489758491974, 19.5246805066394, 18.8978836773543, 18.2686902464728, 17.6372027864649, 17.0035216544453, 16.367745088009, 15.7299692995622, 15.0902885691256, 14.448795335604, 13.8055802865227, 13.1607324462455, 12.5143392626971, 11.8664866926182, 11.2172592853936, 10.5667402654951, 9.91501161359, 9.26215414636883, 8.60824759515175, 7.95337068333522, 7.29760120274494, 6.64101608896374, 5.9836914957049, 5.32570286830436, 4.66712501640612, 
4.00803218591757, 3.34849813031227, 2.6885961813587, 2.02839931935485, 1.36798024294883, 0.707411438626607, 0.0467652499479669, -0.61388605338712, -1.27447020656017, -1.93491488066164, -2.59514761364208, -3.25509574110509, -3.91468632686022, -4.57384609315436, -5.23250135050073, -5.89057792702486, -6.54800109724796)"
8337,SYC,FRA,Seychellois Exclusive Economic Zone,52.4686584239278,-6.548001097247967,-2.7617294451886103,42.17344011072409,"c(-2.76172944518862, -1.71809480208151, -0.689076315922364, 0.325474162182076, 1.3257229721842, 2.31185286554174, 3.28406130578119, 4.2425588536602, 5.18756763994168, 6.11931992749763, 7.03805676332786, 7.94402672010779, 8.83748472605453, 9.71869098121519, 10.587909957721, 11.4454094811049, 12.2914598894362, 13.1263332667736, 13.9503027472604, 14.7636418860811, 15.5666240934502, 16.3595221278035, 17.1426076444055, 17.9161507956615, 18.6804198795236, 19.4356810325065, 20.1821979639642, 20.9202317284339, 
21.6500405330077, 22.3718795768605, 23.0860009202243, 23.7926533802667, 24.4920824514923, 25.1845302484488, 25.8702354686696, 26.5494333739393, 27.2223557881077, 27.8892311098177, 28.5502843386396, 29.2057371132303, 29.8558077602472, 30.5007113528603, 31.1406597778028, 31.7758618100003, 32.4065231939014, 33.0328467307218, 33.6550323708818, 34.2732773109961, 34.887776094833, 35.4987207177232, 36.106300733954, 36.7107033667328, 37.3121136203528, 37.9107143942337, 38.5066865985509, 39.100209271201, 
39.691459695883, 40.2806135211037, 40.8678448799432, 41.4533265104377, 42.0372298764603, 42.619725288997, 43.200982027735, 43.7811684628903, 44.3604521772208, 44.9390000881751, 45.516978570144, 46.094553576783, 46.6718907633843, 47.249155609281, 47.8265135402687, 48.4041300510318, 48.9821708275634, 49.5608018695667, 50.1401896128214, 50.7205010514992, 51.3019038604033, 51.8845665171036, 52.4686584239278, 42.1734401107241, 41.7249887334965, 41.2672263937674, 40.8004303551623, 40.3248731209599, 39.8408221831621, 
39.34853981341, 38.8482828928437, 38.3403027780044, 37.8248451999109, 37.3021501935102, 36.7724520547844, 36.235979322907, 35.6929547849593, 35.1435955008478, 34.5881128462016, 34.0267125711694, 33.4595948731773, 32.886954481851, 32.3089807544444, 31.7258577802518, 31.1377644926126, 30.5448747872407, 29.9473576457297, 29.3453772631986, 28.7390931791457, 28.128660410678, 27.5142295873752, 26.8959470871316, 26.2739551723963, 25.6483921263074, 25.0193923882776, 24.387086688651, 23.7516021821071, 23.1130625795327, 
22.4715882781328, 21.8272964895895, 21.1803013661132, 20.5307141242658, 19.8786431664626, 19.2241942000867, 18.5674703541725, 17.908572293636, 17.247598331046, 16.5846445359484, 15.9198048417697, 15.2531711503345, 14.584833434049, 13.9148798358041, 13.2433967666674, 12.5704690014333, 11.8961797721117, 11.2206108594377, 10.5438426824906, 9.86595438651247, 9.18702392902146, 8.50712816431634, 7.8263429264708, 7.14474311091813, 6.46240275472816, 5.77939511567914, 5.09579275022836, 4.41166759048585, 3.72709102029599, 
3.04213395053215, 2.35686689370996, 1.67136003802479, 0.985683320919122, 0.29990650228595, -0.385900762586274, -1.07166885022083, -1.75732809620634, -2.44280872239065, -3.12804076390934, -3.81295399594245, -4.49747786009397, -5.18154139028798, -5.86507313807569, -6.54800109724796)"
8337,SYC,ITA,Seychellois Exclusive Economic Zone,52.4686584239278,-6.548001097247967,12.070012547689789,42.79662848728713,"c(12.0700125476898, 12.9511332973487, 13.8153367941292, 14.6631294283395, 15.4950117338583, 16.3114773846341, 17.1130123535015, 17.9000942171247, 18.6731915919342, 19.4327636869951, 20.179259960826, 20.9131198702356, 21.6347727002678, 22.3446374653218, 23.0431228724359, 23.7306273385965, 24.4075390547431, 25.0742360898939, 25.7310865295129, 26.3784486428753, 27.0166710747761, 27.6460930574552, 28.2670446390985, 28.8798469257112, 29.4848123335548, 30.0822448496939, 30.6724402985203, 31.2556866124056, 
31.8322641048907, 32.402445745048, 32.9664974318545, 33.5246782675951, 34.077240829474, 34.6244314387547, 35.1664904268717, 35.7036523980697, 36.2361464882194, 36.7641966195469, 37.2880217510862, 37.8078361247294, 38.3238495068055, 38.8362674251701, 39.345291401827, 39.8511191811441, 40.3539449537552, 40.8539595762666, 41.3513507869141, 41.8463034173316, 42.3389996006147, 42.8296189758726, 43.3183388894789, 43.8053345932371, 44.2907794396913, 44.7748450748134, 45.2577016283109, 45.7395179017989, 
46.2204615550881, 46.7006992908404, 47.1803970378503, 47.6597201332085, 48.138833503609, 48.61790184606, 49.0970898082609, 49.5765621689069, 50.0564840181853, 50.5370209387235, 51.0183391872522, 51.5006058772432, 51.9839891627813, 52.4686584239278, 42.7966284872871, 42.1871801089756, 41.5711184589294, 40.948708646545, 40.3202055146858, 39.6858539708615, 39.0458893245752, 38.4005376278836, 37.7500160166432, 37.0945330502954, 36.4342890483874, 35.769476422326, 35.1002800011341, 34.426877350213, 33.7494390823235, 
33.0681291601746, 32.3831051901712, 31.694518707, 31.0025154488541, 30.3072356231899, 29.6088141629979, 28.9073809736346, 28.2030611703231, 27.4959753064774, 26.786239593044, 26.0739661090869, 25.359263003864, 24.6422346906653, 23.9229820326952, 23.2016025212909, 22.4781904467772, 21.7528370622588, 21.0256307406553, 20.2966571252793, 19.5659992742599, 18.8337377991046, 18.0999509976931, 17.3647149819846, 16.6281038007207, 15.8901895573904, 15.1510425237262, 14.4107312489833, 13.669322665254, 12.9268821890577, 
12.1834738194398, 11.4391602328083, 10.6940028747266, 9.94806204887563, 9.20139700339345, 8.45406601479129, 7.70612646964192, 6.95763494422941, 6.20864728234488, 5.45921867140785, 4.70940371708868, 3.9592565166041, 3.20883073085363, 2.45817965556257, 1.70735629159367, 0.956413414588454, 0.205403644096364, -0.545620487650666, -1.29660646716209, -2.04750173115522, -2.79825359790847, -3.54880919834562, -4.29911540669424, -5.04911877056038, -5.79876544026035, -6.54800109724796)"
8337,SYC,TWN,Seychellois Exclusive Economic Zone,52.4686584239278,-6.548001097247967,120.95427281363104,23.753992794953852,"c(120.954272813631, 120.013645537618, 119.076441216171, 118.142686357447, 117.212403291303, 116.285610227112, 115.362321317357, 114.442546726495, 113.526292704625, 112.613561665479, 111.704352268272, 110.798659502948, 109.896474778395, 108.997786013191, 108.102577728472, 107.210831142531, 106.322524266766, 105.437632002627, 104.556126239223, 103.677975951261, 102.803147297034, 101.931603716174, 101.063306026903, 100.198212522563, 99.3362790671911, 98.477459189946, 97.6217041782085, 96.7689631691907, 
95.9191832399116, 95.0723094954116, 94.2282851550951, 93.3870516371073, 92.5485486406644, 91.7127142262717, 90.8794848937778, 90.0487956582249, 89.2205801234683, 88.3947705535473, 87.5712979418042, 86.7500920777525, 85.9310816117097, 85.1141941172144, 84.2993561512581, 83.4864933123679, 82.6755302965827, 81.8663909513724, 81.0589983275543, 80.2532747292667, 79.4491417620636, 78.6465203791984, 77.8453309261698, 77.0454931836031, 76.2469264085474, 75.4495493742683, 74.6532804086193, 73.8580374310786, 
73.0637379885372, 72.2702992899278, 71.4776382397844, 70.6856714708249, 69.894315375649, 69.1034861376439, 68.3130997611938, 67.5230721012873, 66.7333188926171, 65.9437557782709, 65.1542983381064, 64.3648621169089, 63.5753626524282, 62.7857155033904, 61.9958362775831, 61.2056406601089, 60.4150444419058, 59.623963548629, 58.8323140699915, 58.0400122896594, 57.2469747157957, 56.4531181123485, 55.6583595311775, 54.8626163451108, 54.065806282026, 53.2678474600441, 52.4686584239278, 23.7539927949539, 
23.5167948766469, 23.2739675398417, 23.0255962360539, 22.7717673153307, 22.5125679482144, 22.2480860498428, 21.978410206294, 21.703629603272, 21.4238339572168, 21.1391134489096, 20.8495586596298, 20.5552605099137, 20.2563102009476, 19.9527991586222, 19.6448189802632, 19.3324613840436, 19.0158181610744, 18.6949811301645, 18.3700420952278, 18.0410928053149, 17.7082249172361, 17.3715299607374, 17.031099306188, 16.6870241347298, 16.3393954108386, 15.9883038572417, 15.6338399321316, 15.276093808617, 14.9151553563461, 
14.5511141252375, 14.1840593312523, 13.8140798441391, 13.441264177084, 13.0657004781963, 12.6874765237608, 12.3066797131876, 11.9233970655915, 11.5377152179303, 11.1497204246382, 10.7594985586837, 10.3671351139889, 9.97271520914376, 9.57632359235365, 9.17804464755557, 8.77796240164416, 8.37616053274678, 7.97272237948999, 7.56773095120033, 7.16126893898448, 6.75341872763455, 6.34426240830634, 5.93388179191925, 5.5223584232283, 5.10977359551974, 4.69620836588309, 4.28174357101386, 3.86645984350186, 
3.45043762856167, 3.0337572011624, 2.6164986835151, 2.1987420628767, 1.7805672096306, 1.36205389560418, 0.943281812584473, 0.524330590993742, 0.105279818686682, -0.313790940168175, -0.732802126160308, -1.15167416569979, -1.57032745210766, -1.98868232677179, -2.40665906040545, -2.82417783444644, -3.24115872263539, -3.65752167281101, -4.07318648896232, -4.48807281357711, -4.90210011032724, -5.3151876471324, -5.7272544796442, -6.13821943519386, -6.54800109724796)"
8337,SYC,IRN,Seychellois Exclusive Economic Zone,52.4686584239278,-6.548001097247967,54.27407017960938,32.57503286207567,"c(54.2740701796094, 54.2222319721404, 54.1713773391912, 54.1214547643761, 54.0724154809304, 54.0242132657822, 53.9768042506938, 53.9301467487871, 53.8842010949527, 53.8389294988005, 53.7942959089557, 53.7502658876254, 53.7068064944739, 53.6638861789405, 53.62147468022, 53.579542934205, 53.5380629867504, 53.4970079126896, 53.4563517400757, 53.4160693791775, 53.3761365557943, 53.3365297484977, 53.2972261294377, 53.2582035083827, 53.2194402796885, 53.1809153719156, 53.1426081998348, 53.1044986185803, 
53.0665668797254, 53.0287935890708, 52.9911596659496, 52.9536463038609, 52.9162349322587, 52.8789071793262, 52.8416448355765, 52.8044298181245, 52.7672441354793, 52.7300698527134, 52.6928890568622, 52.6556838224141, 52.6184361767495, 52.581128065386, 52.5437413168884, 52.5062576072975, 52.4686584239278, 32.5750328620757, 31.6860989108766, 30.7971443943924, 29.9081703902039, 29.0191779183331, 28.1301679455571, 27.2411413893637, 26.3520991215852, 25.4630419717402, 24.5739707301133, 23.6848861505967, 
22.7957889533166, 21.9066798270643, 21.0175594315508, 20.1284283995005, 19.2392873385992, 18.3501368333097, 17.4609774465666, 16.5718097213622, 15.6826341822323, 14.7934513366515, 13.9042616763472, 13.0150656785373, 12.1258638071018, 11.236656513692, 10.3474442387851, 9.45822741268758, 8.56900645649495, 7.6797817830104, 6.79055379762785, 5.90132289918324, 5.01208948077803, 4.1228539305784, 3.23361663259394, 2.344377967439, 1.45513831307996, 0.565898045571643, -0.32334246021415, -1.21258282986506, 
-2.10182268870619, -2.99106166107747, -3.88029936960655, -4.76953543447496, -5.65876947267409, -6.54800109724796)"
8337,SYC,KOR,Seychellois Exclusive Economic Zone,52.4686584239278,-6.548001097247967,127.83916086401786,36.385239834652,"c(127.839160864018, 126.764550389559, 125.696139376342, 124.634094762543, 123.578570175903, 122.529705981318, 121.487629376471, 120.452454532272, 119.424282774717, 118.403202804705, 117.389290952235, 116.382611461462, 115.383216803056, 114.391148010377, 113.406435036077, 112.429097125842, 111.4591432061, 110.496572282707, 109.541373847758, 108.593528291861, 107.653007319393, 106.719774364439, 105.79378500532, 104.874987375793, 103.963322571203, 103.058725048041, 102.161123015564, 101.27043881827, 
100.386589308218, 99.5094862063112, 98.6390364518363, 97.7751425396502, 96.9177028445696, 96.0666119326098, 95.221760858834, 94.3830374516718, 93.5503265836495, 92.7235104285556, 91.9024687051318, 91.0870789074424, 90.2772165221282, 89.4727552327948, 88.6735671118292, 87.879522799965, 87.0904916739507, 86.3063420026912, 85.5269410922558, 84.7521554201539, 83.9818507592917, 83.2158922920286, 82.4541447147541, 81.6964723334054, 80.9427391503456, 80.1928089430164, 79.4465453347744, 78.7038118583118, 
77.964472012054, 77.2283893099196, 76.4954273248125, 75.7654497262119, 75.0383203122092, 74.313903036333, 73.5920620294908, 72.8726616173427, 72.1555663334154, 71.4406409282488, 70.7277503748597, 70.0167598707954, 69.3075348370402, 68.599940914028, 67.8938439550047, 67.1891100169757, 66.4856053494664, 65.7831963813138, 65.0817497057037, 64.3811320636593, 63.6812103261814, 62.981851475237, 62.2829225837879, 61.5842907950463, 60.885823301144, 60.1873873213966, 59.4888500803445, 58.7900787857516, 58.0909406067411, 
57.3913026522495, 56.6910319499812, 55.9899954260467, 55.2880598854719, 54.5850919937674, 53.8809582597526, 53.175525019832, 52.4686584239278, 36.385239834652, 36.1632290845084, 35.9316716372961, 35.6907037438125, 35.4404648596993, 35.1810973446242, 34.9127461661357, 34.6355586093322, 34.3496839933765, 34.0552733957827, 33.7524793852907, 33.4414557640393, 33.1223573196408, 32.7953395876585, 32.4605586248904, 32.1181707937678, 31.7683325580898, 31.4112002902297, 31.0469300898759, 30.6756776142954, 
30.2975979200469, 29.9128453160101, 29.5215732275492, 29.123934071579, 28.7200791422682, 28.3101585070751, 27.8943209127872, 27.4727137012102, 27.0454827341366, 26.6127723272056, 26.1747251922621, 25.7314823878115, 25.2831832771673, 24.8299654938867, 24.3719649140947, 23.9093156352997, 23.4421499613123, 22.9705983928893, 22.4947896237311, 22.0148505414771, 21.5309062333539, 21.0430799961431, 20.5514933501528, 20.0562660568887, 19.5575161401355, 19.0553599101751, 18.5499119908819, 18.0412853494502, 
17.5295913285227, 17.0149396805054, 16.497438603864, 15.9771947812144, 15.4543134190296, 14.9288982888016, 14.4010517695037, 13.8708748912154, 13.3384673797798, 12.803927702376, 12.2673531138958, 11.7288397040285, 11.1884824449609, 10.6463752396136, 10.1026109703368, 9.5572815480019, 9.01047796142845, 8.46229032709324, 7.91280793907565, 7.36211931919767, 6.81031226732267, 6.25747391178176, 5.70369075990128, 5.14904874860829, 4.59363329509559, 4.03752934752995, 3.4808214357915, 2.92359372223353, 2.36593005245577, 
1.80791400608456, 1.24962894755697, 0.691158076905481, 0.132584480542505, -0.42600881795596, -0.984538807067324, -1.54292243653951, -2.10107656660766, -2.65891791721006, -3.21636301720334, -3.77332815357791, -4.32972932067557, -4.88548216941224, -5.44050195651104, -5.99470349375207, -6.54800109724796)"
8337,SYC,OMN,Seychellois Exclusive Economic Zone,52.4686584239278,-6.548001097247967,56.09166154827057,20.605153325703512,"c(56.0916615482706, 55.9635769655644, 55.8368882636802, 55.7115146857313, 55.5873783308814, 55.4644039474612, 55.3425187385252, 55.2216521787452, 55.1017358416283, 54.9827032361308, 54.8644896518102, 54.7470320117267, 54.6302687323614, 54.5141395898717, 54.3985855920514, 54.2835488554035, 54.1689724867707, 54.0548004690014, 53.9409775501558, 53.8274491357827, 53.7141611838184, 53.601060101675, 53.4880926451045, 53.3752058184318, 53.2623467757636, 53.1494627227832, 53.0365008187468, 52.9234080782991, 
52.8101312727221, 52.6966168302292, 52.5828107349111, 52.4686584239278, 20.6051533257035, 19.7299677733073, 18.8546922247623, 17.9793318951466, 17.1038918139293, 16.2283768384619, 15.3527916666504, 14.477140848884, 13.6014287992854, 12.7256598063442, 11.8498380429909, 10.9739675761623, 10.0980523759073, 9.22209632407672, 8.34610322264088, 7.47007680167093, 6.59402072702275, 5.71793860775639, 4.84183400332398, 3.9657104305567, 3.08957137048034, 2.21342027498763, 1.33726057339442, 0.461095678906446, 
-0.41507100497779, -1.29123607810233, -2.1673961373024, -3.0435477700411, -3.91968754800908, -4.79581202066184, -5.67191770866883, -6.54800109724796)"
8337,SYC,FSM,Seychellois Exclusive Economic Zone,52.4686584239278,-6.548001097247967,153.23943792202934,7.452468136589759,"c(153.239437922029, 152.337718275872, 151.436337904541, 150.535299974846, 149.63460731004, 148.734262387774, 147.834267338412, 146.934623943706, 146.035333635837, 145.136397496807, 144.237816258192, 143.339590301248, 142.441719657357, 141.544204008832, 140.647042690051, 139.750234688936, 138.853778648759, 137.95767287028, 137.061915314203, 136.166503603952, 135.271435028755, 134.376706547036, 133.482314790104, 132.588256066134, 131.694526364438, 130.801121360013, 129.908036418362, 129.01526660058, 
128.122806668703, 127.230651091308, 126.338794049354, 125.447229442264, 124.555950894241, 123.6649517608, 122.774225135522, 121.883763857012, 120.99356051606, 120.103607463001, 119.213896815249, 118.324420465024, 117.435170087239, 116.546137147558, 115.657312910611, 114.768688448352, 113.880254648567, 112.992002223512, 112.103921718682, 111.216003521695, 110.328237871299, 109.440614866473, 108.553124475638, 107.665756545953, 106.7785008127, 105.891346908747, 105.004284374079, 104.117302665395, 103.230391165766, 
102.34353919434, 101.456736016086, 100.569970851589, 99.6832328868611, 98.7965112831832, 97.9097951869629, 97.0230737396011, 96.1363360873631, 95.249571391246, 94.3627688368362, 93.4759176441495, 92.5890070774491, 91.7020264550323, 90.8149651589802, 89.9278126448644, 89.0405584514027, 88.1531922100569, 87.2657036545677, 86.3780826304174, 85.4903191042143, 84.6024031729934, 83.7143250734238, 82.8260751909175, 81.9376440686325, 81.0490224163617, 80.1602011193024, 79.2711712466973, 78.3819240603416, 
77.492451022947, 76.6027438063572, 75.7127942996059, 74.8225946168115, 73.9321371048997, 73.0414143511476, 72.1504191905414, 71.2591447129408, 70.3675842700414, 69.4757314821304, 68.5835802446243, 67.6911247343855, 66.798359415807, 65.90527904666, 65.0118786836964, 64.1181536879994, 63.2240997300751, 62.3297127946774, 61.4349891853606, 60.5399255287524, 59.6445187785401, 58.7487662191647, 57.8526654692159, 56.956214484522, 56.0594115609287, 55.1622553367618, 54.2647447949674, 53.3668792649248, 52.4686584239278, 
7.45246813658976, 7.37001738832839, 7.28576198733543, 7.19972346449018, 7.11192377373115, 7.0223852848558, 6.93113077625887, 6.83818342761509, 6.7435668125116, 6.64730489103572, 6.54942200232303, 6.44994285707118, 6.3488925300243, 6.24629645243286, 6.14218040449366, 6.03657050777461, 5.92949321762849, 5.82097531559997, 5.71104390183001, 5.59972638746126, 5.48705048704835, 5.3730442109763, 5.25773585789065, 5.14115400714194, 5.023327511248, 4.90428548837627, 4.78405731484882, 4.66267261767254, 4.54016126709635, 
4.41655336919753, 4.2918792584988, 4.16616949061775, 4.03945483494995, 3.91176626738682, 3.78313496306927, 3.65359228917798, 3.5231697977608, 3.39189921859769, 3.25981245210357, 3.12694156226914, 2.99331876963934, 2.85897644432963, 2.72394709907933, 2.58826338234172, 2.45195807140999, 2.31506406557834, 2.1776143793373, 2.03964213560205, 1.9011805589726, 1.76226296902445, 1.62292277362836, 1.48319346229763, 1.34310859956122, 1.20270181836101, 1.06200681347143, 0.921057334939505, 0.779887181543316, 
0.63853019426702, 0.497020249790054, 0.355391253988799, 0.213677135448165, 0.0719118389810944, -0.0698706808463072, -0.211636466186206, -0.353351562379316, -0.494982024426378, -0.636493923462879, -0.777853353239536, -0.919026436610437, -1.0599793320314, -1.20067824007047, -1.34108940993268, -1.48117914600135, -1.6209138143978, -1.76025984956134, -1.89918376085177, -2.03765213917579, -2.17563166363941, -2.31308910822776, -2.449991348514, -2.58630536839868, -2.72199826688096, -2.85703726486278, -2.99138971198735, 
-3.12502309351255, -3.25790503722041, -3.39000332036322, -3.5212858766467, -3.65172080325098, -3.78127636788926, -3.90992101590442, -4.03762337740349, -4.16435227442975, -4.29007672817194, -4.41476596621007, -4.53838942979701, -4.66091678117492, -4.78231791092537, -4.90256294535176, -5.02162225389262, -5.13946645656385, -5.25606643142837, -5.3713933220906, -5.4854185452138, -5.59811379805771, -5.70945106603359, -5.8194026302741, -5.92794107521462, -6.03503929618293, -6.1406705069937, -6.24480824754423, 
-6.34742639140735, -6.44849915341787, -6.54800109724796)"
8337,SYC,MYS,Seychellois Exclusive Economic Zone,52.4686584239278,-6.548001097247967,109.69762284264701,3.7898684557130933,"c(109.697622842647, 108.816570164817, 107.935825984412, 107.055378268641, 106.175214720893, 105.295322792196, 104.415689692842, 103.536302404161, 102.657147690422, 101.77821211088, 100.899482031932, 100.020943639394, 99.1425829508794, 98.2643858282756, 97.3863379903096, 96.5084250251954, 95.6306324033537, 94.7529454901988, 93.8753495589836, 92.9978298036946, 92.120371351992, 91.2429592781858, 90.3655786162402, 89.4882143728011, 88.610851540238, 87.7334751096938, 86.8560700841348, 85.9786214913951, 
85.1011143972067, 84.2235339182096, 83.3458652349329, 82.4680936047431, 81.5902043747472, 80.7121829946486, 79.8340150295448, 78.9556861726606, 78.07718225801, 77.1984892729768, 76.3195933708091, 75.4404808830177, 74.5611383316706, 73.6815524415758, 72.8017101523444, 71.9215986303245, 71.0412052803986, 70.160517757634, 69.2795239787787, 68.3982121335939, 67.5165706960116, 66.6345884351112, 65.7522544259023, 64.8695580599068, 63.9864890555276, 63.1030374681972, 62.219193700293, 61.3349485108104, 60.4502930247839, 
59.5652187424448, 58.6797175481046, 57.7937817187554, 56.9074039323735, 56.0205772759188, 55.1332952530166, 54.2455517913122, 53.3573412494874, 52.4686584239278, 3.78986845571309, 3.63224475477132, 3.4737647873547, 3.31446628852311, 3.15438713747932, 2.99356535019183, 2.83203907209185, 2.6698465708417, 2.50702622917258, 2.34361653778821, 2.17965608833208, 2.01518356641473, 1.85023774469798, 1.68485747603255, 1.51908168664579, 1.35294936937549, 1.18649957694616, 1.01977141528396, 0.852804036866004, 
0.685636634100319, 0.51830843273197, 0.350858685271376, 0.183326664440358, 0.0157516566317639, -0.15182704462174, -0.319370145174162, -0.486838356792191, -0.654192403685187, -0.821393029043534, -0.988401001589665, -1.15517712214616, -1.32168223022501, -1.48787721064254, -1.65372300016392, -1.8191805941816, -1.98421105343132, -2.14877551075008, -2.31283517787952, -2.47635135231853, -2.63928542422872, -2.80159888339621, -2.9632533262529, -3.12421046296048, -3.28443212456028, -3.44388027019143, -3.60251699438038, 
-3.7603045344039, -3.91720527772799, -4.07318176952462, -4.22819672026816, -4.38221301341305, -4.53519371315414, -4.68710207227066, -4.83790154005482, -4.98755577032549, -5.13602862952739, -5.2832842049158, -5.42928681282652, -5.57400100703052, -5.71739158717276, -5.85942360729355, -6.00006238443149, -6.13927350730611, -6.27702284507806, -6.41327655618463, -6.54800109724796)"
8337,SYC,PHL,Seychellois Exclusive Economic Zone,52.4686584239278,-6.548001097247967,122.8839325292705,11.775367780874165,"c(122.883932529271, 121.988067817161, 121.093301582005, 120.199632981451, 119.307060105587, 118.415579986637, 117.525188609618, 116.63588092389, 115.747650855596, 114.860491320912, 113.97439424011, 113.089350552353, 112.205350231215, 111.322382300875, 110.440434852941, 109.559495063883, 108.679549213025, 107.800582701069, 106.922580069112, 106.045525018127, 105.169400428871, 104.294188382196, 103.419870179724, 102.546426364866, 101.673836744154, 100.802080408858, 99.9311357568661, 99.060980514805, 
98.1915917603721, 97.3229459448679, 96.4550189158997, 95.5877859402453, 94.7212217268537, 93.8553004499712, 92.9899957723749, 92.1252808687013, 91.2611284488584, 90.3975107815066, 89.534399717602, 88.6717667139894, 87.8095828570391, 86.9478188863175, 86.0864452182878, 85.2254319700326, 84.3647489829946, 83.5043658467311, 82.644251922679, 81.7843763679264, 80.9247081589892, 80.065216115592, 79.2058689244489, 78.3466351630466, 77.4874833234272, 76.6283818359707, 75.7692990931771, 74.910203473449, 74.0510633648732, 
73.191847189003, 72.3325234246406, 71.4730606316192, 70.6134274745865, 69.7535927467865, 68.8935253938423, 68.0331945375358, 67.172569499586, 66.3116198254213, 65.4503153079461, 64.5886260112975, 63.7265222945887, 62.8639748356355, 62.0009546546614, 61.1374331379743, 60.2733820616098, 59.4087736149335, 58.5435804241937, 57.6777755760151, 56.8113326408238, 55.9442256961931, 55.0764293500952, 54.2079187640483, 53.3386696761422, 52.4686584239278, 11.7753677808742, 11.6055942011567, 11.4330637107386, 
11.2578217405443, 11.079914221845, 10.899387568432, 10.7162886590761, 10.5306648202863, 10.3425638093811, 10.1520337978832, 9.95912335524947, 9.76388143294378, 9.56635734886181, 9.36660077211508, 9.16466170817969, 8.96059048441511, 8.75443773595656, 8.54625439198428, 8.3360916623713, 8.12400102471076, 7.91003421172292, 7.69424319904061, 7.47668019337203, 7.25739762103751, 7.03644811687748, 6.81388451352721, 6.58975983105344, 6.36412726694719, 6.13704018646662, 5.90855211332288, 5.6787167207014, 5.44758782261034, 
5.21521936554774, 4.98166542047784, 4.74698017510697, 4.51121792644886, 4.27443307366843, 4.03668011119333, 3.79801362208153, 3.55848827163312, 3.31815880123439, 3.07708002242131, 2.83530681115005, 2.59289410226111, 2.34989688412412, 2.10637019344945, 1.86236911025313, 1.61794875296108, 1.37316427363857, 1.12807085333071, 0.882723697499571, 0.637178031543442, 0.391489096383779, 0.145712144105119, -0.100097566366841, -0.345884773563483, -0.591594217762832, -0.83717064528517, -1.08255881280932, -1.32770349172463, 
-1.57254947253305, -1.81704156931622, -2.06112462428199, -2.3047435124049, -2.54784314617513, -2.79036848046982, -3.03226451756137, -3.27347631227626, -3.51394897731826, -3.75362768876981, -3.99245769178458, -4.23038430648452, -4.4673529340742, -4.70330906318492, -4.93819827646092, -5.17196625739945, -5.40455879745642, -5.63592180342862, -5.86600130512331, -6.09474346332559, -6.32209457807315, -6.54800109724796)"
8337,SYC,THA,Seychellois Exclusive Economic Zone,52.4686584239278,-6.548001097247967,101.0028813035589,15.118157941833841,"c(101.002881303559, 100.138027296709, 99.2757187231342, 98.4159152453451, 97.558574679308, 96.7036530622488, 95.8511047196183, 95.0008823311287, 94.1529369957805, 93.3072182958072, 92.4636743594761, 91.6222519226928, 90.7828963893655, 89.9455518904941, 89.1101613419569, 88.2766665009752, 87.4450080212447, 86.6151255067263, 85.7869575641006, 84.9604418538908, 84.1355151402677, 83.3121133395567, 82.4901715674677, 81.6696241850783, 80.8504048436011, 80.0324465279718, 79.215681599299, 78.4000418362174, 
77.5854584751934, 76.7718622498302, 75.9591834292258, 75.1473518554385, 74.3362969801153, 73.5259479003434, 72.7162333937838, 71.9070819531497, 71.0984218200924, 70.2901810185602, 69.4822873876946, 68.6746686143307, 67.8672522651703, 67.0599658186932, 66.2527366968775, 65.4454922967954, 64.6381600221556, 63.8306673148591, 63.0229416866396, 62.2149107508553, 61.4065022545026, 60.5976441105181, 59.7882644304381, 58.9782915574809, 58.16765410012, 57.3562809662112, 56.5441013977393, 55.7310450062463, 
54.9170418090028, 54.1020222659814, 53.2859173176912, 52.4686584239278, 15.1181579418338, 14.8001654876941, 14.4789584247502, 14.154618801562, 13.8272285879555, 13.4968696561476, 13.1636237635064, 12.827572536911, 12.4887974586659, 12.1473798539276, 11.8034008796005, 11.4569415146547, 11.1080825518214, 10.756904590618, 10.4034880316568, 10.0479130721893, 9.69025970283874, 9.33060770547409, 8.96903665217692, 8.60562590525515, 8.24045461825611, 7.87360173793272, 7.50514600711659, 7.13516596845258, 
6.76373996894959, 6.39094616530335, 6.01686252994705, 5.64156685778681, 5.26513677357903, 4.88764973990777, 4.50918306572066, 4.12981391538256, 3.74961931820656, 3.36867617842297, 2.98706128554677, 2.60485132510519, 2.2221228896871, 1.83895249027654, 1.45541656783311, 1.07159150508211, 0.687553638477794, 0.303379270303409, -0.0808553191284176, -0.465073859210833, -0.849200076749526, -1.23315768367718, -1.61687036481125, -2.00026176569152, -2.38325548053309, -2.76577504033159, -3.14774390115683, -3.52908543267171, 
-3.9097229069138, -4.28957948737673, -4.66857821842942, -5.04664201511169, -5.42369365334476, -5.79965576059627, -6.17445080703958, -6.54800109724796)"
8337,SYC,ZAF,Seychellois Exclusive Economic Zone,52.4686584239278,-6.548001097247967,25.083900925067336,-29.000340953423486,"c(25.0839009250673, 25.8950943913827, 26.698390343322, 27.4939637689527, 28.2819910443953, 29.0626496232623, 29.8361177513852, 30.6025742056889, 31.3621980560562, 32.1151684490276, 32.8616644121896, 33.6018646781177, 34.3359475267647, 35.0640906452133, 35.7864710037403, 36.5032647471791, 37.2146471006026, 37.9207922883883, 38.6218734657699, 39.3180626620201, 40.0095307344523, 40.6964473324693, 41.3789808709305, 42.0572985121484, 42.7315661558652, 43.4019484366002, 44.0686087277924, 44.731709152205, 
45.3914105980845, 46.0478727406093, 46.7012540681852, 47.3517119131814, 47.999402486726, 48.6444809172059, 49.287101292142, 49.9274167031341, 50.5655792935907, 51.2017403089798, 51.8360501493546, 52.4686584239278, -29.0003409534235, -28.486231137292, -27.9673536554752, -27.4438561366714, -26.9158831535662, -26.383576263177, -25.8470740521699, -25.3065121865895, -24.7620234654826, -24.2137378779338, -23.661782663068, -23.1062823726105, -22.5473589356282, -21.985131725109, -21.4197176260657, -20.8512311048795, 
-20.2797842796256, -19.7054869911505, -19.1284468746901, -18.5487694318456, -17.9665581027501, -17.3819143382811, -16.7949376721908, -16.2057257930426, -15.6143746158587, -15.0209783533955, -14.4256295869796, -13.8284193368456, -13.2294371319314, -12.628771079094, -12.0265079317185, -11.4227331577032, -10.8175310068085, -10.2109845773657, -9.60317588234901, -8.99418591481711, -8.38409471273771, -7.77298142321331, -7.16092436612898, -6.54800109724796)"
8337,SYC,MUS,Seychellois Exclusive Economic Zone,52.4686584239278,-6.548001097247967,57.57120550607982,-20.277687043323176,"c(57.5712055060798, 57.251907422745, 56.9357646435778, 56.6226096900043, 56.3122801790061, 56.0046184969363, 55.6994714892201, 55.3966901647683, 55.096129414001, 54.7976477394486, 54.5011069979561, 54.2063721535733, 53.9133110402671, 53.6217941336364, 53.3316943308544, 53.0428867381024, 52.7552484647953, 52.4686584239278, -20.2776870433232, -19.4734110759311, -18.6685813758695, -17.863227685401, -17.0573787959659, -16.2510626107898, -15.4443062042062, -14.6371358779522, -13.8295772146741, -13.021655128868, 
-12.2133939154607, -11.4048172962281, -10.5959484642304, -9.78681012643663, -8.97742454469945, -8.1678135752305, -7.35799870672182, -6.54800109724796)"
8337,SYC,REU,Seychellois Exclusive Economic Zone,52.4686584239278,-6.548001097247967,54.71971777716703,-21.776660430266265,"c(54.719717777167, 54.5851244087776, 54.4520418658869, 54.3203880133511, 54.1900836684171, 54.0610523969899, 53.9332203222106, 53.8065159442921, 53.6808699706526, 53.556215155461, 53.4324861477803, 53.3096193475581, 53.187552768769, 53.0662259090656, 52.945579625339, 52.8255560146329, 52.7060982998873, 52.5871507200265, 52.4686584239278, -21.7766604302663, -20.9312818219857, -20.0857988995612, -19.2402173458105, -18.3945426377752, -17.5487800609812, -16.7029347228309, -15.8570115651988, -15.0110153763023, 
-14.1649508019076, -13.3188223559301, -12.4726344304822, -11.6263913054175, -10.7800971574166, -9.93375606865783, -9.08737203511077, -8.24094897449103, -7.39449073390934, -6.54800109724796)"
8337,SYC,CUW,Seychellois Exclusive Economic Zone,52.4686584239278,-6.548001097247967,-68.9711936879736,12.195516754557731,"c(-68.9711936879736, -68.0530923765446, -67.1350267028114, -66.2170176506353, -65.2990861405708, -64.3812530065097, -63.4635389724564, -62.5459646294679, -61.6285504127921, -60.7113165792395, -59.7942831848199, -58.8774700626776, -57.9608968013563, -57.0445827234245, -56.1285468644911, -55.2128079526407, -54.2973843883157, -53.3822942246728, -52.4675551484384, -51.5531844612889, -50.6391990617776, -49.72561542783, -48.8124495998299, -47.8997171643134, -46.9874332382889, -46.075612454201, -45.1642689455513, 
-44.2534163331911, -43.3430677122968, -42.4332356400402, -41.5239321239613, -40.6151686110524, -39.7069559775601, -38.7993045195095, -37.8922239439542, -36.9857233609554, -36.0798112762904, -35.17449558489, -34.2697835650042, -33.3656818730929, -32.4621965394376, -31.5593329644701, -30.6570959158114, -29.7554895260136, -28.8545172909986, -27.9541820691823, -27.0544860812768, -26.1554309107586, -25.2570175049932, -24.3592461770019, -23.4621166078614, -22.56562784972, -21.6697783294194, -20.7745658527063, 
-19.8799876090205, -18.9860401768437, -18.0927195295952, -17.2000210420579, -16.3079394973201, -15.4164690942158, -14.5256034552505, -13.6353356349935, -12.7456581289228, -11.856562882706, -10.9680413019016, -10.0800842620649, -9.19268211924236, -8.30582472083998, -7.41950141684913, -6.53370107141609, -5.6484120747389, -4.76362235527836, -3.8793193922676, -2.99549022850704, -2.11212148343017, -1.22919936642742, -0.346709690414229, 0.535362114368894, 1.41703098633732, 2.29831221833604, 3.17922144321841, 
4.05977461924104, 4.9399880152861, 5.8198781959222, 6.69946200631364, 7.57875655698894, 8.45777920847814, 9.33654755582828, 10.2150794130068, 11.0933927972015, 11.971505913026, 12.8494371366386, 13.7272049997842, 14.6048281737653, 15.4823254533517, 16.3597157406359, 17.2370180288407, 18.114251386089, 18.9914349391392, 19.8685878570973, 20.7457293351098, 21.6228785780459, 22.5000547841756, 23.3772771288505, 24.2545647481942, 25.1319367228099, 26.0094120615112, 26.8870096850844, 27.7647484100888, 28.6426469327018, 
29.5207238126177, 30.3989974570071, 31.2774861045435, 32.1562078095075, 33.0351804259753, 33.9144215920991, 34.7939487144905, 35.673778952714, 36.5539292038997, 37.4344160874866, 38.3152559301035, 39.1964647506007, 40.07805824524, 40.9600517730562, 41.8424603413994, 42.7252985916707, 43.6085807852625, 44.4923207897158, 45.3765320651064, 46.2612276506735, 47.1464201517035, 48.032121726682, 48.9183440747286, 49.805098423328, 50.6923955163711, 51.5802456025227, 52.4686584239278, 12.1955167545577, 12.191887942642, 
12.185222488878, 12.1755222570648, 12.1627899589605, 12.1470291528271, 12.1282442415236, 12.1064404701514, 12.0816239232547, 12.0538015215818, 12.0229810184122, 11.9891709954556, 11.9523808583297, 11.9126208316246, 11.8699019535613, 11.8242360702539, 11.7756358295841, 11.7241146746982, 11.6696868371372, 11.612367329611, 11.552171938427, 11.4891172155876, 11.4232204705651, 11.3544997617701, 11.2829738877247, 11.2086623779531, 11.1315854836051, 11.051764167824, 10.9692200958749, 10.8839756250458, 10.796053794336, 
10.7054783139476, 10.6122735545916, 10.5164645366255, 10.4180769190351, 10.3171369882752, 10.2136716469831, 10.1077084025796, 9.99927535576956, 9.88840118895811, 9.77511515459349, 9.65944706345121, 9.54142727287183, 9.42108667496504, 9.29845668479234, 9.17356922854, 9.04645673169438, 8.91715210723007, 8.78568874382243, 8.65210049409421, 8.51642166290665, 8.37868699570433, 8.23893166692301, 8.09719126846892, 7.9535017982777, 7.80789964896069, 7.66042159654565, 7.51110478931874, 7.35998673677388, 7.20710529867529, 
7.05249867423838, 6.89620539143382, 6.738264296419, 6.57871454310074, 6.41759558283246, 6.25494715424875, 6.09080927323961, 5.92522222306643, 5.75822654462091, 5.58986302682828, 5.42017269719499, 5.2491968125013, 5.07697684963854, 4.90355449659006, 4.7289716435551, 4.55327037421395, 4.37649295713265, 4.19868183730502, 4.01987962782938, 3.84012910171737, 3.65947318383122, 3.47795494294641, 3.29561758393568, 3.11250444007025, 2.92865896543414, 2.74412472744666, 2.55894539948848, 2.3731647536261, 2.18682665342926, 
1.9999750468762, 1.81265395934054, 1.62490748665439, 1.43677978824142, 1.2483150803138, 1.05955762912666, 0.870551744283688, 0.681341772087507, 0.491972088927795, 0.302487094700979, 0.112931206254331, -0.0766511491520419, -0.266215540372258, -0.455717538897801, -0.6451127253832, -0.834356696181516, -1.0234050698962, -1.21221349395636, -1.40073765122183, -1.58893326662532, -1.77675611385754, -1.9641620221026, -2.15110688282945, -2.33754665664621, -2.52343738022311, -2.70873517329065, -2.89339624571819, 
-3.07737690467937, -3.26063356190936, -3.44312274105967, -3.62480108515534, -3.80562536415961, -3.98555248265072, -4.1645394876151, -4.34254357636127, -4.51952210455815, -4.69543259440154, -4.87023274291184, -5.04388043036602, -5.21633372886643, -5.38755091104888, -5.55749045893154, -5.72611107290649, -5.89337168087501, -6.05923144752725, -6.22364978376673, -6.38658635627957, -6.54800109724796)"
8337,SYC,BLZ,Seychellois Exclusive Economic Zone,52.4686584239278,-6.548001097247967,-88.71010485642817,17.200275090154324,"c(-88.7101048564282, -87.7884829725325, -86.8651974757682, -85.9402720873545, -85.0137324252063, -84.0856059925775, -83.1559221636693, -82.224712166143, -81.2920090604902, -80.3578477162177, -79.4222647848157, -78.4852986694861, -77.5469894916182, -76.6073790540084, -75.6665108008317, -74.7244297743839, -73.7811825686244, -72.8368172795595, -71.8913834525199, -70.944932026396, -69.9975152749066, -69.049186744988, -68.1000011924029, -67.1500145146765, -66.1992836814844, -65.2478666626191, -64.2958223536798, 
-63.3432104996352, -62.3900916164201, -61.4365269107342, -60.4825781982204, -59.528307820207, -58.5737785592029, -57.6190535533434, -56.6641962099862, -55.7092701186631, -54.7543389635945, -53.7994664359768, -52.8447161462525, -51.8901515365748, -50.9358357936756, -49.9818317623456, -49.0282018597312, -48.07500799065, -47.1223114641214, -46.1701729113044, -45.2186522050265, -44.2678083810835, -43.3176995614781, -42.3683828797617, -41.419914408629, -40.4723490899121, -39.5257406671026, -38.5801416205288, 
-37.6356031052953, -36.6921748920879, -35.749905310932, -34.8088411979818, -33.8690278454062, -32.930508954426, -31.9933265915453, -31.057521148008, -30.1231313025006, -29.1901939871098, -28.2587443565346, -27.3288157605405, -26.4004397196349, -25.4736459039336, -24.5484621151773, -23.6249142718506, -22.7030263973478, -21.7828206111213, -20.8643171227423, -19.9475342287979, -19.0324883125416, -18.1191938462104, -17.2076633959164, -16.2979076290182, -15.3899353238712, -14.4837533818582, -13.5793668415929, 
-12.6767788951936, -11.7759909065193, -10.8770024312612, -9.97981123878139, -9.08441333559347, -8.19080299037634, -7.29897276041802, -6.40891351938387, -5.52061448630872, -4.63406325571185, -3.74924582873814, -2.86614664523034, -1.98474861664056, -1.10503315969234, -0.226980230707852, 0.649431639481776, 1.52422531012149, 2.39742499468741, 3.26905622468277, 4.13914581314236, 5.00772181790808, 5.87481350473567, 6.74045131028754, 7.60466680506366, 8.46749265631826, 9.32896259100596, 10.1891113587978, 
11.0479746952035, 11.9055892848329, 12.7619927248253, 13.6172234884733, 14.4713208890632, 15.3243250439507, 16.1762768388888, 17.0272178926201, 17.8771905217442, 18.7262377058669, 19.5744030530362, 20.4217307654672, 21.2682656055549, 22.1140528621733, 22.9591383172546, 23.8035682126434, 24.6473892172152, 25.4906483942503, 26.333393169049, 27.1756712967776, 28.0175308305253, 28.8590200895612, 29.7001876277679, 30.541082202239, 31.381752742016, 32.2222483169476, 33.062618106649, 33.9029113695401, 34.7431774119408, 
35.5834655572007, 36.4238251148417, 37.2643053496901, 38.1049554509767, 38.9458245013814, 39.7869614460024, 40.6284150612262, 41.4702339234789, 42.3124663778381, 43.1551605064854, 43.9983640969818, 44.8421246103467, 45.6864891489259, 46.5315044240322, 47.3772167233441, 48.2236718780521, 49.07091522974, 49.9189915969937, 50.7679452417291, 51.6178198352349, 52.4686584239278, 17.2002750901543, 17.3675893693524, 17.5306726565886, 17.6894749912598, 17.8439474178035, 17.9940420213212, 18.1397119631975, 
18.2809115166438, 18.4175961020945, 18.5497223223845, 18.6772479976309, 18.800132199745, 18.9183352864955, 19.0318189350482, 19.1405461749013, 19.2444814201399, 19.3435905009309, 19.4378406941817, 19.5272007532846, 19.6116409368722, 19.6911330365089, 19.7656504032471, 19.8351679729753, 19.899662290493, 19.9591115322442, 20.0134955276481, 20.0627957789688, 20.1069954796658, 20.1460795311762, 20.1800345580784, 20.208848921596, 20.2325127314012, 20.2510178556841, 20.2643579294587, 20.2725283610819, 
20.2755263369643, 20.2733508244619, 20.2660025729372, 20.253484112989, 20.2357997538521, 20.2129555789737, 20.1849594397817, 20.1518209476609, 20.1135514641623, 20.0701640894732, 20.0216736491811, 19.968096679371, 19.9094514100982, 19.8457577472822, 19.7770372530766, 19.7033131247657, 19.6246101722501, 19.5409547941814, 19.4523749528109, 19.3589001476218, 19.2605613878131, 19.1573911637083, 19.0494234171628, 18.9366935110465, 18.8192381978757, 18.6970955876747, 18.5703051151432, 18.4389075062076, 
18.3029447440358, 18.1624600345917, 18.0174977718065, 17.8681035024436, 17.7143238907326, 17.5562066828432, 17.3938006712745, 17.2271556592272, 17.0563224250271, 16.8813526866673, 16.7022990665303, 16.519215056353, 16.3321549824913, 16.1411739715416, 15.946327916371, 15.7476734426059, 15.5452678756273, 15.3391692081165, 15.1294360681908, 14.9161276881703, 14.6993038740077, 14.4790249754153, 14.2553518567184, 14.0283458684596, 13.7980688197793, 13.5645829515918, 13.3279509105756, 13.0882357239914, 
12.8455007753429, 12.5998097808879, 12.3512267670082, 12.0998160484439, 11.8456422073941, 11.5887700734857, 11.3292647046079, 11.06719136861, 10.8026155258574, 10.5356028126379, 10.2662190254109, 9.99453010588859, 9.72060212693822, 9.44450127929164, 9.16629385904857, 8.88604625595767, 8.60382494245934, 8.31969646347221, 8.03372742690497, 7.74598449487436, 7.45653437560881, 7.16544381601715, 6.87277959490056, 6.57860851678593, 6.28299740635759, 5.9860131034647, 5.68772245868028, 5.38819232938826, 
5.08748957637408, 4.78568106089428, 4.48283364220028, 4.17901417549129, 3.8742895102709, 3.56872648908222, 3.26239194659577, 2.9553527090244, 2.64767559383972, 2.33942740976377, 2.03067495701036, 1.72148502774975, 1.41192440677092, 1.10205987231501, 0.791958197054214, 0.481686149189599, 0.171310493641982, -0.139102006690422, -0.449484589633755, -0.759770492425773, -1.06989295041494, -1.37978519579725, -1.68938045641733, -1.99861195465961, -2.30741290645601, -2.61571652043608, -2.92345599724584, -3.23056452906133, 
-3.5369752993229, -3.84262148271647, -4.14743624542723, -4.45135274569238, -4.75430413467794, -5.05622355770602, -5.35704415585755, -5.65669906797646, -5.95512143310016, -6.25224439334161, -6.54800109724796)"
8337,SYC,PAN,Seychellois Exclusive Economic Zone,52.4686584239278,-6.548001097247967,-80.1191515612474,8.51750797491118,"c(-80.1191515612474, -79.2168820666618, -78.3146981624602, -77.412609384266, -76.5106251693762, -75.6087548470768, -74.7070076290882, -73.8053926001538, -72.9039187087816, -72.0025947581503, -71.1014293971896, -70.200431111846, -69.2996082165418, -68.3989688458395, -67.4985209463185, -66.5982722686736, -65.6982303600445, -64.7984025565826, -63.8987959762638, -62.9994175119547, -62.1002738247381, -61.2013713375043, -60.3027162288151, -59.4043144270448, -58.5061716048033, -57.6082931736472, -56.7106842790818, 
-55.8133497958578, -54.9162943235671, -54.0195221825396, -53.1230374100437, -52.2268437567927, -51.3309446837586, -50.4353433592953, -49.54004265657, -48.6450451513059, -47.7503531198343, -46.8559685374564, -45.961893077114, -45.0681281083688, -44.1746746966874, -43.2815336030319, -42.3887052837521, -41.4961898907798, -40.6039872721191, -39.7120969726323, -38.8205182351175, -37.9292500016736, -37.0382909153496, -36.1476393220752, -35.2572932728657, -34.3672505263, -33.477508551265, -32.5880645299624, 
-31.6989153611724, -30.8100576637699, -29.9214877804872, -29.0332017819179, -28.1451954707575, -27.2574643862728, -26.3700038089964, -25.48280876564, -24.5958740342194, -23.7091941493865, -22.8227634079615, -21.9365758746597, -21.0506253880056, -20.1649055664294, -19.279409814539, -18.3941313295608, -17.5090631079436, -16.624197952119, -15.739528477412, -14.8550471190955, -13.9707461395818, -13.086617635746, -12.2026535463732, -11.3188456597248, -10.4351856212166, -9.55166494120292, -8.6682750028595, 
-7.78500707016039, -6.90185229594127, -6.01880173004361, -5.13584632753313, -4.25297695698663, -3.37018440884083, -2.48745940379689, -1.60479260127505, -0.722174607912279, 0.160404013902138, 1.04295273745996, 1.92548106314214, 2.80799850980767, 3.69051460616964, 4.57303888216413, 5.45558086031841, 6.33815004712423, 7.22075592442249, 8.1034079408054, 8.98611550304182, 9.86888796753252, 10.751734631801, 11.634664726026, 12.5176874046225, 13.4008117378759, 14.2840467036375, 15.1674011790859, 16.0508839325609, 
16.9345036154768, 17.8182687543208, 18.7021877427422, 19.5862688337398, 20.4705201319534, 21.354949586065, 22.2395649813171, 23.1243739321538, 24.0093838749911, 24.8946020611231, 25.7800355497697, 26.6656912012733, 27.55157567045, 28.4376954001012, 29.3240566146941, 30.2106653142143, 31.0975272681994, 31.9846480099585, 32.8720328309845, 33.7596867755644, 34.6476146355952, 35.5358209456099, 36.4243099780209, 37.3130857385852, 38.2021519620993, 39.0915121083275, 39.98116935817, 40.8711266100764, 41.7613864767102, 
42.6519512818682, 43.5428230576616, 44.4340035419623, 45.3254941761195, 46.2172961029513, 47.1094101650154, 48.0018369031628, 48.8945765553788, 49.7876290559137, 50.6809940347086, 51.5746708171174, 52.4686584239278, 8.51750797491118, 8.50036190733478, 8.48113889852719, 8.45984392226239, 8.43648248616621, 8.41106062961013, 8.38358492140789, 8.35406245731737, 8.32250085735079, 8.28890826289594, 8.25329333365174, 8.21566524438134, 8.17603368148639, 8.13440883940608, 8.09080141684476, 8.04522261283223, 
7.99768412262061, 7.94819813342225, 7.89677731999292, 7.8434348400648, 7.78818432963378, 7.73103989810588, 7.6720161233073, 7.61112804636329, 7.54839116645023, 7.48382143542625, 7.41743525234526, 7.34924945785917, 7.27928132851369, 7.20754857094235, 7.13406931596407, 7.05886211258914, 6.98194592193867, 6.90334011108237, 6.82306444679978, 6.74113908926967, 6.65758458569252, 6.57242186385083, 6.48567222561194, 6.39735734037799, 6.30749923848762, 6.21612030457365, 6.12324327088133, 6.02889121055124, 
5.93308753087092, 5.83585596649945, 5.73722057266856, 5.63720571836424, 5.53583607949247, 5.43313663203234, 5.3291326451802, 5.22384967448778, 5.11731355499755, 5.00955039437798, 4.90058656606176, 4.79044870238928, 4.67916368776007, 4.56675865179423, 4.45326096250633, 4.33869821949342, 4.22309824713916, 4.10648908783575, 3.98889899522509, 3.87035642746058, 3.75089004049076, 3.63052868136587, 3.50930138156819, 3.38723735036697, 3.26436596819853, 3.14071678007204, 3.01631948900132, 2.89120394946281, 
2.76540016087981, 2.63893826113299, 2.51184852009686, 2.38416133320206, 2.25590721502277, 2.12711679288923, 1.997820800524, 1.8680500717019, 1.73783553393245, 1.60720820216382, 1.47619917250745, 1.34483961598227, 1.21316077227704, 1.08119394352995, 0.948970488123834, 0.816521814495843, 0.683879374960014, 0.551074659541356, 0.418139189819797, 0.28510451278261, 0.152002194683519, 0.0188638149070925, -0.114279040163424, -0.247394783276306, -0.380451832441366, -0.513418617061433, -0.646263584066716, 
-0.778955204054128, -0.911461977432793, -1.04375244057748, -1.17579517199161, -1.30755879848127, -1.43901200134175, -1.57012352255802, -1.70086217102067, -1.83119682875848, -1.96109645718894, -2.09053010338805, -2.21946690638028, -2.34787610344999, -2.47572703647509, -2.60298915828386, -2.72963203903576, -2.85562537262678, -2.98093898311997, -3.10554283120166, -3.22940702066356, -3.35250180491104, -3.47479759349777, -3.59626495868645, -3.71687464203572, -3.83659756101287, -3.95540481563174, -4.07326769511556, 
-4.19015768458372, -4.30604647176172, -4.42090595371329, -4.53470824359354, -4.64742567742171, -4.75903082087221, -4.86949647608212, -4.97879568847357, -5.08690175358898, -5.19378822393695, -5.29942891584685, -5.4037979163293, -5.50686958994042, -5.6086185856467, -5.709019843688, -5.80804860243548, -5.90568040524127, -6.00189110727671, -6.09665688235559, -6.18995422973896, -6.28175998091753, -6.37205130636819, -6.4608057222803, -6.54800109724796)"
