year,eez_id,fao_region,lat_cen,lon_cen,flag_iso3,fishing_hours,fishing_KWh,bad_subs_per_fishing_KWh,ugly_subs_per_fishing_KWh,bad_subs,ugly_subs
2018,0000,48,-63.050000000000004,-60.85000000000001,CHL,0.8205555555555558,1223.612444444445,1.43447,0.03905,1755.2353431822228,47.782065955555574
2018,0000,48,-61.150000000000006,-55.95,CHL,3.7149999999999976,7102.039799999996,1.43447,0.03905,10187.663031905993,277.33465418999987
2018,0000,48,-61.25000000000001,-55.75000000000001,CHL,1.3708333333333336,2620.6495000000004,1.43447,0.03905,3759.2430882650006,102.33636297500001
2018,0000,48,-60.45,-47.050000000000004,CHL,0.1577777777777778,301.6269333333334,1.43447,0.03905,432.6747870586667,11.778531746666669
2018,0000,48,-62.150000000000006,-60.95,CHL,0.5833333333333334,869.8666666666668,1.43447,0.03905,1247.7976373333333,33.96829333333334
2018,0000,48,-60.95,-44.95,CHL,0.6436111111111112,1230.4042333333337,1.43447,0.03905,1764.977960589667,48.047285311666684
2018,0000,48,-62.75000000000001,-59.25000000000001,CHL,0.7966666666666667,1187.9893333333334,1.43447,0.03905,1704.1350589866668,46.390983466666675
2018,0000,48,-62.050000000000004,-62.050000000000004,CHL,0.09944444444444443,148.29155555555553,1.43447,0.03905,212.71978769777772,5.790785244444444
2018,0000,48,-62.95,-60.95,CHL,1.593888888888889,2376.807111111111,1.43447,0.03905,3409.4584966755556,92.81431768888889
2018,0000,48,-50.650000000000006,4.75,CHL,0.965277777777778,1439.4222222222227,1.43447,0.03905,2064.8079951111117,56.2094377777778
2018,0000,48,-62.45,-59.550000000000004,CHL,2.4413888888888864,3640.5991111111075,1.43447,0.03905,5222.33020691555,142.16539528888876
2018,0000,48,-61.150000000000006,-56.050000000000004,CHL,5.1011111111111065,9751.896133333325,1.43447,0.03905,13988.802446382653,380.81154400666634
2018,0000,48,-60.45,-46.85000000000001,CHL,0.7963888888888888,1522.4725666666666,1.43447,0.03905,2183.941222706333,59.452553728333335
2018,0000,48,-60.45,-46.650000000000006,CHL,0.7808333333333334,1492.7347000000002,1.43447,0.03905,2141.283145109,58.29129003500001
2018,0000,48,-62.25000000000001,-58.85000000000001,CHL,21.182777777777822,31587.758222222288,1.43447,0.03905,45311.691537031205,1233.5019585777804
2018,0000,48,-61.150000000000006,-55.75000000000001,CHL,0.13277777777777777,253.83393333333333,1.43447,0.03905,364.1171623486666,9.912215096666667
2018,0000,48,-60.85000000000001,-55.45,CHL,2.327222222222222,4448.997266666666,1.43447,0.03905,6381.953109115332,173.73334326333332
2018,0000,48,-59.85000000000001,-48.550000000000004,CHL,0.5163888888888889,987.1909666666667,1.43447,0.03905,1416.0958259543333,38.54980724833334
2018,0000,48,-61.25000000000001,-55.95,CHL,0.36194444444444446,691.9364333333334,1.43447,0.03905,992.5620555236667,27.020117721666672
2018,0000,48,-62.050000000000004,-61.95,CHL,0.55,820.1600000000001,1.43447,0.03905,1176.4949152000002,32.02724800000001
2018,0000,48,-62.85000000000001,-60.95,CHL,1.7172222222222207,2560.7217777777755,1.43447,0.03905,3673.2785685688855,99.99618542222214
2018,0000,48,-62.050000000000004,-61.35000000000001,CHL,0.986111111111111,1470.4888888888888,1.43447,0.03905,2109.3721964444444,57.42259111111111
2018,0000,48,-61.150000000000006,-55.85000000000001,CHL,2.1030555555555552,4020.453366666666,1.43447,0.03905,5767.219740882332,156.99870396833333
2018,0000,48,-62.95,-60.35000000000001,CHL,0.2177777777777778,324.75022222222225,1.43447,0.03905,465.8444512711111,12.68149617777778
2018,0000,48,-63.95,-61.35000000000001,CHL,0.596388888888889,889.3351111111112,1.43447,0.03905,1275.7245368355557,34.728536088888895
2018,0000,48,-60.95,-55.150000000000006,CHL,5.694166666666667,10885.6523,1.43447,0.03905,15615.141654780999,425.084722315
2018,0000,48,-62.35000000000001,-58.650000000000006,CHL,15.780000000000053,23531.13600000008,1.43447,0.03905,33754.70865792011,918.8908608000031
2018,0000,48,-62.050000000000004,-61.550000000000004,CHL,1.249444444444444,1863.1715555555547,1.43447,0.03905,2672.6637012977762,72.75684924444441
2018,0000,48,-62.550000000000004,-59.650000000000006,CHL,13.253888888888929,19764.19911111117,1.43447,0.03905,28351.15069891564,771.7919752888913
2018,0000,48,-60.95,-45.35000000000001,CHL,0.03305555555555556,63.19296666666668,1.43447,0.03905,90.64841489433334,2.4676853483333336
2018,0000,48,-60.650000000000006,-44.050000000000004,CHL,0.45111111111111113,862.3981333333334,1.43447,0.03905,1237.0842503226665,33.67664710666667
2018,0000,48,-60.95,-44.45,CHL,0.28138888888888886,537.9367666666666,1.43447,0.03905,771.6541536803331,21.006430738333332
2018,0000,48,-60.45,-46.45,CHL,1.0433333333333332,1994.5611999999999,1.43447,0.03905,2861.138204564,77.88761486
2018,0000,48,-62.550000000000004,-59.550000000000004,CHL,1.7313888888888873,2581.847111111109,1.43447,0.03905,3703.582225475552,100.8211296888888
2018,0000,48,-60.95,-45.25000000000001,CHL,0.5652777777777779,1080.6528333333335,1.43447,0.03905,1550.164069831667,42.19949314166668
2018,0000,48,-50.75000000000001,4.55,CHL,0.6497222222222222,968.8657777777778,1.43447,0.03905,1389.808892248889,37.83420862222222
2018,0000,48,-50.95,4.45,CHL,0.656388888888889,978.8071111111113,1.43447,0.03905,1404.0694366755558,38.222417688888896
2018,0000,48,-60.35000000000001,-46.35000000000001,CHL,0.21361111111111108,408.3646333333333,1.43447,0.03905,585.7868155776666,15.946638931666666
2018,0000,48,-60.85000000000001,-55.85000000000001,CHL,0.3516666666666666,672.2882,1.43447,0.03905,964.3772542539999,26.25285421
2018,0000,48,-62.650000000000006,-59.75000000000001,CHL,2.3813888888888872,3551.1271111111087,1.43447,0.03905,5093.985307075552,138.6715136888888
2018,0000,48,-62.650000000000006,-59.25000000000001,CHL,1.0722222222222226,1598.8977777777784,1.43447,0.03905,2293.5708952888895,62.43695822222225
2018,0000,48,-62.650000000000006,-59.650000000000006,CHL,7.985277777777783,11907.646222222229,1.43447,0.03905,17081.161276391118,464.9935849777781
2018,0000,48,-62.85000000000001,-61.150000000000006,CHL,0.6027777777777779,898.8622222222224,1.43447,0.03905,1289.3908919111113,35.100569777777785
2018,0000,48,-62.95,-61.650000000000006,CHL,0.45166666666666666,673.5253333333334,1.43447,0.03905,966.1518849066666,26.30116426666667
2018,0000,48,-60.95,-46.150000000000006,CHL,0.035833333333333335,68.50330000000001,1.43447,0.03905,98.265928751,2.6750538650000006
2018,0000,48,-62.550000000000004,-59.85000000000001,CHL,83.2477777777776,124139.08622222196,1.43447,0.03905,178073.7950131907,4847.631316977768
2018,0000,48,-60.95,-55.35000000000001,CHL,0.7780555555555557,1487.424366666667,1.43447,0.03905,2133.6656312523337,58.083921518333355
2018,0000,48,-60.650000000000006,-47.35000000000001,CHL,0.5955555555555557,1138.535466666667,1.43447,0.03905,1633.1949708693337,44.45980997333334
2018,0000,48,-63.25000000000001,-61.45,CHL,1.258611111111111,1876.8408888888887,1.43447,0.03905,2692.271949884444,73.2906367111111
2018,0000,48,-64.65,-62.150000000000006,CHL,0.33722222222222226,502.86577777777785,1.43447,0.03905,721.3458722488889,19.636908622222226
2018,0000,48,-62.650000000000006,-59.35000000000001,CHL,0.9416666666666669,1404.2133333333336,1.43447,0.03905,2014.301900266667,54.83453066666668
2018,0000,48,-60.650000000000006,-43.85000000000001,CHL,1.2875,2461.3395,1.43447,0.03905,3530.7176725649997,96.11530747500001
2018,0000,48,-61.35000000000001,-55.35000000000001,CHL,0.7480555555555556,1430.0727666666667,1.43447,0.03905,2051.396481600333,55.84434153833334
2018,0000,48,-64.45,-61.85000000000001,CHL,1.0522222222222224,1569.073777777778,1.43447,0.03905,2250.789262008889,61.27233102222224
2018,0000,48,-60.85000000000001,-55.550000000000004,CHL,2.3652777777777776,4521.748833333333,1.43447,0.03905,6486.313048951666,176.57429194166667
2018,0000,48,-60.45,-46.95,CHL,1.1277777777777778,2155.9953333333333,1.43447,0.03905,3092.7106258066665,84.19161776666667
2018,0000,48,-62.550000000000004,-59.25000000000001,CHL,0.09722222222222222,144.9777777777778,1.43447,0.03905,207.96627288888888,5.6613822222222225
2018,0000,48,-63.150000000000006,-61.35000000000001,CHL,2.4474999999999993,3649.711999999999,1.43447,0.03905,5235.402372639998,142.52125359999997
2018,0000,48,-62.550000000000004,-59.75000000000001,CHL,34.76472222222217,51841.1537777777,1.43447,0.03905,74364.57985960877,2024.397055022219
2018,0000,48,-62.25000000000001,-58.35000000000001,CHL,0.11305555555555556,168.58844444444446,1.43447,0.03905,241.83506590222223,6.5833787555555565
2018,0000,48,-62.150000000000006,-60.85000000000001,CHL,0.13166666666666668,196.34133333333335,1.43447,0.03905,281.64575242666666,7.667129066666668
2018,0000,48,-62.45,-60.050000000000004,CHL,2.0105555555555554,2998.1404444444443,1.43447,0.03905,4300.742523342222,117.07738435555555
2018,0000,48,-60.650000000000006,-44.25000000000001,CHL,0.13083333333333333,250.1167,1.43447,0.03905,358.784902649,9.767057135
2018,0000,48,-50.85000000000001,4.55,CHL,1.8472222222222223,2754.577777777778,1.43447,0.03905,3951.359184888889,107.56626222222224
2018,0000,48,-63.25000000000001,-61.35000000000001,CHL,2.294166666666665,3421.0613333333313,1.43447,0.03905,4907.409850826663,133.59244506666658
2018,0000,48,-60.45,-45.85000000000001,CHL,1.8591666666666666,3554.2061,1.43447,0.03905,5098.402024266999,138.791748205
2018,0000,48,-61.25000000000001,-55.650000000000006,CHL,1.8133333333333328,3466.585599999999,1.43447,0.03905,4972.713045631998,135.37016767999995
2018,0000,48,-61.25000000000001,-55.45,CHL,0.7691666666666667,1470.4313,1.43447,0.03905,2109.289586911,57.420342265
2018,0000,48,-50.650000000000006,4.65,CHL,0.34944444444444445,521.0915555555556,1.43447,0.03905,747.4902036977778,20.348625244444445
2018,0000,48,-62.050000000000004,-60.95,CHL,0.06666666666666667,99.41333333333334,1.43447,0.03905,142.60544426666667,3.882090666666667
2018,0000,48,-50.45,4.95,CHL,2.424166666666667,3614.9173333333338,1.43447,0.03905,5185.490467146667,141.16252186666668
2018,0000,48,-63.050000000000004,-61.35000000000001,CHL,0.48166666666666663,718.2613333333333,1.43447,0.03905,1030.3243348266665,28.048105066666665
2018,0000,48,-61.25000000000001,-55.150000000000006,CHL,3.2194444444444437,6154.676333333332,1.43447,0.03905,8828.698559876664,240.34011081666662
2018,0000,48,-62.550000000000004,-59.45,CHL,6.849722222222225,10214.305777777783,1.43447,0.03905,14652.115209048896,398.8686406222224
2018,0000,48,-62.45,-58.85000000000001,CHL,2.2588888888888876,3368.455111111109,1.43447,0.03905,4831.947803235553,131.5381720888888
2018,0000,48,-60.85000000000001,-55.75000000000001,CHL,4.242499999999996,8110.472099999993,1.43447,0.03905,11634.228913286988,316.7139355049997
2018,0000,48,-60.45,-45.75000000000001,CHL,1.5047222222222223,2876.607566666667,1.43447,0.03905,4126.4072561563335,112.33152547833335
2018,0000,48,-60.95,-55.85000000000001,CHL,1.8402777777777772,3518.0958333333324,1.43447,0.03905,5046.602930041665,137.38164229166662
2018,0000,48,-60.550000000000004,-47.25000000000001,CHL,0.06972222222222223,133.28936666666667,1.43447,0.03905,191.19959780233333,5.204949768333334
2018,0000,48,-60.45,-45.45,CHL,0.1636111111111111,312.7786333333333,1.43447,0.03905,448.6715661576666,12.214005631666666
2018,0000,48,-62.550000000000004,-59.95,CHL,25.216388888888915,37602.67911111115,1.43447,0.03905,53939.91510451561,1468.3846192888905
2018,0000,48,-63.25000000000001,-61.150000000000006,CHL,0.4113888888888889,613.4631111111112,1.43447,0.03905,879.9944289955556,23.955734488888893
2018,0000,48,-62.75000000000001,-60.150000000000006,CHL,0.7922222222222224,1181.3617777777781,1.43447,0.03905,1694.6280293688892,46.132177422222234
2018,0000,48,-61.050000000000004,-55.95,CHL,0.014722222222222222,28.144766666666666,1.43447,0.03905,40.37282344033333,1.0990531383333333
2018,0000,48,-62.050000000000004,-61.650000000000006,CHL,0.7833333333333335,1168.106666666667,1.43447,0.03905,1675.6139701333339,45.614565333333346
2018,0000,48,-62.050000000000004,-61.85000000000001,CHL,0.5713888888888888,852.055111111111,1.43447,0.03905,1222.2474952355553,33.272752088888886
2018,0000,48,-63.150000000000006,-61.45,CHL,0.6300000000000001,939.4560000000002,1.43447,0.03905,1347.6214483200004,36.685756800000014
2018,0000,48,-60.45,-46.35000000000001,CHL,4.151666666666665,7936.824199999996,1.43447,0.03905,11385.136210173994,309.93298500999987
2018,0000,48,-60.45,-46.050000000000004,CHL,2.5808333333333318,4933.830699999997,1.43447,0.03905,7077.432124228995,192.66608883499987
2018,0000,48,-64.55000000000001,-62.050000000000004,CHL,0.5016666666666666,748.0853333333332,1.43447,0.03905,1073.1059681066665,29.212732266666663
2018,0000,48,-60.550000000000004,-45.45,CHL,0.2825,540.0609,1.43447,0.03905,774.7011592229999,21.089378144999998
2018,0000,48,-60.650000000000006,-46.95,CHL,0.7086111111111112,1354.6660333333334,1.43447,0.03905,1943.2277848356666,52.899708601666674
2018,0000,48,-60.45,-46.25000000000001,CHL,0.8169444444444447,1561.769033333334,1.43447,0.03905,2240.3108252456673,60.987080751666696
2018,0000,48,-62.85000000000001,-60.150000000000006,CHL,0.09305555555555556,138.76444444444445,1.43447,0.03905,199.05343262222223,5.418751555555556
2018,0000,48,-60.25000000000001,-46.150000000000006,CHL,1.6666666666666659,3186.1999999999985,1.43447,0.03905,4570.508313999998,124.42110999999994
2018,0000,48,-62.45,-59.050000000000004,CHL,0.21666666666666667,323.09333333333336,1.43447,0.03905,463.4676938666667,12.616794666666669
2018,0000,48,-62.95,-61.150000000000006,CHL,2.009166666666666,2996.0693333333325,1.43447,0.03905,4297.771576586665,116.99650746666664
2018,0000,48,-60.550000000000004,-47.150000000000006,CHL,0.07361111111111111,140.72383333333335,1.43447,0.03905,201.86411720166666,5.495265691666668
2018,0000,48,-60.45,-45.650000000000006,CHL,0.7955555555555556,1520.8794666666668,1.43447,0.03905,2181.6559685493335,59.39034317333334
2018,0000,48,-50.550000000000004,5.05,CHL,0.495,738.144,1.43447,0.03905,1058.8454236799998,28.8245232
2018,0000,48,-61.25000000000001,-56.050000000000004,CHL,1.613333333333333,3084.2415999999994,1.43447,0.03905,4424.252047951999,120.43963447999998
2018,0000,48,-63.95,-61.25000000000001,CHL,0.11111111111111112,165.6888888888889,1.43447,0.03905,237.67574044444444,6.470151111111112
2018,0000,48,-62.050000000000004,-61.45,CHL,0.8991666666666667,1340.8373333333334,1.43447,0.03905,1923.3909295466667,52.35969786666667
2018,0000,48,-62.050000000000004,-61.050000000000004,CHL,0.766388888888889,1142.8391111111114,1.43447,0.03905,1639.3684197155558,44.6278672888889
2018,0000,48,-62.650000000000006,-59.45,CHL,2.12111111111111,3163.0008888888874,1.43447,0.03905,4537.229885084442,123.51518471111106
2018,0000,48,-62.95,-61.25000000000001,CHL,0.8752777777777779,1305.2142222222226,1.43447,0.03905,1872.2906453511116,50.968615377777795
2018,0000,48,-62.550000000000004,-59.35000000000001,CHL,4.065277777777774,6062.142222222216,1.43447,0.03905,8695.961153511102,236.72665377777756
2018,0000,48,-63.050000000000004,-61.25000000000001,CHL,1.163611111111111,1735.1768888888887,1.43447,0.03905,2489.059191804444,67.75865751111111
2018,0000,48,-64.55000000000001,-61.650000000000006,CHL,2.0480555555555546,3054.060444444443,1.43447,0.03905,4380.95808574222,119.2610603555555
2018,0000,48,-62.95,-61.45,CHL,1.2836111111111113,1914.120888888889,1.43447,0.03905,2745.7489914844446,74.74642071111113
2018,0000,48,-59.85000000000001,-48.650000000000006,CHL,0.702777777777778,1343.5143333333338,1.43447,0.03905,1927.2310057366672,52.46423471666669
2018,0000,48,-60.550000000000004,-45.050000000000004,CHL,0.31861111111111107,609.0952333333332,1.43447,0.03905,873.7288393596665,23.785168861666662
2018,0000,48,-61.050000000000004,-55.75000000000001,CHL,0.18833333333333332,360.0406,1.43447,0.03905,516.4674394819999,14.05958543
2018,0000,48,-60.550000000000004,-47.35000000000001,CHL,0.9180555555555561,1755.0651666666677,1.43447,0.03905,2517.5883296283346,68.53529475833338
2018,0000,48,-50.75000000000001,4.65,CHL,1.0730555555555557,1600.1404444444447,1.43447,0.03905,2295.3534633422223,62.48548435555557
2018,0000,48,-60.85000000000001,-47.050000000000004,CHL,0.6394444444444445,1222.4387333333334,1.43447,0.03905,1753.5516898046667,47.73623253666667
2018,0000,48,-62.050000000000004,-61.75000000000001,CHL,0.6108333333333335,910.8746666666668,1.43447,0.03905,1306.6223830933334,35.56965573333334
2018,0000,48,-50.650000000000006,4.8500000000000005,CHL,0.4738888888888889,706.6631111111112,1.43447,0.03905,1013.6870329955557,27.595194488888893
2018,0000,48,-61.050000000000004,-55.85000000000001,CHL,0.7416666666666665,1417.8589999999997,1.43447,0.03905,2033.8761997299994,55.36739394999999
2018,0000,48,-60.550000000000004,-45.35000000000001,CHL,0.3175,606.9711,1.43447,0.03905,870.6818338169999,23.702221455
2018,0000,48,-60.95,-44.35000000000001,CHL,3.6941666666666637,7062.212299999995,1.43447,0.03905,10130.531677980991,275.77939031499983
2018,0000,48,-62.75000000000001,-58.85000000000001,CHL,0.08305555555555555,123.85244444444444,1.43447,0.03905,177.6626159822222,4.836437955555556
2018,0000,48,-62.45,-58.75000000000001,CHL,0.7308333333333333,1089.8186666666668,1.43447,0.03905,1563.3121827733335,42.55741893333334
2018,0000,48,-60.35000000000001,-46.75000000000001,CHL,0.5816666666666667,1111.9838,1.43447,0.03905,1595.107401586,43.422967390000004
2018,0000,48,-60.45,-46.75000000000001,CHL,2.1927777777777773,4191.977133333333,1.43447,0.03905,6013.265438452666,163.69670705666667
2018,0000,48,-62.650000000000006,-59.550000000000004,CHL,9.951944444444475,14840.339555555602,1.43447,0.03905,21288.021882257843,579.5152596444462
2018,0000,48,-60.85000000000001,-43.95,CHL,0.12472222222222222,238.43396666666666,1.43447,0.03905,342.0263721643333,9.310846398333334
2018,0000,48,-60.85000000000001,-55.650000000000006,CHL,4.005833333333331,7658.031699999995,1.43447,0.03905,10985.216732698993,299.04613788499984
2018,0000,48,-62.95,-60.85000000000001,CHL,3.762222222222221,5610.225777777776,1.43447,0.03905,8047.700571448886,219.07931662222217
2018,0000,48,-51.050000000000004,4.45,CHL,0.8241666666666666,1228.9973333333332,1.43447,0.03905,1762.9598047466664,47.99234586666667
2018,0000,48,-62.95,-60.75000000000001,CHL,0.16083333333333333,239.83466666666666,1.43447,0.03905,344.0356342933333,9.365543733333334
2018,0000,48,-61.050000000000004,-56.150000000000006,CHL,1.4508333333333328,2773.587099999999,1.43447,0.03905,3978.627487336998,108.30857625499996
2018,0000,48,-60.75000000000001,-55.25000000000001,CHL,1.7830555555555554,3408.7029666666663,1.43447,0.03905,4889.682144594332,133.1098508483333
2018,0000,48,-60.550000000000004,-47.050000000000004,CHL,1.0169444444444442,1944.1130333333329,1.43447,0.03905,2788.7718229256657,75.91761395166665
2018,0000,48,-62.45,-59.95,CHL,0.9322222222222223,1390.129777777778,1.43447,0.03905,1994.0994623288889,54.28456782222223
2018,0000,48,-60.650000000000006,-43.95,CHL,1.254166666666666,2397.6154999999985,1.43447,0.03905,3439.3075062849975,93.62688527499995
2018,0000,48,-64.45,-61.650000000000006,CHL,7.611944444444445,11350.931555555557,1.43447,0.03905,16282.570788497778,443.2538772444445
2018,0000,48,-63.25000000000001,-61.25000000000001,CHL,1.5744444444444443,2347.8115555555555,1.43447,0.03905,3367.8652420977774,91.68204124444445
2018,0000,48,-60.45,-45.550000000000004,CHL,0.07166666666666667,137.00660000000002,1.43447,0.03905,196.531857502,5.350107730000001
2018,0000,48,-60.95,-55.650000000000006,CHL,0.08333333333333333,159.31,1.43447,0.03905,228.5254157,6.2210555
2018,0000,48,-60.45,-45.95,CHL,1.7199999999999993,3288.158399999999,1.43447,0.03905,4716.764580047998,128.40258551999997
2018,0000,48,-62.75000000000001,-60.25000000000001,CHL,5.155000000000002,7687.136000000003,1.43447,0.03905,11026.965977920005,300.1826608000001
2018,0000,48,-62.35000000000001,-58.75000000000001,CHL,10.525000000000011,15694.880000000017,1.43447,0.03905,22513.834513600024,612.8850640000007
2018,0000,48,-61.35000000000001,-55.150000000000006,CHL,0.1761111111111111,336.67513333333335,1.43447,0.03905,482.95037851266665,13.147163956666668
2018,0000,48,-60.650000000000006,-47.150000000000006,CHL,0.8183333333333335,1564.4242000000004,1.43447,0.03905,2244.1195821740002,61.09076501000002
2018,0000,48,-60.75000000000001,-55.35000000000001,CHL,0.2791666666666667,533.6885,1.43447,0.03905,765.5601425949999,20.840535925
2018,0000,48,-61.25000000000001,-56.150000000000006,CHL,0.9208333333333335,1760.3755000000003,1.43447,0.03905,2525.2058434850005,68.74266327500001
2018,0000,48,-60.95,-55.050000000000004,CHL,4.634444444444442,8859.76013333333,1.43447,0.03905,12709.060118462661,345.97363320666653
2018,0000,48,-60.95,-55.45,CHL,2.2144444444444433,4233.397733333331,1.43447,0.03905,6072.682046534664,165.3141814866666
2018,0000,48,-62.95,-61.050000000000004,CHL,1.1227777777777779,1674.2862222222225,1.43447,0.03905,2401.7133571911113,65.38087697777779
2018,0000,48,-60.650000000000006,-47.45,CHL,0.8427777777777778,1611.1551333333334,1.43447,0.03905,2311.1537041126667,62.91560795666667
2018,0000,48,-62.25000000000001,-58.75000000000001,CHL,22.823611111111163,34034.56888888896,1.43447,0.03905,48821.56803404455,1329.0499151111142
2018,0000,48,-60.95,-55.25000000000001,CHL,0.5777777777777777,1104.5493333333332,1.43447,0.03905,1584.4428821866663,43.13265146666666
2018,0000,48,-62.050000000000004,-61.25000000000001,CHL,1.2033333333333334,1794.4106666666667,1.43447,0.03905,2574.028269013333,70.07173653333334
2018,0000,48,-62.45,-58.95,CHL,2.484444444444444,3704.803555555555,1.43447,0.03905,5314.429556337776,144.67257884444442
2018,0000,48,-62.75000000000001,-59.050000000000004,CHL,2.184999999999999,3258.271999999999,1.43447,0.03905,4673.893435839998,127.23552159999997
2018,0000,48,-62.95,-61.35000000000001,CHL,1.2816666666666665,1911.2213333333332,1.43447,0.03905,2741.5896660266662,74.63319306666666
2018,0000,48,-62.050000000000004,-61.150000000000006,CHL,0.6805555555555556,1014.8444444444445,1.43447,0.03905,1455.7639102222222,39.62967555555556
2018,0000,48,-60.85000000000001,-46.95,CHL,0.41694444444444445,797.0810333333334,1.43447,0.03905,1143.3888298856666,31.12601435166667
2018,0000,48,-61.150000000000006,-56.150000000000006,CHL,0.6808333333333335,1301.5627000000004,1.43447,0.03905,1867.0526462690004,50.82602343500002
2018,0000,48,-60.95,-44.85000000000001,CHL,0.17444444444444446,333.48893333333336,1.43447,0.03905,478.3798701986667,13.022742846666668
2018,0000,48,-50.550000000000004,4.8500000000000005,CHL,0.32749999999999996,488.36799999999994,1.43447,0.03905,700.5492449599999,19.070770399999997
2018,0000,48,-60.85000000000001,-46.150000000000006,CHL,0.4255555555555556,813.5430666666667,1.43447,0.03905,1167.0031228413334,31.76885675333334
2018,0000,48,-64.45,-61.75000000000001,CHL,0.002777777777777778,4.142222222222222,1.43447,0.03905,5.941893511111111,0.16175377777777777
2018,0000,48,-62.45,-59.650000000000006,CHL,2.0330555555555545,3031.692444444443,1.43447,0.03905,4348.87186078222,118.3875899555555
2018,0000,48,-62.95,-61.550000000000004,CHL,1.481666666666666,2209.4613333333323,1.43447,0.03905,3169.405998826665,86.27946506666663
2018,0000,48,-62.75000000000001,-58.95,CHL,1.7474999999999994,2605.8719999999994,1.43447,0.03905,3738.045207839999,101.75930159999999
2018,0000,48,-50.95,4.55,CHL,1.0697222222222222,1595.1697777777779,1.43447,0.03905,2288.223191128889,62.291379822222225
2018,0000,48,-61.050000000000004,-56.25000000000001,CHL,0.5299999999999999,1013.2115999999999,1.43447,0.03905,1453.4216438519998,39.56591297999999
2018,0000,48,-60.35000000000001,-46.45,CHL,0.03333333333333333,63.724,1.43447,0.03905,91.41016627999998,2.4884222
2018,0000,48,-51.050000000000004,4.35,CHL,0.8883333333333334,1324.6826666666668,1.43447,0.03905,1900.2175448533335,51.72885813333334
2018,0000,48,-60.95,-55.75000000000001,CHL,0.7388888888888888,1412.5486666666666,1.43447,0.03905,2026.258685873333,55.16002543333333
2018,0000,48,-60.75000000000001,-43.95,CHL,3.3719444444444417,6446.213633333328,1.43447,0.03905,9246.900070607659,251.72464238166648
2018,0000,48,-62.75000000000001,-60.050000000000004,CHL,2.657499999999999,3962.863999999998,1.43447,0.03905,5684.609522079997,154.74983919999994
2018,0000,48,-61.35000000000001,-55.25000000000001,CHL,0.8419444444444445,1609.5620333333334,1.43447,0.03905,2308.8684499556666,62.85339740166667
2018,0000,48,-61.25000000000001,-55.550000000000004,CHL,1.2716666666666667,2431.0706,1.43447,0.03905,3487.2978435819996,94.93330693
2018,0000,48,-60.45,-45.050000000000004,CHL,0.3869444444444445,739.7294333333334,1.43447,0.03905,1061.1196802336667,28.88643437166667
2018,0000,48,-64.45,-61.95,CHL,6.40305555555555,9548.236444444437,1.43447,0.03905,13696.65873246221,372.8586331555553
2018,0000,48,-61.25000000000001,-55.85000000000001,CHL,0.26222222222222225,501.2954666666667,1.43447,0.03905,719.0933080693334,19.575587973333334
2018,0000,48,-60.550000000000004,-45.150000000000006,CHL,0.4647222222222222,888.4187666666667,1.43447,0.03905,1274.4100682203332,34.692752838333334
2018,0000,48,-61.050000000000004,-55.150000000000006,CHL,0.22138888888888889,423.23356666666666,1.43447,0.03905,607.1158543763332,16.527270778333335
2018,0000,48,-64.55000000000001,-61.95,CHL,0.3175,473.456,1.43447,0.03905,679.15842832,18.4884568
2018,0000,48,-60.45,-45.150000000000006,CHL,0.4513888888888889,862.9291666666667,1.43447,0.03905,1237.8460017083332,33.69738395833333
2018,0000,48,-60.75000000000001,-43.85000000000001,CHL,0.4472222222222222,854.9636666666667,1.43447,0.03905,1226.4197309233332,33.38633118333333
2018,0000,48,-50.45,5.05,CHL,2.170833333333333,3237.146666666666,1.43447,0.03905,4643.589778933332,126.41057733333332
2018,0000,48,-62.75000000000001,-59.150000000000006,CHL,2.2983333333333325,3427.2746666666653,1.43447,0.03905,4916.322691093331,133.8350757333333
2018,0000,48,-62.85000000000001,-61.050000000000004,CHL,2.400833333333331,3580.1226666666635,1.43447,0.03905,5135.5785616533285,139.80379013333322
2018,0000,48,-63.25000000000001,-61.550000000000004,CHL,1.2497222222222222,1863.5857777777778,1.43447,0.03905,2673.257890648889,72.77302462222222
2018,0000,48,-63.050000000000004,-60.150000000000006,CHN,1.6005555555555555,8476.542222222222,1.08571,0.15938,9203.06665608889,1350.9912993777778
2018,0000,48,-63.050000000000004,-58.650000000000006,CHN,19.83722222222225,105057.92888888903,1.08571,0.15938,114062.4439739557,16744.13270631113
2018,0000,48,-63.25000000000001,-60.35000000000001,CHN,15.28388888888894,80943.47555555582,1.08571,0.15938,87881.1408454225,12900.771134044486
2018,0000,48,-62.550000000000004,-58.650000000000006,CHN,0.16972222222222222,898.8488888888888,1.08571,0.15938,975.8892271555554,143.2585359111111
2018,0000,48,-63.150000000000006,-59.050000000000004,CHN,19.815277777777826,104941.71111111136,1.08571,0.15938,113936.26517044472,16725.609916888927
2018,0000,48,-63.550000000000004,-60.550000000000004,CHN,1.7049999999999996,9029.679999999998,1.08571,0.15938,9803.613872799999,1439.1503983999996
2018,0000,48,-62.25000000000001,-60.85000000000001,CHN,0.958888888888889,5078.275555555556,1.08571,0.15938,5513.534553422222,809.3755580444445
2018,0000,48,-62.35000000000001,-60.75000000000001,CHN,2.130555555555556,11283.422222222225,1.08571,0.15938,12250.524340888891,1798.3518337777782
2018,0000,48,-61.95,-59.25000000000001,CHN,0.10222222222222221,541.3688888888888,1.08571,0.15938,587.7696163555554,86.2833735111111
2018,0000,48,-63.35000000000001,-59.150000000000006,CHN,5.294166666666664,28037.90666666665,1.08571,0.15938,30441.03564706665,4468.681564533331
2018,0000,48,-63.050000000000004,-58.25000000000001,CHN,26.645555555555568,141114.8622222223,1.08571,0.15938,153209.81706328897,22490.88674097779
2018,0000,48,-63.050000000000004,-58.45,CHN,55.52222222222221,294045.6888888888,1.08571,0.15938,319248.34488355543,46865.0018951111
2018,0000,48,-59.95,-45.050000000000004,CHN,0.42194444444444446,2234.617777777778,1.08571,0.15938,2426.1468675111114,356.15338142222225
2018,0000,48,-65.95,6.95,CHN,0.5825,3084.92,1.08571,0.15938,3349.3284932,491.6745496
2018,0000,48,-62.85000000000001,-61.85000000000001,CHN,0.06666666666666668,353.0666666666667,1.08571,0.15938,383.3280106666667,56.27176533333334
2018,0000,48,-63.25000000000001,-58.85000000000001,CHN,3.1130555555555546,16486.742222222216,1.08571,0.15938,17899.82089808888,2627.6569753777767
2018,0000,48,-59.050000000000004,-46.050000000000004,CHN,0.4644444444444445,2459.697777777778,1.08571,0.15938,2670.5184743111113,392.0266318222222
2018,0000,48,-63.150000000000006,-59.35000000000001,CHN,17.326944444444464,91763.49777777788,1.08571,0.15938,99628.54717231123,14625.266275822238
2018,0000,48,-59.050000000000004,-48.95,CHN,0.7780555555555556,4120.582222222222,1.08571,0.15938,4473.757324488889,656.7383945777777
2018,0000,48,-60.550000000000004,-43.95,CHN,0.1063888888888889,563.4355555555555,1.08571,0.15938,611.7276170222221,89.80035884444443
2018,0000,48,-61.75000000000001,-59.25000000000001,CHN,3.305277777777777,17504.75111111111,1.08571,0.15938,19005.08332884444,2789.9072320888886
2018,0000,48,-60.35000000000001,-46.75000000000001,CHN,9.738611111111116,51575.684444444465,1.08571,0.15938,55996.2363581778,8220.132586755559
2018,0000,48,-62.650000000000006,-59.45,CHN,0.6963888888888891,3688.0755555555565,1.08571,0.15938,4004.180511422223,587.8054820444446
2018,0000,48,-62.550000000000004,-59.35000000000001,CHN,0.7216666666666666,3821.9466666666663,1.08571,0.15938,4149.525715466666,609.1418597333333
2018,0000,48,-62.95,-58.650000000000006,CHN,15.284722222222255,80947.88888888907,1.08571,0.15938,87885.93244555574,12901.474531111138
2018,0000,48,-62.550000000000004,-59.550000000000004,CHN,0.39638888888888885,2099.2755555555555,1.08571,0.15938,2279.204463422222,334.5825380444444
2018,0000,48,-62.85000000000001,-60.650000000000006,CHN,0.15861111111111112,840.0044444444445,1.08571,0.15938,912.0012253777778,133.87990835555556
2018,0000,48,-63.150000000000006,-58.25000000000001,CHN,53.02638888888885,280827.75555555534,1.08571,0.15938,304897.502484222,44758.32768044441
2018,0000,48,-62.550000000000004,-58.85000000000001,CHN,0.03888888888888889,205.95555555555555,1.08571,0.15938,223.6080062222222,32.825196444444444
2018,0000,48,-63.25000000000001,-60.25000000000001,CHN,9.166944444444457,48548.13777777785,1.08571,0.15938,52709.198666711185,7737.6021990222325
2018,0000,48,-60.25000000000001,-46.550000000000004,CHN,17.80805555555558,94311.46222222236,1.08571,0.15938,102394.89764928904,15031.360848977798
2018,0000,48,-63.150000000000006,-57.85000000000001,CHN,0.01361111111111111,72.08444444444444,1.08571,0.15938,78.26280217777777,11.488818755555554
2018,0000,48,-60.45,-49.050000000000004,CHN,0.4347222222222222,2302.288888888889,1.08571,0.15938,2499.6180695555554,366.9388031111111
2018,0000,48,-63.150000000000006,-60.35000000000001,CHN,2.9263888888888863,15498.155555555542,1.08571,0.15938,16826.502468222207,2470.0960324444422
2018,0000,48,-60.95,-43.95,CHN,0.10777777777777778,570.7911111111111,1.08571,0.15938,619.7136172444444,90.97268728888889
2018,0000,48,-62.650000000000006,-59.550000000000004,CHN,2.455555555555554,13004.622222222213,1.08571,0.15938,14119.248392888878,2072.676689777776
2018,0000,48,-59.050000000000004,-48.75000000000001,CHN,0.26611111111111113,1409.3244444444445,1.08571,0.15938,1530.1176425777778,224.61812995555556
2018,0000,48,-62.75000000000001,-60.050000000000004,CHN,14.397500000000043,76249.16000000024,1.08571,0.15938,82784.47550360025,12152.591120800038
2018,0000,48,-63.150000000000006,-59.25000000000001,CHN,24.500833333333347,129756.4133333334,1.08571,0.15938,140877.8355201334,20680.577157066677
2018,0000,48,-62.85000000000001,-60.550000000000004,CHN,0.13222222222222224,700.248888888889,1.08571,0.15938,760.2672211555557,111.60566791111113
2018,0000,48,-63.150000000000006,-58.95,CHN,20.50916666666668,108616.54666666673,1.08571,0.15938,117926.07088146673,17311.305207733345
2018,0000,48,-62.35000000000001,-60.650000000000006,CHN,0.09805555555555556,519.3022222222222,1.08571,0.15938,563.8116156888889,82.76638817777777
2018,0000,48,-62.95,-59.550000000000004,CHN,1.986944444444444,10522.857777777775,1.08571,0.15938,11424.771917911108,1677.1330726222218
2018,0000,48,-60.45,-46.25000000000001,CHN,14.491388888888904,76746.39555555563,1.08571,0.15938,83324.3291186223,12231.840523644456
2018,0000,48,-61.75000000000001,-59.050000000000004,CHN,8.565277777777778,45361.711111111115,1.08571,0.15938,49249.66337044445,7229.749516888889
2018,0000,48,-62.35000000000001,-58.25000000000001,CHN,1.1572222222222222,6128.648888888889,1.08571,0.15938,6653.935385155555,976.7840599111111
2018,0000,48,-63.650000000000006,-60.95,CHN,22.490000000000027,119107.04000000014,1.08571,0.15938,129315.70439840015,18983.280035200023
2018,0000,48,-60.95,-43.85000000000001,CHN,0.07194444444444444,381.0177777777777,1.08571,0.15938,413.67481151111105,60.72661342222221
2018,0000,48,-60.550000000000004,-43.050000000000004,CHN,0.08472222222222223,448.6888888888889,1.08571,0.15938,487.14601355555556,71.51203511111112
2018,0000,48,-63.150000000000006,-58.85000000000001,CHN,13.666388888888921,72377.19555555572,1.08571,0.15938,78580.6449866224,11535.47742764447
2018,0000,48,-62.75000000000001,-59.75000000000001,CHN,0.7536111111111111,3991.1244444444446,1.08571,0.15938,4333.203720577778,636.1054139555556
2018,0000,48,-63.35000000000001,-59.45,CHN,6.457222222222222,34197.44888888889,1.08571,0.15938,37128.512233155554,5450.389403911111
2018,0000,48,-63.650000000000006,-60.85000000000001,CHN,0.7841666666666671,4152.946666666669,1.08571,0.15938,4508.895725466669,661.8966397333337
2018,0000,48,-60.45,-46.550000000000004,CHN,21.147777777777797,111998.63111111122,1.08571,0.15938,121598.03378364455,17850.341826488904
2018,0000,48,-58.95,-43.95,CHN,0.07194444444444445,381.0177777777778,1.08571,0.15938,413.6748115111111,60.72661342222222
2018,0000,48,-60.550000000000004,-41.95,CHN,0.4180555555555555,2214.022222222222,1.08571,0.15938,2403.7860668888884,352.8708617777777
2018,0000,48,-60.050000000000004,-47.95,CHN,0.5294444444444444,2803.9377777777777,1.08571,0.15938,3044.263284711111,446.89160302222217
2018,0000,48,-59.45,-44.95,CHN,0.43027777777777776,2278.751111111111,1.08571,0.15938,2474.0628688444444,363.1873520888889
2018,0000,48,-63.550000000000004,-60.650000000000006,CHN,2.2199999999999993,11757.119999999997,1.08571,0.15938,12764.822755199997,1873.8497855999994
2018,0000,48,-60.45,-43.050000000000004,CHN,0.5072222222222222,2686.248888888889,1.08571,0.15938,2916.487281155555,428.1343479111111
2018,0000,48,-62.650000000000006,-60.45,CHN,2.476111111111109,13113.484444444433,1.08571,0.15938,14237.441196177766,2090.0271507555535
2018,0000,48,-63.25000000000001,-59.150000000000006,CHN,54.764444444444536,290032.49777777825,1.08571,0.15938,314891.1831623116,46225.37949582229
2018,0000,48,-65.95,6.8500000000000005,CHN,0.28,1482.88,1.08571,0.15938,1609.9776448,236.34141440000002
2018,0000,48,-63.25000000000001,-59.75000000000001,CHN,2.46611111111111,13060.524444444438,1.08571,0.15938,14179.94199457777,2081.5863859555543
2018,0000,48,-62.85000000000001,-60.35000000000001,CHN,0.29916666666666664,1584.3866666666665,1.08571,0.15938,1720.1844478666665,252.51954693333332
2018,0000,48,-63.75000000000001,-61.45,CHN,2.130277777777777,11281.951111111106,1.08571,0.15938,12248.927140844438,1798.117368088888
2018,0000,48,-62.45,-58.45,CHN,0.135,714.96,1.08571,0.15938,776.2392216,113.9503248
2018,0000,48,-63.150000000000006,-58.75000000000001,CHN,6.370833333333331,33739.93333333332,1.08571,0.15938,36631.783019333314,5377.470574666664
2018,0000,48,-59.45,-45.050000000000004,CHN,0.06777777777777777,358.95111111111106,1.08571,0.15938,389.71681084444435,57.20962808888888
2018,0000,48,-60.45,-46.45,CHN,7.734722222222223,40963.088888888895,1.08571,0.15938,44474.03523755556,6528.697107111112
2018,0000,48,-62.650000000000006,-59.650000000000006,CHN,3.5252777777777764,18669.871111111104,1.08571,0.15938,20270.065764044437,2975.6040576888877
2018,0000,48,-63.650000000000006,-61.35000000000001,CHN,21.396666666666675,113316.74666666672,1.08571,0.15938,123029.12502346671,18060.42308373334
2018,0000,48,-62.650000000000006,-59.95,CHN,1.9433333333333325,10291.893333333328,1.08571,0.15938,11174.011510933327,1640.3219594666657
2018,0000,48,-62.85000000000001,-59.550000000000004,CHN,1.7697222222222222,9372.448888888888,1.08571,0.15938,10175.761483155555,1493.780903911111
2018,0000,48,-63.75000000000001,-61.35000000000001,CHN,15.486666666666704,82017.38666666686,1.08571,0.15938,89047.09687786688,13071.931086933364
2018,0000,48,-62.85000000000001,-60.45,CHN,1.3694444444444445,7252.577777777778,1.08571,0.15938,7874.196219111111,1155.9158462222222
2018,0000,48,-63.550000000000004,-60.45,CHN,0.8766666666666667,4642.826666666667,1.08571,0.15938,5040.763340266667,739.9737141333334
2018,0000,48,-63.050000000000004,-58.95,CHN,28.580555555555595,151362.62222222242,1.08571,0.15938,164335.9125728891,24124.17472977781
2018,0000,48,-63.050000000000004,-58.35000000000001,CHN,68.58472222222223,363224.6888888889,1.08571,0.15938,394356.6769735556,57890.750915111115
2018,0000,48,-63.25000000000001,-59.45,CHN,44.70027777777778,236732.67111111112,1.08571,0.15938,257023.02835204444,37730.453121688886
2018,0000,48,-62.75000000000001,-60.550000000000004,CHN,6.379999999999997,33788.47999999999,1.08571,0.15938,36684.49062079999,5385.207942399998
2018,0000,48,-60.25000000000001,-46.45,CHN,27.449722222222217,145373.72888888887,1.08571,0.15938,157833.71119195552,23169.66491031111
2018,0000,48,-60.45,-46.85000000000001,CHN,0.34777777777777774,1841.8311111111109,1.08571,0.15938,1999.6944556444441,293.55104248888887
2018,0000,48,-62.75000000000001,-59.95,CHN,15.01722222222228,79531.20888888919,1.08571,0.15938,86347.82880275587,12675.684072711158
2018,0000,48,-63.25000000000001,-59.050000000000004,CHN,22.97638888888892,121682.95555555572,1.08571,0.15938,132112.4016762224,19393.82945644447
2018,0000,48,-63.050000000000004,-58.150000000000006,CHN,22.419444444444448,118733.3777777778,1.08571,0.15938,128910.01558711113,18923.725750222224
2018,0000,48,-60.35000000000001,-46.25000000000001,CHN,1.556111111111111,8241.164444444445,1.08571,0.15938,8947.514648977778,1313.4767891555555
2018,0000,48,-61.650000000000006,-59.25000000000001,CHN,1.3563888888888886,7183.435555555554,1.08571,0.15938,7799.12781702222,1144.895958844444
2018,0000,48,-63.25000000000001,-59.550000000000004,CHN,34.31888888888888,181752.8355555555,1.08571,0.15938,197330.87109102216,28967.766930844435
2018,0000,48,-63.550000000000004,-60.95,CHN,0.09694444444444444,513.4177777777778,1.08571,0.15938,557.4228155111111,81.82852542222223
2018,0000,48,-62.75000000000001,-59.45,CHN,0.6155555555555554,3259.9822222222215,1.08571,0.15938,3539.395298488888,519.5759665777776
2018,0000,48,-63.150000000000006,-60.25000000000001,CHN,0.9733333333333337,5154.773333333335,1.08571,0.15938,5596.588955733335,821.5677738666669
2018,0000,48,-60.550000000000004,-46.650000000000006,CHN,1.278888888888889,6772.995555555556,1.08571,0.15938,7353.509004622222,1079.4800316444446
2018,0000,48,-62.650000000000006,-59.75000000000001,CHN,7.168333333333331,37963.493333333325,1.08571,0.15938,41217.34434693332,6050.6215674666655
2018,0000,48,-62.75000000000001,-59.550000000000004,CHN,1.7405555555555552,9217.982222222221,1.08571,0.15938,10008.055478488886,1469.1620065777774
2018,0000,48,-60.35000000000001,-46.95,CHN,0.08611111111111111,456.0444444444444,1.08571,0.15938,495.13201377777773,72.68436355555555
2018,0000,48,-63.75000000000001,-61.25000000000001,CHN,12.423888888888916,65796.9155555557,1.08571,0.15938,71436.36918782236,10486.712401244466
2018,0000,48,-60.45,-46.150000000000006,CHN,0.9211111111111111,4878.204444444445,1.08571,0.15938,5296.3153473777775,777.4882243555555
2018,0000,48,-62.25000000000001,-60.650000000000006,CHN,0.14277777777777778,756.1511111111112,1.08571,0.15938,820.9608228444445,120.51536408888889
2018,0000,48,-63.150000000000006,-59.75000000000001,CHN,0.10861111111111112,575.2044444444444,1.08571,0.15938,624.5052173777777,91.67608435555556
2018,0000,48,-59.45,-48.95,CHN,0.37722222222222224,1997.768888888889,1.08571,0.15938,2168.9976603555556,318.4044055111111
2018,0000,48,-63.050000000000004,-57.95,CHN,12.995000000000049,68821.52000000027,1.08571,0.15938,74720.21247920029,10968.773857600041
2018,0000,48,-63.25000000000001,-60.150000000000006,CHN,2.4277777777777763,12857.511111111104,1.08571,0.15938,13959.528388444436,2049.2301208888875
2018,0000,48,-63.35000000000001,-59.25000000000001,CHN,4.7580555555555515,25198.6622222222,1.08571,0.15938,27358.439561288862,4016.162784977774
2018,0000,48,-63.75000000000001,-61.050000000000004,CHN,4.2016666666666636,22252.02666666665,1.08571,0.15938,24159.24787226665,3546.5280101333306
2018,0000,48,-62.25000000000001,-57.85000000000001,CHN,1.7919444444444448,9490.13777777778,1.08571,0.15938,10303.537486711113,1512.5381590222225
2018,0000,48,-62.75000000000001,-60.45,CHN,2.262777777777776,11983.6711111111,1.08571,0.15938,13010.791562044431,1909.957501688887
2018,0000,48,-62.75000000000001,-61.85000000000001,CHN,1.6713888888888886,8851.675555555554,1.08571,0.15938,9610.35266742222,1410.7800500444441
2018,0000,48,-59.550000000000004,-42.050000000000004,CHN,0.33361111111111114,1766.8044444444445,1.08571,0.15938,1918.2372533777777,281.59329235555555
2018,0000,48,-62.25000000000001,-58.050000000000004,CHN,1.4305555555555554,7576.222222222221,1.08571,0.15938,8225.580228888886,1207.4982977777775
2018,0000,48,-62.95,-58.35000000000001,CHN,1.538333333333333,8147.013333333332,1.08571,0.15938,8845.293846133332,1298.4709850666666
2018,0000,48,-63.25000000000001,-60.550000000000004,CHN,0.07111111111111111,376.6044444444444,1.08571,0.15938,408.88321137777774,60.02321635555555
2018,0000,48,-63.150000000000006,-59.150000000000006,CHN,22.60055555555553,119692.5422222221,1.08571,0.15938,129951.39001608874,19076.597379377756
2018,0000,48,-62.550000000000004,-59.45,CHN,2.0919444444444446,11078.937777777779,1.08571,0.15938,12028.513534711112,1765.7611030222224
2018,0000,48,-59.050000000000004,-48.050000000000004,CHN,0.3436111111111111,1819.7644444444443,1.08571,0.15938,1975.7364549777776,290.0340571555555
2018,0000,48,-60.550000000000004,-46.550000000000004,CHN,0.22972222222222222,1216.608888888889,1.08571,0.15938,1320.8844367555555,193.9031247111111
2018,0000,48,-60.45,-46.35000000000001,CHN,16.848055555555575,89227.30222222232,1.08571,0.15938,96874.974295689,14221.047428177793
2018,0000,48,-62.95,-58.45,CHN,27.613055555555565,146238.74222222227,1.08571,0.15938,158772.86481808894,23307.530735377783
2018,0000,48,-63.25000000000001,-60.45,CHN,4.7752777777777755,25289.8711111111,1.08571,0.15938,27457.465964044433,4030.699657688887
2018,0000,48,-59.95,-48.95,CHN,0.941388888888889,4985.5955555555565,1.08571,0.15938,5412.910950622223,794.6042196444446
2018,0000,48,-61.650000000000006,-59.150000000000006,CHN,0.6963888888888891,3688.0755555555565,1.08571,0.15938,4004.180511422223,587.8054820444446
2018,0000,48,-63.150000000000006,-58.650000000000006,CHN,5.04472222222222,26716.84888888888,1.08571,0.15938,29006.750007155544,4258.131375911109
2018,0000,48,-63.35000000000001,-59.550000000000004,CHN,1.0350000000000001,5481.360000000001,1.08571,0.15938,5951.1673656,873.6191568
2018,0000,48,-63.35000000000001,-59.050000000000004,CHN,0.31527777777777777,1669.711111111111,1.08571,0.15938,1812.8220504444441,266.11855688888886
2018,0000,48,-63.650000000000006,-60.550000000000004,CHN,0.24722222222222223,1309.288888888889,1.08571,0.15938,1421.5080395555556,208.67446311111112
2018,0000,48,-63.050000000000004,-59.35000000000001,CHN,0.1963888888888889,1040.0755555555556,1.08571,0.15938,1129.2204314222222,165.76724204444446
2018,0000,48,-62.75000000000001,-61.75000000000001,CHN,1.9452777777777772,10302.191111111108,1.08571,0.15938,11185.19191124444,1641.9632192888882
2018,0000,48,-63.150000000000006,-58.150000000000006,CHN,2.8255555555555554,14964.14222222222,1.08571,0.15938,16246.718852088887,2384.9849873777775
2018,0000,48,-62.95,-58.85000000000001,CHN,15.171388888888922,80347.67555555573,1.08571,0.15938,87234.27482742241,12805.812530044472
2018,0000,48,-61.75000000000001,-59.35000000000001,CHN,0.45583333333333337,2414.0933333333337,1.08571,0.15938,2621.005272933334,384.75819546666673
2018,0000,48,-62.95,-59.650000000000006,CHN,0.01361111111111111,72.08444444444444,1.08571,0.15938,78.26280217777777,11.488818755555554
2018,0000,48,-59.550000000000004,-43.95,CHN,0.39138888888888884,2072.7955555555554,1.08571,0.15938,2250.454862622222,330.3621556444444
2018,0000,48,-62.75000000000001,-60.25000000000001,CHN,0.8869444444444444,4697.257777777778,1.08571,0.15938,5099.859741911111,748.6489446222222
2018,0000,48,-59.45,-49.050000000000004,CHN,0.06166666666666666,326.58666666666664,1.08571,0.15938,354.5784098666666,52.05138293333333
2018,0000,48,-63.25000000000001,-28.25,CHN,0.17305555555555555,916.5022222222221,1.08571,0.15938,995.0556276888888,146.07212417777777
2018,0000,48,-63.650000000000006,-60.45,CHN,1.0763888888888893,5700.5555555555575,1.08571,0.15938,6189.150172222224,908.5545444444447
2018,0000,48,-60.95,-47.050000000000004,CHN,0.48888888888888893,2589.1555555555556,1.08571,0.15938,2811.072078222222,412.6596124444444
2018,0000,48,-59.95,-49.050000000000004,CHN,0.13472222222222222,713.4888888888888,1.08571,0.15938,774.6420215555554,113.7158591111111
2018,0000,48,-62.35000000000001,-60.85000000000001,CHN,4.460277777777776,23621.631111111103,1.08571,0.15938,25646.241113644435,3764.8155664888873
2018,0000,48,-60.25000000000001,-46.25000000000001,CHN,0.2886111111111111,1528.4844444444443,1.08571,0.15938,1659.4908461777775,243.60985075555553
2018,0000,48,-63.150000000000006,-59.550000000000004,CHN,24.509444444444497,129802.01777777806,1.08571,0.15938,140927.3487215114,20687.845593422266
2018,0000,48,-63.25000000000001,-59.35000000000001,CHN,39.44888888888886,208921.3155555554,1.08571,0.15938,226827.96151182204,33297.87927324442
2018,0000,48,-63.050000000000004,-58.550000000000004,CHN,22.658611111111142,120000.00444444461,1.08571,0.15938,130285.20482537795,19125.60070835558
2018,0000,48,-62.85000000000001,-60.25000000000001,CHN,0.5574999999999999,2952.5199999999995,1.08571,0.15938,3205.580489199999,470.5726375999999
2018,0000,48,-62.35000000000001,-58.35000000000001,CHN,1.3188888888888888,6984.835555555555,1.08571,0.15938,7583.505811022222,1113.2430908444444
2018,0000,48,-62.75000000000001,-60.650000000000006,CHN,3.5983333333333314,19056.773333333324,1.08571,0.15938,20690.129375733322,3037.268533866665
2018,0000,48,-63.650000000000006,-61.050000000000004,CHN,67.69944444444431,358536.2577777771,1.08571,0.15938,389266.40043191036,57143.50876462211
2018,0000,48,-62.25000000000001,-57.95,CHN,2.7027777777777753,14313.911111111098,1.08571,0.15938,15540.75643244443,2281.3511528888866
2018,0000,48,-59.550000000000004,-41.95,CHN,0.03527777777777778,186.83111111111114,1.08571,0.15938,202.84440564444446,29.77714248888889
2018,0000,48,-63.050000000000004,-58.85000000000001,CHN,47.99138888888887,254162.39555555547,1.08571,0.15938,275946.65447862213,40508.40260364443
2018,0000,48,-61.95,-59.150000000000006,CHN,0.5641666666666667,2987.826666666667,1.08571,0.15938,3243.9132902666665,476.19981413333335
2018,0000,48,-62.95,-59.050000000000004,CHN,0.6030555555555558,3193.7822222222235,1.08571,0.15938,3467.52129648889,509.02501057777795
2018,0000,48,-60.35000000000001,-46.85000000000001,CHN,7.498888888888892,39714.115555555574,1.08571,0.15938,43118.01239982224,6329.635737244447
2018,0000,48,-59.95,-40.95,CHN,0.35444444444444445,1877.1377777777777,1.08571,0.15938,2038.027256711111,299.1782190222222
2018,0000,48,-63.45,-60.650000000000006,CHN,0.415,2197.8399999999997,1.08571,0.15938,2386.2168663999996,350.29173919999994
2018,0000,48,-63.550000000000004,-61.150000000000006,CHN,5.479722222222223,29020.60888888889,1.08571,0.15938,31507.965276755556,4625.304644711111
2018,0000,48,-60.050000000000004,-46.050000000000004,CHN,0.3875,2052.2000000000003,1.08571,0.15938,2228.094062,327.07963600000005
2018,0000,48,-62.25000000000001,-60.75000000000001,CHN,8.764722222222222,46417.968888888885,1.08571,0.15938,50396.45300235555,7398.09588151111
2018,0000,48,-62.75000000000001,-59.85000000000001,CHN,8.199722222222224,43425.7288888889,1.08571,0.15938,47147.74811195557,6921.192670311113
2018,0000,48,-61.75000000000001,-59.150000000000006,CHN,10.957222222222226,58029.44888888891,1.08571,0.15938,63003.15295315558,9248.733563911113
2018,0000,48,-63.550000000000004,-60.85000000000001,CHN,2.6977777777777763,14287.431111111104,1.08571,0.15938,15512.006831644436,2277.1307704888877
2018,0000,48,-59.550000000000004,-47.95,CHN,0.3230555555555556,1710.9022222222225,1.08571,0.15938,1857.543651688889,272.6835961777778
2018,0000,48,-63.75000000000001,-61.150000000000006,CHN,7.020277777777781,37179.39111111113,1.08571,0.15938,40366.03672324446,5925.651355288892
2018,0000,48,-62.95,-58.75000000000001,CHN,12.178055555555586,64494.98222222238,1.08571,0.15938,70022.84714848906,10279.210266577802
2018,0000,48,-62.95,-59.45,CHN,0.14055555555555554,744.3822222222221,1.08571,0.15938,808.1832224888888,118.63963857777776
2018,0000,48,-62.35000000000001,-58.45,CHN,1.0797222222222222,5718.208888888889,1.08571,0.15938,6208.316572755556,911.3681327111111
2018,0000,48,-63.650000000000006,-61.45,CHN,0.5291666666666666,2802.4666666666662,1.08571,0.15938,3042.666084666666,446.65713733333325
2018,0000,48,-62.95,-59.150000000000006,CHN,0.27749999999999997,1469.6399999999999,1.08571,0.15938,1595.6028443999999,234.23122319999996
2018,0000,48,-60.45,-46.650000000000006,CHN,3.7216666666666645,19709.946666666656,1.08571,0.15938,21399.286195466655,3141.3712997333314
2018,0000,48,-63.550000000000004,-60.75000000000001,CHN,2.570277777777776,13612.1911111111,1.08571,0.15938,14778.892011244432,2169.511019288887
2018,0000,48,-60.550000000000004,-42.050000000000004,CHN,0.10722222222222223,567.848888888889,1.08571,0.15938,616.5192171555556,90.50375591111111
2018,0000,48,-60.25000000000001,-46.35000000000001,CHN,15.661666666666672,82944.18666666669,1.08571,0.15938,90053.33290586669,13219.644470933337
2018,0000,48,-63.050000000000004,-59.050000000000004,CHN,15.863055555555594,84010.74222222243,1.08571,0.15938,91211.30293808911,13389.63209537781
2018,0000,48,-58.95,-42.95,CHN,0.01138888888888889,60.315555555555555,1.08571,0.15938,65.48520182222222,9.613093244444444
2018,0000,48,-63.050000000000004,-58.75000000000001,CHN,52.29416666666662,276949.90666666644,1.08571,0.15938,300687.2831670664,44140.276124533295
2018,0000,48,-63.050000000000004,-58.050000000000004,CHN,19.759166666666673,104644.54666666669,1.08571,0.15938,113613.63076146669,16678.247847733335
2018,0000,48,-59.050000000000004,-43.95,CHN,0.3080555555555555,1631.4622222222222,1.08571,0.15938,1771.2948492888888,260.02244897777774
2018,0000,48,-63.150000000000006,-59.45,CHN,14.20527777777782,75231.15111111134,1.08571,0.15938,81679.21307284468,11990.340864088925
2018,0000,48,-62.95,-58.95,CHN,6.498611111111108,34416.64444444443,1.08571,0.15938,37366.49503977776,5485.324791555553
2018,0000,48,-63.650000000000006,-61.150000000000006,CHN,28.735000000000024,152180.56000000014,1.08571,0.15938,165223.95579760015,24254.537652800023
2018,0000,48,-63.25000000000001,-28.35,CHN,0.35805555555555557,1896.2622222222224,1.08571,0.15938,2058.790857288889,302.2262729777778
2018,0000,48,-63.150000000000006,-58.550000000000004,CHN,0.5391666666666666,2855.4266666666663,1.08571,0.15938,3100.165286266666,455.09790213333326
2018,0000,48,-62.550000000000004,-59.25000000000001,CHN,0.5519444444444443,2923.097777777777,1.08571,0.15938,3173.63648831111,465.8833238222221
2018,0000,48,-59.550000000000004,-46.050000000000004,CHN,0.06138888888888888,325.11555555555555,1.08571,0.15938,352.9812098222222,51.81691724444444
2018,0000,48,-61.050000000000004,-43.050000000000004,CHN,0.2530555555555556,1340.1822222222224,1.08571,0.15938,1455.0492404888892,213.5982425777778
2018,0000,48,-63.050000000000004,-59.150000000000006,CHN,2.3699999999999997,12551.519999999999,1.08571,0.15938,13627.310779199997,2000.4612575999997
2018,0000,48,-63.150000000000006,-58.050000000000004,CHN,0.3525,1866.84,1.08571,0.15938,2026.8468563999998,297.53695919999996
2018,0000,48,-63.25000000000001,-58.95,CHN,5.845555555555554,30958.062222222212,1.08571,0.15938,33611.47773528888,4934.095956977776
2018,0000,48,-63.25000000000001,-59.25000000000001,CHN,59.76805555555555,316531.6222222222,1.08571,0.15938,343661.5475628889,50448.80994977777
2018,0000,48,-60.95,-49.050000000000004,CHN,0.41194444444444445,2181.657777777778,1.08571,0.15938,2368.6476659111113,347.71261662222224
2018,0000,48,-63.25000000000001,-59.650000000000006,CHN,17.166111111111178,90911.7244444448,1.08571,0.15938,98703.76834657816,14489.510641955612
2018,0000,48,-63.45,-61.050000000000004,CHN,0.14333333333333334,759.0933333333334,1.08571,0.15938,824.1552229333333,120.98429546666667
2018,0000,48,-63.35000000000001,-59.35000000000001,CHN,3.673888888888885,19456.915555555534,1.08571,0.15938,21124.567787822198,3101.0432012444408
2018,0000,48,-63.35000000000001,-60.550000000000004,CHN,0.6830555555555557,3617.4622222222233,1.08571,0.15938,3927.51490928889,576.5511289777779
2018,0000,48,-60.35000000000001,-46.650000000000006,CHN,7.956111111111108,42135.564444444426,1.08571,0.15938,45747.00367297776,6715.566261155553
2018,0000,48,-62.650000000000006,-59.85000000000001,CHN,4.376388888888887,23177.355555555547,1.08571,0.15938,25163.88670022221,3694.006928444443
2018,0000,48,-63.050000000000004,-59.45,CHN,0.9016666666666668,4775.226666666667,1.08571,0.15938,5184.511344266667,761.0756261333335
2018,0000,48,-60.35000000000001,-46.35000000000001,CHN,6.120555555555556,32414.462222222224,1.08571,0.15938,35192.70577928889,5166.216988977778
2018,0000,48,-62.45,-58.550000000000004,CHN,0.4761111111111111,2521.4844444444443,1.08571,0.15938,2737.6008761777775,401.8741907555555
2018,0000,48,-63.45,-60.550000000000004,CHN,0.08444444444444443,447.2177777777777,1.08571,0.15938,485.548813511111,71.27756942222221
2018,0000,48,-59.550000000000004,-44.050000000000004,CHN,0.08666666666666667,458.9866666666667,1.08571,0.15938,498.32641386666666,73.15329493333333
2018,0000,48,-60.150000000000006,-46.45,CHN,0.8566666666666667,4536.906666666667,1.08571,0.15938,4925.764937066667,723.0921845333334
2018,0000,48,-62.550000000000004,-58.75000000000001,CHN,0.5827777777777777,3086.391111111111,1.08571,0.15938,3350.925693244444,491.90901528888884
2018,0000,48,-59.050000000000004,-42.95,CHN,0.2511111111111111,1329.8844444444444,1.08571,0.15938,1443.8688401777777,211.95698275555554
2018,0000,48,-63.150000000000006,-59.650000000000006,CHN,8.353333333333342,44239.25333333338,1.08571,0.15938,48030.99973653338,7050.852196266674
2018,0000,48,-63.050000000000004,-57.85000000000001,CHN,3.9549999999999983,20945.67999999999,1.08571,0.15938,22740.934232799988,3338.322478399998
2018,0000,48,-62.45,-58.650000000000006,CHN,0.4630555555555555,2452.342222222222,1.08571,0.15938,2662.5324740888886,390.85430337777774
2018,0000,48,-63.150000000000006,-58.35000000000001,CHN,58.290277777777725,308705.31111111084,1.08571,0.15938,335164.44332644413,49201.45248488885
2018,0000,48,-63.25000000000001,-60.050000000000004,CHN,1.0255555555555558,5431.342222222223,1.08571,0.15938,5896.86256408889,865.647323377778
2018,0000,48,-60.95,-45.35000000000001,CHN,0.4494444444444444,2380.257777777778,1.08571,0.15938,2584.269671911111,379.3654846222222
2018,0000,48,-62.95,-58.550000000000004,CHN,24.51777777777776,129846.15111111102,1.08571,0.15938,140975.26472284432,20694.87956408887
2018,0000,48,-63.150000000000006,-58.45,CHN,2.2716666666666665,12030.746666666666,1.08571,0.15938,13061.901963466666,1917.4604037333331
2018,0000,48,-60.95,-43.050000000000004,CHN,0.34222222222222226,1812.4088888888891,1.08571,0.15938,1967.7504547555557,288.86172871111114
2018,0000,48,-63.050000000000004,-60.25000000000001,CHN,0.08416666666666667,445.74666666666667,1.08571,0.15938,483.95161346666663,71.04310373333333
2018,0000,48,-63.650000000000006,-61.25000000000001,CHN,28.70916666666672,152043.74666666696,1.08571,0.15938,165075.41619346698,24232.73234373338
2018,0000,48,-62.25000000000001,-58.150000000000006,CHN,0.8747222222222224,4632.52888888889,1.08571,0.15938,5029.582939955557,738.3324543111113
2018,0000,48,-62.75000000000001,-60.150000000000006,CHN,1.833333333333333,9709.333333333332,1.08571,0.15938,10541.520293333331,1547.4735466666664
2018,0000,48,-60.35000000000001,-46.550000000000004,CHN,50.8877777777778,269501.67111111124,1.08571,0.15938,292600.65934204456,42953.17634168891
2018,0000,48,-60.35000000000001,-46.45,CHN,36.42444444444442,192903.85777777765,1.08571,0.15938,209437.64742791097,30745.0168526222
2018,0000,48,-62.25000000000001,-58.25000000000001,CHN,0.18805555555555553,995.9422222222221,1.08571,0.15938,1081.3044300888887,158.73327137777775
2018,0000,48,-63.35000000000001,-60.35000000000001,CHN,0.3566666666666667,1888.9066666666668,1.08571,0.15938,2050.8048570666665,301.0539445333333
2018,0000,48,-60.050000000000004,-42.050000000000004,CHN,0.2519444444444444,1334.2977777777776,1.08571,0.15938,1448.6604403111107,212.66037982222218
2018,0000,48,-63.050000000000004,-59.550000000000004,CHN,0.45249999999999996,2396.4399999999996,1.08571,0.15938,2601.8388723999997,381.9446071999999
2018,0000,48,-61.95,-58.75000000000001,KOR,4.293055555555553,15465.732638888881,1.37892,0.042640000000000004,21326.008050416654,659.458839722222
2018,0000,48,-62.550000000000004,-59.45,KOR,14.792222222222255,53288.980555555674,1.37892,0.042640000000000004,73481.24106766682,2272.2421308888943
2018,0000,48,-62.95,-58.25000000000001,KOR,2.7844444444444427,10030.961111111104,1.37892,0.042640000000000004,13831.892895333323,427.72018177777755
2018,0000,48,-62.75000000000001,-60.150000000000006,KOR,0.4313888888888889,1554.0784722222222,1.37892,0.042640000000000004,2142.9498869166664,66.26590605555556
2018,0000,48,-63.35000000000001,-59.650000000000006,KOR,1.267777777777778,4567.169444444445,1.37892,0.042640000000000004,6297.761290333333,194.74410511111114
2018,0000,48,-61.95,-59.95,KOR,0.22777777777777775,820.5694444444443,1.37892,0.042640000000000004,1131.499618333333,34.98908111111111
2018,0000,48,-62.050000000000004,-59.150000000000006,KOR,8.831666666666665,31816.079166666663,1.37892,0.042640000000000004,43871.827884499995,1356.6376156666665
2018,0000,48,-63.25000000000001,-59.550000000000004,KOR,16.410833333333382,59120.02708333351,1.37892,0.042640000000000004,81521.78774575023,2520.877954833341
2018,0000,48,-62.95,-58.050000000000004,KOR,0.7491666666666668,2698.872916666667,1.37892,0.042640000000000004,3721.5298422500005,115.0799411666667
2018,0000,48,-63.25000000000001,-59.650000000000006,KOR,0.10138888888888889,365.25347222222223,1.37892,0.042640000000000004,503.65531791666666,15.574408055555557
2018,0000,48,-61.95,-59.45,KOR,7.708055555555554,27768.270138888885,1.37892,0.042640000000000004,38290.22305991666,1184.0390387222221
2018,0000,48,-61.85000000000001,-58.75000000000001,KOR,15.523333333333351,55922.8083333334,1.37892,0.042640000000000004,77113.07886700009,2384.5485473333365
2018,0000,48,-62.550000000000004,-59.150000000000006,KOR,1.534166666666667,5526.835416666668,1.37892,0.042640000000000004,7621.063892750001,235.66426216666673
2018,0000,48,-61.95,-59.550000000000004,KOR,2.1316666666666655,7679.329166666663,1.37892,0.042640000000000004,10589.180574499995,327.44659566666655
2018,0000,48,-63.650000000000006,-59.25000000000001,KOR,0.03027777777777778,109.07569444444445,1.37892,0.042640000000000004,150.40665658333333,4.650987611111112
2018,0000,48,-62.050000000000004,-59.75000000000001,KOR,26.102222222222213,94033.25555555553,1.37892,0.042640000000000004,129664.33675066663,4009.578016888888
2018,0000,48,-63.150000000000006,-58.650000000000006,KOR,1.9297222222222221,6951.824305555555,1.37892,0.042640000000000004,9586.009571416665,296.4257883888889
2018,0000,48,-63.550000000000004,-59.25000000000001,KOR,5.462222222222218,19677.655555555542,1.37892,0.042640000000000004,27133.912798666646,839.0552328888884
2018,0000,48,-63.550000000000004,-59.150000000000006,KOR,0.2344444444444444,844.586111111111,1.37892,0.042640000000000004,1164.616680333333,36.01315177777778
2018,0000,48,-62.75000000000001,-60.050000000000004,KOR,1.6927777777777768,6098.231944444441,1.37892,0.042640000000000004,8408.973992833327,260.028610111111
2018,0000,48,-62.150000000000006,-59.35000000000001,KOR,29.96694444444447,107955.91736111119,1.37892,0.042640000000000004,148862.57356758343,4603.240316277782
2018,0000,48,-62.050000000000004,-59.95,KOR,11.948333333333345,43043.87083333338,1.37892,0.042640000000000004,59354.05436950006,1835.3906523333353
2018,0000,48,-63.45,-60.150000000000006,KOR,0.16305555555555556,587.4076388888889,1.37892,0.042640000000000004,809.9881414166666,25.047061722222224
2018,0000,48,-63.150000000000006,-59.35000000000001,KOR,6.785833333333331,24445.964583333323,1.37892,0.042640000000000004,33709.029483249986,1042.375929833333
2018,0000,48,-63.35000000000001,-59.550000000000004,KOR,10.345555555555569,37269.86388888893,1.37892,0.042640000000000004,51392.16071366672,1589.1869962222243
2018,0000,48,-63.050000000000004,-58.150000000000006,KOR,12.761111111111132,45971.902777777854,1.37892,0.042640000000000004,63391.57617833343,1960.241934444448
2018,0000,48,-63.45,-60.35000000000001,KOR,8.348055555555554,30073.870138888884,1.37892,0.042640000000000004,41469.46101191666,1282.3498227222221
2018,0000,48,-62.95,-58.45,KOR,16.603611111111174,59814.509027778004,1.37892,0.042640000000000004,82479.42278858364,2550.4906649444542
2018,0000,48,-63.25000000000001,-59.95,KOR,1.044722222222222,3763.6118055555553,1.37892,0.042640000000000004,5189.719590916666,160.4804073888889
2018,0000,48,-62.050000000000004,-59.550000000000004,KOR,18.438333333333357,66424.09583333343,1.37892,0.042640000000000004,91593.51422650012,2832.3234463333374
2018,0000,48,-61.85000000000001,-59.050000000000004,KOR,7.419444444444442,26728.548611111102,1.37892,0.042640000000000004,36856.53025083332,1139.7053127777774
2018,0000,48,-63.35000000000001,-59.75000000000001,KOR,0.2016666666666667,726.5041666666667,1.37892,0.042640000000000004,1001.7911255,30.978137666666672
2018,0000,48,-62.25000000000001,-59.35000000000001,KOR,5.832222222222222,21010.580555555553,1.37892,0.042640000000000004,28971.909739666662,895.8911548888889
2018,0000,48,-63.95,-60.85000000000001,KOR,66.38472222222228,239150.96180555577,1.37892,0.042640000000000004,329770.04425291694,10197.397011388899
2018,0000,48,-62.85000000000001,-60.150000000000006,KOR,0.35638888888888887,1283.8909722222222,1.37892,0.042640000000000004,1770.3829394166667,54.74511105555556
2018,0000,48,-63.050000000000004,-58.25000000000001,KOR,13.02166666666671,46910.55416666682,1.37892,0.042640000000000004,64685.90135150021,2000.2660296666734
2018,0000,48,-62.45,-59.25000000000001,KOR,0.43000000000000005,1549.0750000000003,1.37892,0.042640000000000004,2136.0504990000004,66.05255800000002
2018,0000,48,-63.25000000000001,-59.85000000000001,KOR,4.230277777777775,15239.575694444433,1.37892,0.042640000000000004,21014.155716583315,649.8155076111107
2018,0000,48,-63.95,-60.650000000000006,KOR,16.37222222222225,58980.93055555565,1.37892,0.042640000000000004,81329.9847616668,2514.946878888893
2018,0000,48,-61.95,-59.25000000000001,KOR,36.16027777777782,130267.4006944446,1.37892,0.042640000000000004,179628.32416558353,5554.601965611118
2018,0000,48,-62.95,-58.550000000000004,KOR,6.415555555555554,23112.038888888885,1.37892,0.042640000000000004,31869.65266466666,985.4973382222222
2018,0000,48,-62.25000000000001,-59.45,KOR,0.3852777777777778,1387.9631944444445,1.37892,0.042640000000000004,1913.8902080833334,59.18275061111112
2018,0000,48,-63.150000000000006,-59.75000000000001,KOR,0.3366666666666667,1212.841666666667,1.37892,0.042640000000000004,1672.4116310000002,51.715568666666684
2018,0000,48,-63.050000000000004,-59.150000000000006,KOR,0.6900000000000001,2485.7250000000004,1.37892,0.042640000000000004,3427.6159170000005,105.99131400000003
2018,0000,48,-62.050000000000004,-59.45,KOR,13.229444444444454,47659.07361111115,1.37892,0.042640000000000004,65718.04978383338,2032.1828987777794
2018,0000,48,-63.550000000000004,-60.35000000000001,KOR,7.256944444444446,26143.142361111117,1.37892,0.042640000000000004,36049.301864583336,1114.7435902777781
2018,0000,48,-61.85000000000001,-58.95,KOR,19.427500000000045,69987.56875000017,1.37892,0.042640000000000004,96507.25830075023,2984.2699315000073
2018,0000,48,-61.95,-59.75000000000001,KOR,0.29944444444444446,1078.7486111111111,1.37892,0.042640000000000004,1487.5080348333333,45.99784077777778
2018,0000,48,-63.050000000000004,-57.95,KOR,0.34722222222222227,1250.8680555555557,1.37892,0.042640000000000004,1724.8469791666666,53.3370138888889
2018,0000,48,-63.45,-59.35000000000001,KOR,9.05083333333334,32605.62708333336,1.37892,0.042640000000000004,44960.55129775003,1390.3039388333345
2018,0000,48,-62.75000000000001,-59.95,KOR,1.4366666666666663,5175.591666666665,1.37892,0.042640000000000004,7136.726860999997,220.68722866666664
2018,0000,48,-61.95,-58.95,KOR,10.724444444444462,38634.81111111117,1.37892,0.042640000000000004,53274.31373733342,1647.3883457777806
2018,0000,48,-62.95,-58.150000000000006,KOR,0.40388888888888885,1455.009722222222,1.37892,0.042640000000000004,2006.3420061666664,62.041614555555554
2018,0000,48,-63.95,-60.95,KOR,58.85222222222219,212015.13055555543,1.37892,0.042640000000000004,292351.90382566646,9040.325166888884
2018,0000,48,-62.95,-58.95,KOR,9.321944444444457,33582.30486111115,1.37892,0.042640000000000004,46307.311819083385,1431.9494792777796
2018,0000,48,-61.75000000000001,-58.550000000000004,KOR,0.8816666666666667,3176.204166666667,1.37892,0.042640000000000004,4379.7314495,135.4333456666667
2018,0000,48,-63.050000000000004,-59.25000000000001,KOR,0.13027777777777777,469.3256944444444,1.37892,0.042640000000000004,647.1625865833332,20.01204761111111
2018,0000,48,-62.150000000000006,-59.25000000000001,KOR,9.301388888888894,33508.25347222224,1.37892,0.042640000000000004,46205.200877916686,1428.7919280555566
2018,0000,48,-63.050000000000004,-59.050000000000004,KOR,4.653888888888886,16765.634722222214,1.37892,0.042640000000000004,23118.469031166653,714.8866645555553
2018,0000,48,-63.45,-59.25000000000001,KOR,12.735277777777805,45878.83819444454,1.37892,0.042640000000000004,63263.24756308347,1956.2736606111155
2018,0000,48,-63.95,-61.050000000000004,KOR,0.4672222222222222,1683.1680555555554,1.37892,0.042640000000000004,2320.9540951666663,71.77028588888889
2018,0000,48,-62.95,-58.75000000000001,KOR,5.4266666666666605,19549.566666666644,1.37892,0.042640000000000004,26957.288467999966,833.5935226666658
2018,0000,48,-62.75000000000001,-59.85000000000001,KOR,1.9644444444444438,7076.911111111109,1.37892,0.042640000000000004,9758.494269333329,301.75948977777773
2018,0000,48,-62.650000000000006,-59.550000000000004,KOR,1.1661111111111109,4200.915277777777,1.37892,0.042640000000000004,5792.726094833332,179.12702744444445
2018,0000,48,-62.150000000000006,-59.45,KOR,11.143611111111122,40144.85902777782,1.37892,0.042640000000000004,55356.54901058339,1711.7767889444465
2018,0000,48,-62.050000000000004,-59.35000000000001,KOR,7.918888888888892,28527.797222222234,1.37892,0.042640000000000004,39337.55014566668,1216.4252735555563
2018,0000,48,-63.45,-59.45,KOR,0.6425,2314.60625,1.37892,0.042640000000000004,3191.6568502499995,98.6948105
2018,0000,48,-61.95,-59.35000000000001,KOR,20.252500000000037,72959.63125000014,1.37892,0.042640000000000004,100605.49472325019,3110.9986765000062
2018,0000,48,-62.45,-59.45,KOR,7.78416666666667,28042.46041666668,1.37892,0.042640000000000004,38668.309517750014,1195.7305121666673
2018,0000,48,-62.550000000000004,-59.35000000000001,KOR,3.3672222222222192,12130.418055555545,1.37892,0.042640000000000004,16726.876065166653,517.2410258888885
2018,0000,48,-63.150000000000006,-59.150000000000006,KOR,1.6211111111111107,5840.052777777776,1.37892,0.042640000000000004,8052.96557633333,249.0198504444444
2018,0000,48,-62.050000000000004,-59.050000000000004,KOR,3.4041666666666663,12263.510416666666,1.37892,0.042640000000000004,16910.39978375,522.9160841666667
2018,0000,48,-63.050000000000004,-58.35000000000001,KOR,22.190833333333345,79942.47708333338,1.37892,0.042640000000000004,110234.28049975005,3408.7472228333354
2018,0000,48,-62.45,-59.35000000000001,KOR,1.154166666666667,4157.885416666668,1.37892,0.042640000000000004,5733.391358750001,177.29223416666673
2018,0000,48,-63.550000000000004,-59.45,KOR,0.01361111111111111,49.03402777777777,1.37892,0.042640000000000004,67.61400158333332,2.0908109444444443
2018,0000,48,-62.050000000000004,-58.95,KOR,0.10083333333333333,363.2520833333333,1.37892,0.042640000000000004,500.89556274999995,15.489068833333334
2018,0000,48,-63.150000000000006,-59.550000000000004,KOR,8.259722222222228,29755.649305555577,1.37892,0.042640000000000004,41030.65994041669,1268.78088638889
2018,0000,48,-63.45,-60.25000000000001,KOR,12.60944444444444,45425.52361111109,1.37892,0.042640000000000004,62638.16301783331,1936.9443267777772
2018,0000,48,-61.85000000000001,-59.150000000000006,KOR,0.8850000000000001,3188.2125000000005,1.37892,0.042640000000000004,4396.289980500001,135.94538100000003
2018,0000,48,-61.85000000000001,-58.650000000000006,KOR,13.79444444444447,49694.4861111112,1.37892,0.042640000000000004,68524.72078833345,2118.9728877777816
2018,0000,48,-62.95,-58.85000000000001,KOR,11.186944444444487,40300.96736111127,1.37892,0.042640000000000004,55571.809913583544,1718.4332482777845
2018,0000,48,-62.650000000000006,-59.650000000000006,KOR,0.8002777777777779,2883.000694444445,1.37892,0.042640000000000004,3975.4273175833337,122.93114961111114
2018,0000,48,-62.050000000000004,-59.650000000000006,KOR,46.04249999999998,165868.10624999992,1.37892,0.042640000000000004,228718.84907024988,7072.616050499997
2018,0000,48,-62.45,-59.650000000000006,KOR,10.563611111111129,38055.409027777845,1.37892,0.042640000000000004,52475.36461658342,1622.6826409444475
2018,0000,48,-62.95,-58.35000000000001,KOR,17.01527777777782,61297.53819444459,1.37892,0.042640000000000004,84524.40136708353,2613.7270286111175
2018,0000,48,-61.75000000000001,-58.650000000000006,KOR,0.6861111111111112,2471.7152777777783,1.37892,0.042640000000000004,3408.2976308333336,105.39393944444447
2018,0000,48,-62.650000000000006,-59.75000000000001,KOR,0.7180555555555557,2586.795138888889,1.37892,0.042640000000000004,3566.9835529166667,110.30094472222224
2018,0000,48,-63.550000000000004,-60.45,KOR,63.83861111111113,229978.59652777785,1.37892,0.042640000000000004,317122.0863240834,9806.287355944449
2018,0000,48,-62.75000000000001,-59.75000000000001,KOR,0.08388888888888889,302.20972222222224,1.37892,0.042640000000000004,416.72303016666666,12.886222555555557
2018,0000,48,-61.95,-59.150000000000006,KOR,47.151666666666614,169863.87916666648,1.37892,0.042640000000000004,234228.70026049973,7242.995807666659
2018,0000,48,-62.650000000000006,-59.85000000000001,KOR,0.01138888888888889,41.02847222222223,1.37892,0.042640000000000004,56.57498091666667,1.749454055555556
2018,0000,48,-63.25000000000001,-59.45,KOR,5.8494444444444476,21072.62361111112,1.37892,0.042640000000000004,29057.462149833347,898.5366707777783
2018,0000,48,-62.45,-59.550000000000004,KOR,11.152777777777809,40177.881944444554,1.37892,0.042640000000000004,55402.08497083348,1713.184886111116
2018,0000,48,-61.85000000000001,-58.550000000000004,KOR,1.9436111111111105,7001.859027777776,1.37892,0.042640000000000004,9655.00345058333,298.5592689444444
2018,0000,48,-62.050000000000004,-59.25000000000001,KOR,8.138333333333334,29318.345833333333,1.37892,0.042640000000000004,40427.6534365,1250.1342663333335
2018,0000,48,-61.95,-58.650000000000006,KOR,0.3302777777777778,1189.8256944444445,1.37892,0.042640000000000004,1640.6744465833333,50.73416761111112
2018,0000,48,-62.35000000000001,-59.35000000000001,KOR,0.6744444444444444,2429.686111111111,1.37892,0.042640000000000004,3350.342772333333,103.60181577777779
2018,0000,48,-61.95,-59.050000000000004,KOR,19.143888888888927,68965.85972222236,1.37892,0.042640000000000004,95098.40328816685,2940.704258555562
2018,0000,48,-63.25000000000001,-59.75000000000001,KOR,4.708333333333331,16961.770833333325,1.37892,0.042640000000000004,23388.925037499987,723.249908333333
2018,0000,48,-63.150000000000006,-59.650000000000006,KOR,6.348333333333337,22869.87083333335,1.37892,0.042640000000000004,31535.72228950002,975.1712923333341
2018,0000,48,-62.95,-58.650000000000006,KOR,4.668333333333331,16817.670833333326,1.37892,0.042640000000000004,23190.22266549999,717.1054843333332
2018,0000,48,-61.95,-59.85000000000001,KOR,4.076944444444444,14687.192361111109,1.37892,0.042640000000000004,20252.463290583328,626.2618822777778
2018,0000,48,-62.150000000000006,-59.550000000000004,KOR,3.4938888888888875,12586.734722222218,1.37892,0.042640000000000004,17356.10024316666,536.6983685555555
2018,0000,48,-62.550000000000004,-59.550000000000004,KOR,1.1569444444444448,4167.892361111112,1.37892,0.042640000000000004,5747.190134583335,177.71893027777784
2018,0000,48,-63.550000000000004,-59.35000000000001,KOR,2.280555555555554,8215.701388888883,1.37892,0.042640000000000004,11328.794959166658,350.317507222222
2018,0000,48,-62.650000000000006,-59.45,KOR,0.9672222222222223,3484.418055555556,1.37892,0.042640000000000004,4804.733745166667,148.57558588888892
2018,0000,48,-63.050000000000004,-58.95,KOR,1.0627777777777778,3828.6569444444444,1.37892,0.042640000000000004,5279.411633833333,163.25393211111114
2018,0000,48,-63.050000000000004,-58.050000000000004,KOR,6.758333333333331,24346.895833333325,1.37892,0.042640000000000004,33572.421602499984,1038.151638333333
2018,0000,48,-62.150000000000006,-59.150000000000006,KOR,1.1891666666666665,4283.972916666666,1.37892,0.042640000000000004,5907.255934249998,182.66860516666665
2018,0000,48,-61.85000000000001,-59.35000000000001,KOR,0.17305555555555555,623.4326388888888,1.37892,0.042640000000000004,859.6637344166666,26.583167722222225
2018,0000,48,-63.150000000000006,-58.550000000000004,KOR,0.06944444444444445,250.17361111111111,1.37892,0.042640000000000004,344.9693958333333,10.66740277777778
2018,0000,48,-62.150000000000006,-59.75000000000001,KOR,3.8149999999999986,13743.537499999995,1.37892,0.042640000000000004,18951.238729499993,586.0244389999998
2018,0000,48,-62.95,-59.050000000000004,KOR,3.908055555555552,14078.770138888876,1.37892,0.042640000000000004,19413.49771991665,600.3187587222218
2018,0000,48,-62.050000000000004,-59.85000000000001,KOR,21.488055555555597,77410.72013888904,1.37892,0.042640000000000004,106743.19021391687,3300.793106722229
2018,0000,48,-61.85000000000001,-58.85000000000001,KOR,28.49083333333332,102638.22708333329,1.37892,0.042640000000000004,141529.90408974994,4376.494002833332
2018,0000,48,-62.150000000000006,-59.650000000000006,KOR,10.309444444444457,37139.77361111116,1.37892,0.042640000000000004,51212.776627833395,1583.6399467777799
2018,0000,48,-63.150000000000006,-59.25000000000001,KOR,11.90277777777781,42879.75694444456,1.37892,0.042640000000000004,59127.75444583349,1828.3928361111164
2018,0000,48,-61.95,-58.85000000000001,KOR,8.376944444444446,30177.942361111116,1.37892,0.042640000000000004,41612.968280583336,1286.787462277778
2018,0000,48,-63.95,-60.75000000000001,KOR,68.66555555555547,247367.66388888858,1.37892,0.042640000000000004,341100.2190896662,10547.757188222211
2018,0000,48,-63.35000000000001,-59.25000000000001,KOR,1.1330555555555555,4081.8326388888886,1.37892,0.042640000000000004,5628.520662416666,174.04934372222223
2018,0000,48,-63.35000000000001,-59.45,KOR,3.169444444444442,11417.923611111102,1.37892,0.042640000000000004,15744.40322583332,486.86026277777745
2018,0000,48,-62.550000000000004,-59.25000000000001,KOR,0.09944444444444445,358.24861111111113,1.37892,0.042640000000000004,493.9961748333333,15.27572077777778
2018,0000,48,-63.050000000000004,-58.45,KOR,2.495277777777776,8989.238194444439,1.37892,0.042640000000000004,12395.440331083324,383.3011166111109
2018,0000,48,-63.150000000000006,-59.45,KOR,9.580833333333342,34514.952083333366,1.37892,0.042640000000000004,47593.357726750044,1471.7175568333348
2018,0000,48,-59.85000000000001,-44.050000000000004,NOR,1.3825,8316.497875000001,0.41096,0.04092,3417.74796671,340.311093045
2018,0000,48,-60.550000000000004,-46.550000000000004,NOR,0.06972222222222223,419.41751388888895,0.41096,0.04092,172.3638215077778,17.162564668333335
2018,0000,48,-60.550000000000004,-45.150000000000006,NOR,1.8377777777777773,11055.24411111111,0.41096,0.04092,4543.263119902222,452.3805890266666
2018,0000,48,-60.35000000000001,-46.75000000000001,NOR,0.3,1804.665,0.41096,0.04092,741.6451284,73.8468918
2018,0000,48,-60.75000000000001,-45.35000000000001,NOR,0.33333333333333326,2005.183333333333,0.41096,0.04092,824.0501426666665,82.05210199999998
2018,0000,48,-60.75000000000001,-45.45,NOR,0.9683333333333334,5825.057583333334,0.41096,0.04092,2393.865664446667,238.36135631000002
2018,0000,48,-61.25000000000001,-45.050000000000004,NOR,0.8161111111111113,4909.357194444446,0.41096,0.04092,2017.5494326288895,200.8908963966667
2018,0000,48,-62.050000000000004,-45.25000000000001,NOR,0.11666666666666665,701.8141666666667,0.41096,0.04092,288.4175499333333,28.718235699999997
2018,0000,48,-59.650000000000006,-46.45,NOR,1.864444444444444,11215.658777777775,0.41096,0.04092,4609.187131315554,458.94475718666655
2018,0000,48,-60.95,-44.85000000000001,NOR,0.4666666666666667,2807.2566666666667,0.41096,0.04092,1153.6701997333332,114.87294279999999
2018,0000,48,-60.45,-46.25000000000001,NOR,1.4341666666666664,8627.301291666665,0.41096,0.04092,3545.4757388233324,353.0291688549999
2018,0000,48,-59.650000000000006,-44.150000000000006,NOR,0.11805555555555555,710.1690972222223,0.41096,0.04092,291.85109219444445,29.060119458333332
2018,0000,48,-60.050000000000004,-44.95,NOR,0.25,1503.8875,0.41096,0.04092,618.037607,61.5390765
2018,0000,48,-60.45,-46.35000000000001,NOR,0.5413888888888889,3256.7519305555556,0.41096,0.04092,1338.394773381111,133.26628899833332
2018,0000,48,-60.45,-45.050000000000004,NOR,2.2983333333333325,13825.739083333328,0.41096,0.04092,5681.8257336866645,565.7492432899998
2018,0000,48,-61.35000000000001,-44.95,NOR,0.16527777777777777,994.2367361111111,0.41096,0.04092,408.5915290722222,40.684167241666664
2018,0000,48,-59.650000000000006,-44.95,NOR,1.1355555555555554,6830.991222222222,0.41096,0.04092,2807.264152684444,279.5241608133333
2018,0000,48,-60.550000000000004,-47.550000000000004,NOR,0.44805555555555554,2695.300597222222,0.41096,0.04092,1107.6607334344444,110.29170043833332
2018,0000,48,-61.75000000000001,-45.050000000000004,NOR,0.3441666666666667,2070.351791666667,0.41096,0.04092,850.8317723033334,84.71879531500001
2018,0000,48,-61.550000000000004,-44.050000000000004,NOR,0.06694444444444445,402.7076527777778,0.41096,0.04092,165.49673698555557,16.47879715166667
2018,0000,48,-60.45,-45.95,NOR,2.0533333333333315,12351.929333333323,0.41096,0.04092,5076.148878826662,505.44094831999956
2018,0000,48,-61.35000000000001,-45.75000000000001,NOR,0.10555555555555554,634.9747222222221,0.41096,0.04092,260.9492118444444,25.98316563333333
2018,0000,48,-60.85000000000001,-45.150000000000006,NOR,0.7436111111111112,4473.229819444446,0.41096,0.04092,1838.3185265988893,183.0445642116667
2018,0000,48,-60.45,-44.050000000000004,NOR,0.21638888888888885,1301.6981805555554,0.41096,0.04092,534.945884281111,53.26548954833332
2018,0000,48,-61.35000000000001,-46.45,NOR,0.2425,1458.770875,0.41096,0.04092,599.49647879,59.692904205
2018,0000,48,-59.650000000000006,-44.050000000000004,NOR,0.8416666666666668,5063.087916666667,0.41096,0.04092,2080.7266102333338,207.18155755
2018,0000,48,-59.650000000000006,-47.45,NOR,1.8249999999999995,10978.378749999998,0.41096,0.04092,4511.6745310999995,449.2352584499999
2018,0000,48,-59.650000000000006,-43.95,NOR,0.08888888888888889,534.7155555555556,0.41096,0.04092,219.74670471111114,21.880560533333334
2018,0000,48,-59.75000000000001,-44.050000000000004,NOR,0.6838888888888891,4113.967805555557,0.41096,0.04092,1690.6762093711116,168.34356260333337
2018,0000,48,-60.550000000000004,-44.050000000000004,NOR,0.36583333333333334,2200.6887083333336,0.41096,0.04092,904.3950315766667,90.052181945
2018,0000,48,-60.050000000000004,-45.050000000000004,NOR,0.25583333333333336,1538.9782083333334,0.41096,0.04092,632.4584844966666,62.974988285
2018,0000,48,-62.050000000000004,-45.050000000000004,NOR,0.22111111111111112,1330.1049444444445,0.41096,0.04092,546.6199279688889,54.42789432666667
2018,0000,48,-60.75000000000001,-45.550000000000004,NOR,4.097222222222217,24647.045138888858,0.41096,0.04092,10128.949670277765,1008.557087083332
2018,0000,48,-60.35000000000001,-46.45,NOR,1.3194444444444446,7937.184027777779,0.41096,0.04092,3261.865148055556,324.7895704166667
2018,0000,48,-61.35000000000001,-47.45,NOR,0.5466666666666667,3288.5006666666673,0.41096,0.04092,1351.4422339733335,134.56544728000003
2018,0000,48,-60.050000000000004,-44.050000000000004,NOR,0.38166666666666665,2295.9349166666666,0.41096,0.04092,943.5374133533332,93.94965678999999
2018,0000,48,-60.050000000000004,-45.75000000000001,NOR,0.6000000000000002,3609.3300000000013,0.41096,0.04092,1483.2902568000004,147.69378360000005
2018,0000,48,-62.050000000000004,-45.150000000000006,NOR,0.15194444444444444,914.0294027777778,0.41096,0.04092,375.62952336555554,37.40208316166667
2018,0000,48,-59.95,-44.050000000000004,NOR,0.08638888888888888,519.6766805555555,0.41096,0.04092,213.5663286411111,21.265169768333333
2018,0000,48,-60.45,-45.150000000000006,NOR,0.15583333333333332,937.4232083333333,0.41096,0.04092,385.24344169666665,38.35935768499999
2018,0000,48,-60.85000000000001,-45.35000000000001,NOR,0.8811111111111117,5300.367944444449,0.41096,0.04092,2178.239210448891,216.89105628666684
2018,0000,48,-60.95,-46.45,NOR,0.47111111111111115,2833.9924444444446,0.41096,0.04092,1164.657534968889,115.96697082666667
2018,0000,48,-60.35000000000001,-46.650000000000006,NOR,0.11888888888888888,715.1820555555555,0.41096,0.04092,293.91121755111106,29.26524971333333
2018,0000,48,-60.550000000000004,-47.45,NOR,0.1061111111111111,638.3166944444444,0.41096,0.04092,262.32262874888886,26.119919136666663
2018,0000,48,-59.650000000000006,-45.75000000000001,NOR,0.5225,3143.124875,0.41096,0.04092,1291.6985986299999,128.616669885
2018,0000,48,-60.050000000000004,-47.550000000000004,NOR,0.2841666666666667,1709.4187916666667,0.41096,0.04092,702.5027466233333,69.949416955
2018,0000,48,-61.35000000000001,-45.050000000000004,NOR,0.6186111111111112,3721.2860694444453,0.41096,0.04092,1529.2997230988892,152.2750259616667
2018,0000,48,-60.95,-44.050000000000004,NOR,0.36138888888888887,2173.9529305555557,0.41096,0.04092,893.4076963411111,88.95815391833334
2018,0000,48,-60.85000000000001,-45.25000000000001,NOR,0.7830555555555556,4710.509847222223,0.41096,0.04092,1935.8311268144446,192.75406294833334
2018,0000,48,-61.75000000000001,-45.75000000000001,NOR,0.7163888888888891,4309.473180555557,0.41096,0.04092,1771.0210982811116,176.34364254833338
2018,0000,48,-61.35000000000001,-46.550000000000004,NOR,0.28833333333333333,1734.4835833333334,0.41096,0.04092,712.8033734066667,70.97506823
2018,0000,48,-61.95,-45.25000000000001,NOR,0.06666666666666667,401.0366666666667,0.41096,0.04092,164.81002853333334,16.4104204
2018,0000,48,-60.45,-46.150000000000006,NOR,0.84,5053.062,0.41096,0.04092,2076.60635952,206.77129703999998
2018,0000,48,-60.85000000000001,-45.050000000000004,NOR,0.31527777777777777,1896.5692361111112,0.41096,0.04092,779.4140932722222,77.60761314166666
2018,0000,48,-60.85000000000001,-44.650000000000006,NOR,0.4202777777777778,2528.201986111111,0.41096,0.04092,1038.9898882122222,103.45402527166667
2018,0000,48,-60.95,-45.75000000000001,NOR,2.0516666666666663,12341.903416666664,0.41096,0.04092,5072.028628113332,505.0306878099999
2018,0000,48,-60.550000000000004,-45.050000000000004,NOR,0.810277777777778,4874.2664861111125,0.41096,0.04092,2003.1285551322228,199.4549846116667
2018,0000,48,-60.95,-45.050000000000004,NOR,0.7730555555555557,4650.354347222224,0.41096,0.04092,1911.109622534445,190.2924998883334
2018,0000,48,-60.95,-47.45,NOR,0.21916666666666665,1318.4080416666666,0.41096,0.04092,541.8129688033333,53.94925706499999
2018,0000,48,-59.75000000000001,-47.35000000000001,NOR,0.13944444444444443,838.8350277777777,0.41096,0.04092,344.7276430155555,34.32512933666666
2018,0000,48,-59.75000000000001,-47.45,NOR,0.5058333333333334,3042.8657083333337,0.41096,0.04092,1250.4960914966668,124.51406478500002
2018,0000,48,-61.35000000000001,-43.95,NOR,0.24583333333333335,1478.8227083333334,0.41096,0.04092,607.7369802166667,60.513425225
2018,0000,48,-60.35000000000001,-46.35000000000001,NOR,1.3561111111111113,8157.754194444446,0.41096,0.04092,3352.5106637488893,333.8153016366667
2018,0000,48,-61.75000000000001,-44.050000000000004,NOR,0.0675,406.04962500000005,0.41096,0.04092,166.87015389,16.615550655
2018,0000,48,-59.650000000000006,-47.550000000000004,NOR,0.05083333333333333,305.79045833333333,0.41096,0.04092,125.66764675666667,12.512945555
2018,0000,48,-60.35000000000001,-45.75000000000001,NOR,0.06583333333333333,396.02370833333333,0.41096,0.04092,162.74990317666666,16.205290145
2018,0000,48,-60.650000000000006,-45.550000000000004,NOR,6.70527777777778,40335.933736111125,0.41096,0.04092,16576.455328192227,1650.5464084816672
2018,0000,48,-60.550000000000004,-44.95,NOR,0.6813888888888888,4098.928930555555,0.41096,0.04092,1684.495833301111,167.7281718383333
2018,0000,48,-60.95,-44.95,NOR,0.6886111111111114,4142.374569444446,0.41096,0.04092,1702.3502530588894,169.50596738166672
2018,0000,48,-69.75,7.25,ZAF,2.2697222222222218,2265.182777777777,0.24892,0,563.8492970444443,0
2018,0000,48,-68.75,11.150000000000002,ZAF,0.16944444444444445,169.10555555555555,0.24892,0,42.09375488888889,0
2018,0000,48,-69.55000000000001,6.15,ZAF,3.119722222222221,3113.4827777777764,0.24892,0,775.0081330444441,0
2018,0000,48,-69.45,6.95,ZAF,1.051111111111111,1049.0088888888888,0.24892,0,261.1192926222222,0
2018,0000,48,-68.95,11.05,ZAF,9.329722222222234,9311.06277777779,0.24892,0,2317.7097466444475,0
2018,0000,48,-65.05000000000001,2.55,ZAF,0.41138888888888886,410.56611111111107,0.24892,0,102.19811637777777,0
2018,0000,48,-69.15,10.55,ZAF,2.7563888888888886,2750.8761111111107,0.24892,0,684.7480815777777,0
2018,0000,48,-69.05000000000001,11.250000000000002,ZAF,6.399999999999998,6387.199999999998,0.24892,0,1589.9018239999996,0
2018,0000,48,-64.65,6.25,ZAF,0.5213888888888889,520.3461111111111,0.24892,0,129.52455397777777,0
2018,0000,48,-68.95,11.250000000000002,ZAF,0.9319444444444445,930.0805555555555,0.24892,0,231.51565188888887,0
2018,0000,48,-69.25,12.450000000000001,ZAF,2.515277777777777,2510.2472222222214,0.24892,0,624.8507385555554,0
2018,0000,48,-65.35000000000001,2.65,ZAF,0.8272222222222224,825.567777777778,0.24892,0,205.5003312444445,0
2018,0000,48,-69.25,12.950000000000001,ZAF,3.0999999999999988,3093.799999999999,0.24892,0,770.1086959999997,0
2018,0000,48,-65.35000000000001,2.55,ZAF,4.881388888888886,4871.626111111109,0.24892,0,1212.6451715777773,0
2018,0000,48,-69.05000000000001,12.350000000000001,ZAF,4.178055555555553,4169.699444444442,0.24892,0,1037.9215857111105,0
2018,0000,48,-69.55000000000001,6.65,ZAF,11.058611111111126,11036.493888888905,0.24892,0,2747.204058822226,0
2018,0000,48,-69.75,7.55,ZAF,11.061388888888905,11039.266111111127,0.24892,0,2747.8941203777817,0
2018,0000,48,-68.85000000000001,11.350000000000001,ZAF,2.2991666666666655,2294.5683333333322,0.24892,0,571.163949533333,0
2018,0000,48,-69.35000000000001,6.25,ZAF,3.37861111111111,3371.8538888888875,0.24892,0,839.3218700222219,0
2018,0000,48,-68.55000000000001,11.950000000000001,ZAF,2.1372222222222215,2132.947777777777,0.24892,0,530.9333608444442,0
2018,0000,48,-68.55000000000001,11.750000000000002,ZAF,1.896388888888888,1892.5961111111103,0.24892,0,471.1050239777776,0
2018,0000,48,-69.15,12.450000000000001,ZAF,0.7747222222222223,773.1727777777779,0.24892,0,192.4581678444445,0
2018,0000,48,-69.65,7.45,ZAF,1.0502777777777776,1048.177222222222,0.24892,0,260.9122741555555,0
2018,0000,48,-69.35000000000001,6.45,ZAF,0.09999999999999999,99.8,0.24892,0,24.842216,0
2018,0000,48,-69.25,10.950000000000001,ZAF,8.678611111111117,8661.253888888894,0.24892,0,2155.9593180222237,0
2018,0000,48,-69.45,10.55,ZAF,4.4322222222222205,4423.357777777776,0.24892,0,1101.062218044444,0
2018,0000,48,-69.75,7.75,ZAF,0.3830555555555556,382.2894444444445,0.24892,0,95.15948851111112,0
2018,0000,48,-69.35000000000001,6.15,ZAF,8.880555555555562,8862.794444444451,0.24892,0,2206.126793111113,0
2018,0000,48,-69.15,10.650000000000002,ZAF,3.9013888888888886,3893.5861111111108,0.24892,0,969.1914547777777,0
2018,0000,48,-69.15,11.150000000000002,ZAF,13.27611111111113,13249.558888888907,0.24892,0,3298.080198622227,0
2018,0000,48,-68.55000000000001,11.650000000000002,ZAF,0.5880555555555554,586.8794444444443,0.24892,0,146.08603131111107,0
2018,0000,48,-69.05000000000001,11.55,ZAF,0.23333333333333336,232.8666666666667,0.24892,0,57.96517066666668,0
2018,0000,48,-69.25,10.55,ZAF,3.1322222222222202,3125.957777777776,0.24892,0,778.113410044444,0
2018,0000,48,-69.25,11.250000000000002,ZAF,1.0261111111111112,1024.058888888889,0.24892,0,254.90873862222224,0
2018,0000,48,-69.65,7.65,ZAF,3.5274999999999976,3520.4449999999974,0.24892,0,876.3091693999994,0
2018,0000,48,-69.15,12.850000000000001,ZAF,1.6491666666666656,1645.8683333333322,0.24892,0,409.68954553333305,0
2018,0000,48,-68.75,11.850000000000001,ZAF,6.423611111111112,6410.76388888889,0.24892,0,1595.7673472222225,0
2018,0000,48,-64.75,5.8500000000000005,ZAF,3.1341666666666645,3127.8983333333313,0.24892,0,778.5964531333328,0
2018,0000,48,-65.15,2.55,ZAF,3.214166666666666,3207.738333333333,0.24892,0,798.4702259333332,0
2018,0000,48,-68.65,11.650000000000002,ZAF,0.30722222222222223,306.6077777777778,0.24892,0,76.32080804444445,0
2018,0000,48,-69.25,11.05,ZAF,12.13472222222224,12110.452777777797,0.24892,0,3014.5339054444494,0
2018,0000,48,-69.65,7.75,ZAF,1.1577777777777776,1155.462222222222,0.24892,0,287.6176563555555,0
2018,0000,48,-68.75,12.05,ZAF,6.874722222222224,6860.97277777778,0.24892,0,1707.833343844445,0
2018,0000,48,-69.35000000000001,10.55,ZAF,4.716944444444445,4707.510555555556,0.24892,0,1171.793527488889,0
2018,0000,48,-65.15,2.75,ZAF,1.3961111111111113,1393.318888888889,0.24892,0,346.82493782222224,0
2018,0000,48,-65.25,2.55,ZAF,0.16333333333333333,163.00666666666666,0.24892,0,40.575619466666666,0
2018,0000,48,-69.45,6.3500000000000005,ZAF,7.794722222222225,7779.132777777781,0.24892,0,1936.3817310444451,0
2018,0000,48,-69.15,12.950000000000001,ZAF,1.1686111111111113,1166.2738888888891,0.24892,0,290.3088964222223,0
2018,0000,48,-69.55000000000001,7.05,ZAF,0.4469444444444444,446.05055555555555,0.24892,0,111.03090428888889,0
2018,0000,48,-69.65,7.55,ZAF,1.9997222222222217,1995.7227777777773,0.24892,0,496.7753138444443,0
2018,0000,48,-69.35000000000001,10.750000000000002,ZAF,7.184444444444444,7170.075555555555,0.24892,0,1784.7752072888889,0
2018,0000,48,-69.05000000000001,11.150000000000002,ZAF,4.574999999999999,4565.8499999999995,0.24892,0,1136.531382,0
2018,0000,48,-68.85000000000001,11.650000000000002,ZAF,3.888611111111106,3880.833888888884,0.24892,0,966.017171622221,0
2018,0000,48,-68.55000000000001,11.850000000000001,ZAF,1.5230555555555556,1520.0094444444444,0.24892,0,378.3607509111111,0
2018,0000,48,-68.75,11.450000000000001,ZAF,0.8122222222222222,810.5977777777778,0.24892,0,201.77399884444444,0
2018,0000,48,-64.75,6.25,ZAF,0.08333333333333331,83.16666666666664,0.24892,0,20.70184666666666,0
2018,0000,48,-68.75,12.150000000000002,ZAF,0.6775,676.145,0.24892,0,168.30601339999998,0
2018,0000,48,-68.85000000000001,11.55,ZAF,3.966388888888887,3958.4561111111093,0.24892,0,985.3388951777773,0
2018,0000,48,-64.65,6.3500000000000005,ZAF,0.33305555555555555,332.38944444444445,0.24892,0,82.73838051111112,0
2018,0000,48,-69.55000000000001,6.25,ZAF,2.8666666666666667,2860.9333333333334,0.24892,0,712.1435253333334,0
2018,0000,48,-69.65,7.8500000000000005,ZAF,3.5580555555555518,3550.9394444444406,0.24892,0,883.8998465111101,0
2018,0000,48,-69.45,6.05,ZAF,1.3058333333333334,1303.2216666666668,0.24892,0,324.3979372666667,0
2018,0000,48,-69.15,10.750000000000002,ZAF,3.455555555555553,3448.644444444442,0.24892,0,858.4365751111105,0
2018,0000,48,-68.85000000000001,11.850000000000001,ZAF,0.4686111111111111,467.6738888888889,0.24892,0,116.41338442222222,0
2018,0000,48,-69.65,7.95,ZAF,2.521944444444443,2516.900555555554,0.24892,0,626.5068862888885,0
2018,0000,48,-69.55000000000001,6.55,ZAF,12.036111111111131,12012.038888888908,0.24892,0,2990.036720222227,0
2018,0000,48,-69.75,7.45,ZAF,8.986111111111116,8968.138888888894,0.24892,0,2232.3491322222235,0
2018,0000,48,-64.75,5.75,ZAF,1.8688888888888888,1865.151111111111,0.24892,0,464.27341457777777,0
2018,0000,48,-69.45,6.25,ZAF,6.13583333333333,6123.561666666663,0.24892,0,1524.2769700666656,0
2018,0000,48,-69.35000000000001,11.05,ZAF,5.3530555555555575,5342.349444444446,0.24892,0,1329.8176237111115,0
2018,0000,48,-69.05000000000001,12.05,ZAF,4.590000000000001,4580.820000000001,0.24892,0,1140.2577144000002,0
2018,0000,48,-68.75,11.250000000000002,ZAF,5.403333333333332,5392.526666666666,0.24892,0,1342.3077378666665,0
2018,0000,48,-68.85000000000001,11.250000000000002,ZAF,5.989166666666668,5977.188333333334,0.24892,0,1487.8417199333337,0
2018,0000,48,-68.45,11.850000000000001,ZAF,2.781388888888888,2775.82611111111,0.24892,0,690.9586355777775,0
2018,0000,48,-68.65,11.750000000000002,ZAF,5.402499999999995,5391.694999999995,0.24892,0,1342.1007193999988,0
2018,0000,48,-65.25,2.75,ZAF,3.7863888888888857,3778.816111111108,0.24892,0,940.622906377777,0
2018,0000,48,-69.15,10.850000000000001,ZAF,6.048611111111115,6036.513888888893,0.24892,0,1502.6090372222234,0
2018,0000,48,-69.25,10.750000000000002,ZAF,16.77777777777783,16744.222222222274,0.24892,0,4167.971795555568,0
2018,0000,48,-68.65,11.850000000000001,ZAF,1.4994444444444435,1496.4455555555546,0.24892,0,372.49522768888863,0
2018,0000,48,-69.05000000000001,12.750000000000002,ZAF,1.5408333333333326,1537.7516666666659,0.24892,0,382.77714486666645,0
2018,0000,48,-64.95,2.45,ZAF,2.368888888888889,2364.151111111111,0.24892,0,588.4844945777777,0
2018,0000,48,-68.75,11.950000000000001,ZAF,0.34444444444444444,343.75555555555553,0.24892,0,85.56763288888888,0
2018,0000,48,-69.15,12.750000000000002,ZAF,1.1811111111111112,1178.748888888889,0.24892,0,293.4141734222223,0
2018,0000,48,-68.85000000000001,12.150000000000002,ZAF,6.416666666666666,6403.833333333333,0.24892,0,1594.0421933333332,0
2018,0000,48,-68.75,11.55,ZAF,3.5313888888888867,3524.3261111111087,0.24892,0,877.2752555777772,0
2018,0000,48,-65.25,2.45,ZAF,2.5219444444444434,2516.9005555555545,0.24892,0,626.5068862888886,0
2018,0000,48,-69.45,10.650000000000002,ZAF,0.36750000000000005,366.76500000000004,0.24892,0,91.2951438,0
2018,0000,48,-64.95,2.55,ZAF,0.28694444444444445,286.37055555555554,0.24892,0,71.28335868888888,0
2018,0000,48,-69.45,10.450000000000001,ZAF,5.067222222222221,5057.087777777777,0.24892,0,1258.8102896444443,0
2018,0000,48,-64.65,6.05,ZAF,5.362222222222223,5351.4977777777785,0.24892,0,1332.0948268444447,0
2018,0000,48,-68.85000000000001,11.450000000000001,ZAF,1.3916666666666668,1388.8833333333334,0.24892,0,345.72083933333334,0
2018,0000,48,-69.15,12.55,ZAF,2.759166666666665,2753.6483333333317,0.24892,0,685.4381431333329,0
2018,0000,48,-68.75,12.250000000000002,ZAF,6.5744444444444445,6561.295555555555,0.24892,0,1633.2376896888888,0
2018,0000,48,-69.35000000000001,10.850000000000001,ZAF,2.5244444444444447,2519.395555555556,0.24892,0,627.127941688889,0
2018,0000,48,-68.95,11.55,ZAF,4.095833333333331,4087.6416666666646,0.24892,0,1017.4957636666661,0
2018,0000,48,-69.75,7.15,ZAF,1.2352777777777775,1232.807222222222,0.24892,0,306.8703737555555,0
2018,0000,48,-68.45,11.55,ZAF,1.417222222222222,1414.3877777777775,0.24892,0,352.0694056444444,0
2018,0000,48,-68.75,11.350000000000001,ZAF,2.484722222222221,2479.752777777777,0.24892,0,617.2600614444442,0
2018,0000,48,-68.85000000000001,11.750000000000002,ZAF,1.1886111111111113,1186.2338888888892,0.24892,0,295.2773396222223,0
2018,0000,48,-69.25,10.650000000000002,ZAF,14.388611111111143,14359.833888888921,0.24892,0,3574.44985162223,0
2018,0000,48,-68.45,11.950000000000001,ZAF,0.06666666666666667,66.53333333333333,0.24892,0,16.561477333333332,0
2018,0000,48,-69.45,10.750000000000002,ZAF,4.188333333333328,4179.9566666666615,0.24892,0,1040.4748134666654,0
2018,0000,48,-65.05000000000001,2.45,ZAF,3.033888888888889,3027.821111111111,0.24892,0,753.6852309777777,0
2018,0000,48,-69.55000000000001,6.75,ZAF,7.444166666666665,7429.278333333332,0.24892,0,1849.295962733333,0
2018,0000,48,-69.35000000000001,10.650000000000002,ZAF,2.5830555555555543,2577.889444444443,0.24892,0,641.6882405111108,0
2018,0000,48,-69.55000000000001,6.3500000000000005,ZAF,3.407777777777776,3400.96222222222,0.24892,0,846.5675163555551,0
2018,0000,48,-68.85000000000001,11.150000000000002,ZAF,1.8177777777777773,1814.1422222222218,0.24892,0,451.57628195555543,0
2018,0000,48,-68.75,11.650000000000002,ZAF,4.34333333333333,4334.646666666664,0.24892,0,1078.980248266666,0
2018,0000,48,-69.15,10.950000000000001,ZAF,6.9922222222222254,6978.237777777781,0.24892,0,1737.0229476444454,0
2018,0000,48,-69.45,6.45,ZAF,9.812500000000012,9792.875000000013,0.24892,0,2437.642445000003,0
2018,0000,48,-68.95,11.150000000000002,ZAF,1.056111111111111,1053.9988888888888,0.24892,0,262.3614034222222,0
2018,0000,48,-68.75,11.750000000000002,ZAF,5.663055555555554,5651.729444444443,0.24892,0,1406.8284933111108,0
2018,0000,48,-68.45,11.650000000000002,ZAF,3.6044444444444435,3597.2355555555546,0.24892,0,895.4238744888886,0
2018,0000,48,-68.35000000000001,11.850000000000001,ZAF,2.7208333333333314,2715.3916666666646,0.24892,0,675.9152936666661,0
2018,0000,48,-69.45,10.350000000000001,ZAF,0.9888888888888889,986.9111111111112,0.24892,0,245.66191377777778,0
2018,0000,48,-69.45,6.55,ZAF,4.974999999999998,4965.0499999999975,0.24892,0,1235.9002459999995,0
2018,0000,48,-69.45,7.05,ZAF,0.7852777777777779,783.7072222222223,0.24892,0,195.08040175555558,0
2018,0000,48,-69.55000000000001,6.8500000000000005,ZAF,6.241666666666667,6229.183333333333,0.24892,0,1550.5683153333334,0
2018,0000,48,-69.45,6.65,ZAF,1.3488888888888888,1346.191111111111,0.24892,0,335.09389137777777,0
2018,0000,48,-69.15,11.05,ZAF,5.534999999999999,5523.929999999999,0.24892,0,1375.0166556,0
2018,0000,48,-69.55000000000001,6.45,ZAF,5.999722222222221,5987.722777777777,0.24892,0,1490.4639538444442,0
2018,0000,48,-64.75,5.95,ZAF,1.0788888888888892,1076.7311111111114,0.24892,0,268.01990817777784,0
2018,0000,48,-69.75,7.65,ZAF,1.921944444444444,1918.100555555555,0.24892,0,477.4535902888888,0
2018,0000,48,-64.65,6.15,ZAF,2.291388888888888,2286.80611111111,0.24892,0,569.2317771777775,0
2018,0000,48,-68.85000000000001,11.05,ZAF,1.9308333333333336,1926.971666666667,0.24892,0,479.66178726666675,0
2018,0000,48,-69.35000000000001,10.950000000000001,ZAF,4.626944444444444,4617.690555555555,0.24892,0,1149.4355330888889,0
2018,0000,48,-69.35000000000001,10.450000000000001,ZAF,6.115833333333333,6103.6016666666665,0.24892,0,1519.3085268666666,0
2018,0000,48,-69.05000000000001,12.450000000000001,ZAF,2.289166666666666,2284.5883333333327,0.24892,0,568.6797279333332,0
2018,0000,48,-69.45,6.15,ZAF,6.258333333333333,6245.816666666667,0.24892,0,1554.7086846666666,0
2018,0000,48,-69.75,7.3500000000000005,ZAF,0.7230555555555559,721.6094444444448,0.24892,0,179.62302291111118,0
2018,0000,48,-65.05000000000001,2.75,ZAF,2.3336111111111104,2328.943888888888,0.24892,0,579.720712822222,0
2018,0000,48,-68.55000000000001,12.05,ZAF,3.5724999999999976,3565.3549999999977,0.24892,0,887.4881665999994,0
2018,0000,48,-69.55000000000001,6.95,ZAF,0.8027777777777778,801.1722222222222,0.24892,0,199.42778955555556,0
2018,0000,48,-69.25,10.850000000000001,ZAF,6.947500000000002,6933.605000000001,0.24892,0,1725.9129566000004,0
