flag,eez_code,flag_lon,flag_lat,eez_name,eez_lon,eez_lat,geometry
ISL,5690,-18.573961670805186,64.99575386067318,Russian Exclusive economic Zone,93.61507074751181,71.34167471024053,"c(-18.5739616708052, -17.4957738737191, -16.3526468274248, -15.1389370191985, -13.8484658251242, -12.4744838429667, -11.0096415184228, -9.44597073101116, -7.77488381786694, -5.98719881644897, -4.07320252347253, -2.02276622752146, 0.174467567288445, 2.52880598706673, 5.05011096308311, 7.74726660252537, 10.6274929047493, 13.695504229031, 16.9525358486804, 20.3952987750307, 24.014969458401, 27.7963686215579, 31.7175167772799, 35.7497523770865, 39.8585440537838, 44.0050173102131, 48.1480685648513, 52.2467991832548, 
56.2629195759095, 60.1627813347758, 63.9187905049437, 67.5101001436521, 70.9226242539426, 74.1485176225532, 77.1853110473594, 80.0348858383794, 82.7024344624667, 85.1955058721088, 87.5231888287042, 89.695451616648, 91.7226335264946, 93.6150707475118, 64.9957538606732, 65.7541793425022, 66.5045493595424, 67.2460645140374, 67.9778279281823, 68.6988322131301, 69.4079448756901, 70.1038921307616, 70.785241180345, 71.4503811665156, 72.097503226287, 72.7245803947972, 73.3293485450752, 73.9092901389621, 
74.4616233007507, 74.9832995859478, 75.4710147159905, 75.9212373078719, 76.3302609479082, 76.6942844226782, 77.009523047806, 77.2723504447893, 77.4794647882654, 77.6280671261034, 77.7160333316949, 77.7420576558561, 77.7057466633172, 77.6076483951624, 77.4492118557381, 77.232683608588, 76.9609579829697, 76.6374026008058, 76.2656809231874, 75.8495893684607, 75.3929203155533, 74.8993559872955, 74.3723931443477, 73.8152952286285, 73.2310669752533, 72.622446150097, 71.9919074886529, 71.3416747102405)"
ISL,5697,-18.573961670805186,64.99575386067318,Turkish Exclusive Economic Zone,33.204622655384675,40.52057276964018,"c(-18.5739616708052, -16.5626530496947, -14.5874549849244, -12.6510509668686, -10.7557028126919, -8.9032571699303, -7.09515994806836, -5.33247719185624, -3.6159208772016, -1.94587816466495, -0.322442765318186, 1.25455276288312, 2.78550478302989, 4.27100721242513, 5.71182163415691, 7.1088493277106, 8.46310550752858, 9.7756959301968, 11.0477959266366, 12.2806318341433, 13.4754647421678, 14.633576422663, 15.756257287704, 16.8447962010858, 17.9004719640847, 18.9245462962112, 19.9182581376076, 20.8828191091395, 
21.8194099778699, 22.7291779884986, 23.6132349347096, 24.4726558576538, 25.3084782715959, 26.1217018288277, 26.9132883471264, 27.6841621332441, 28.4352105451213, 29.1672847437522, 29.8812005929146, 30.5777396713983, 31.257650367967, 31.9216490341622, 32.5704211742689, 33.2046226553847, 64.9957538606732, 64.7644668900458, 64.5064293413688, 64.2224475111955, 63.9133719601111, 63.580086927453, 63.2235002547217, 62.844534001829, 62.4441158893518, 62.0231716515773, 61.5826183416666, 61.1233585931865, 
60.6462758122469, 60.1522302515626, 59.6420559015077, 59.1165581228894, 58.5765119408289, 58.0226609178319, 57.4557165259159, 56.8763579416956, 56.2852321938628, 55.6829545989394, 55.0701094280315, 54.4472507542279, 53.8149034369742, 53.1735642060625, 52.5237028136723, 51.8657632281371, 51.200164847763, 50.5273037171072, 49.8475537316572, 49.161267819877, 48.4687790941559, 47.770401964344, 47.0664332093564, 46.3571530037948, 45.6428258977433, 44.9237017488583, 44.2000166066438, 43.4719935494094, 
42.7398434748698, 42.0037658456977, 41.2639493915969, 40.5205727696402)"
ISL,8362,-18.573961670805186,64.99575386067318,Cape Verdean Exclusive Economic Zone,-24.170552232398478,16.09115077036928,"c(-18.5739616708052, -18.8273511440984, -19.0651020359706, -19.2887163931849, -19.49951158271, -19.6986477693764, -19.8871506470455, -20.065930349975, -20.2357972705761, -20.3974753566243, -20.5516133431417, -20.6987942828295, -20.8395436676454, -20.9743363781378, -21.1036026529009, -21.2277332353478, -21.3470838268829, -21.4619789529648, -21.5727153303026, -21.6795648086197, -21.7827769483422, -21.8825812856795, -21.9791893284286, -22.072796319117, -22.1635827965254, -22.2517159819984, -22.3373510130779, 
-22.4206320437466, -22.5016932278427, -22.5806595999008, -22.6576478657263, -22.7327671133566, -22.8061194536528, -22.8778005985637, -22.9479003840743, -23.0165032439687, -23.0836886397753, -23.1495314516086, -23.2141023340538, -23.277468040751, -23.3396917209069, -23.4008331905936, -23.4609491813686, -23.5200935684687, -23.5783175805819, -23.6356699929847, -23.6921973056435, -23.7479439077071, -23.802952229673, -23.8572628843785, -23.9109147978515, -23.9639453309539, -24.0163903926621, -24.068284545745, 
-24.1196611055319, -24.1705522323985, 64.9957538606732, 64.1105748112999, 63.2249827354185, 62.3390174690795, 61.4527139254598, 60.5661028316347, 59.6792113372278, 58.7920635201395, 57.9046808090584, 57.0170823382714, 56.129285247076, 55.2413049336119, 54.3531552709935, 53.4648487921079, 52.5763968482458, 51.6878097457832, 50.7990968643725, 49.9102667594949, 49.0213272517339, 48.1322855047312, 47.2431480934653, 46.353921064223, 45.4646099874223, 44.5752200042584, 43.6857558680032, 42.7962219806572, 
41.9066224255558, 41.0169609964409, 40.1272412234391, 39.2374663963236, 38.3476395853876, 37.4577636602108, 36.5678413065658, 35.6778750416747, 34.7878672280052, 33.8978200857656, 33.0077357042425, 32.1176160521059, 31.2274629867901, 30.3372782630494, 29.447063540772, 28.5568203921281, 27.6665503081203, 26.7762547045946, 25.8859349277657, 24.9955922593031, 24.105227921021, 23.2148430792095, 22.3244388486403, 21.4340162962783, 20.5435764447257, 19.6531202754235, 18.7626487316325, 17.8721627212139, 
16.9816631192285, 16.0911507703693)"
ISL,8368,-18.573961670805186,64.99575386067318,Overlapping claim Western Saharan Exclusive Economic Zone,-17.69532112174315,23.34235813483117,"c(-18.5739616708052, -18.5309664389235, -18.4906268570309, -18.4526866759687, -18.4169214126674, -18.383133569261, -18.3511486901626, -18.3208120906234, -18.2919861270458, -18.2645479071938, -18.2383873597589, -18.213405599156, -18.1895135341825, -18.166630679131, -18.1446841337989, -18.1236077050403, -18.1033411474589, -18.0838295047982, -18.0650225367814, -18.0468742187307, -18.0293423034036, -18.012387936194, -17.9959753162605, -17.9800713973028, -17.9646456226703, -17.9496696902858, -17.9351173435321, 
-17.9209641848096, -17.9071875089388, -17.8937661539783, -17.8806803673627, -17.8679116855445, -17.8554428255712, -17.8432575872272, -17.8313407645506, -17.8196780656836, -17.8082560401448, -17.7970620127236, -17.786084023294, -17.7753107719259, -17.7647315687499, -17.7543362880875, -17.7441153264193, -17.7340595638107, -17.7241603284531, -17.7144093640194, -17.7047987995647, -17.6953211217431, 64.9957538606732, 64.1096202035189, 63.2234746551067, 62.3373183629861, 61.4511523324294, 60.564977447848, 
59.6787944904553, 58.79260415292, 57.9064070515929, 57.0202037367629, 56.1339947013034, 55.2477803879958, 54.3615611957611, 53.4753374849844, 52.5891095820828, 51.7028777834398, 50.8166423588051, 49.9304035542448, 49.0441615947076, 48.157916686266, 47.2716690180779, 46.3854187641102, 45.4991660846562, 44.6129111276753, 43.7266540299794, 42.8403949182852, 41.954133910151, 41.0678711148113, 40.1816066339229, 39.2953405622325, 38.4090729881768, 37.5228039944209, 36.6365336583437, 35.7502620524766, 34.8639892448992, 
33.9777152995983, 33.0914402767937, 32.205164233234, 31.3188872224661, 30.4326092950812, 29.5463304989389, 28.6600508793729, 27.7737704793789, 26.8874893397876, 26.0012074994233, 25.1149249952502, 24.2286418625069, 23.3423581348312)"
ISL,8369,-18.573961670805186,64.99575386067318,Mauritanian Exclusive Economic Zone,-17.91517727926911,18.250641967789708,"c(-18.5739616708052, -18.5436746209176, -18.5152500072234, -18.4885088819287, -18.4632943907012, -18.4394684604545, -18.4169090655161, -18.395507957678, -18.3751687708247, -18.3558054299511, -18.3373408090235, -18.3197055934262, -18.3028373115065, -18.2866795065975, -18.271181026303, -18.2562954101107, -18.2419803598151, -18.2281972799707, -18.2149108777978, -18.2020888137514, -18.1897013954206, -18.1777213086089, -18.166123380427, -18.154884370034, -18.1439827833274, -18.1333987084391, -18.1231136693578, 
-18.1131104953812, -18.103373204434, -18.0938868985539, -18.0846376700868, -18.0756125173264, -18.0667992684992, -18.0581865131426, -18.0497635400442, -18.0415202810131, -18.0334472598504, -18.0255355459559, -18.0177767120829, -18.010162795805, -18.002686264314, -17.9953399822095, -17.988117181979, -17.9810114369033, -17.9740166361485, -17.9671269618324, -17.9603368678773, -17.9536410604793, -17.9470344800412, -17.9405122844354, -17.9340698334711, -17.9277026744571, -17.9214065287596, -17.9151772792691, 
64.9957538606732, 64.1138272014596, 63.2318946405426, 62.3499567450074, 61.4680140119201, 60.5860668788256, 59.7041157324123, 58.8221609157065, 57.9402027340792, 57.0582414602887, 56.1762773387337, 55.2943105890591, 54.4123414092243, 53.530369978128, 52.6483964578599, 51.7664209956419, 50.8844437255057, 50.0024647697498, 49.1204842402072, 48.2385022393522, 47.3565188612711, 46.4745341925142, 45.5925483128463, 44.7105612959101, 43.8285732098131, 42.9465841176494, 42.0645940779629, 41.1826031451616, 
40.300611369887, 39.4186187993452, 38.5366254776045, 37.6546314458624, 36.7726367426868, 35.8906414042328, 35.0086454644403, 34.1266489552114, 33.2446519065724, 32.3626543468209, 31.4806563026593, 30.5986577993174, 29.7166588606636, 28.834659509307, 27.952659766691, 27.0706596531793, 26.1886591881345, 25.3066583899909, 24.4246572763218, 23.542655863901, 22.6606541687601, 21.7786522062418, 20.8966499910487, 20.0146475372896, 19.1326448585215, 18.2506419677897)"
ISL,8382,-18.573961670805186,64.99575386067318,Tristan Da Cunha Exclusive Economic Zone,-11.209920618648335,-38.76177961221179,"c(-18.5739616708052, -18.3627591517675, -18.1646736526307, -17.9784360191684, -17.8029344496087, -17.6371908650576, -17.4803414033037, -17.3316202220762, -17.1903459760185, -17.0559104671984, -16.9277690729282, -16.8054326349721, -16.6884605566969, -16.5764549036585, -16.4690553416906, -16.3659347771496, -16.2667955883677, -16.171366356931, -16.0793990231701, -15.9906664030314, -15.9049600138969, -15.8220881654264, -15.7418742784823, -15.6641554009598, -15.5887808941126, -15.5156112669347, -15.4445171394624, 
-15.3753783186348, -15.3080829726755, -15.2425268919208, -15.1786128256788, -15.1162498861082, -15.0553530113054, -14.9958424808059, -14.9376434775814, -14.8806856913604, -14.8249029587464, -14.7702329361611, -14.7166168021175, -14.6639989857487, -14.6123269188703, -14.5615508091748, -14.5116234324263, -14.4624999417603, -14.4141376924068, -14.3664960803332, -14.3195363934676, -14.2732216743003, -14.227516592791, -14.1823873286138, -14.1378014618726, -14.0937278715035, -14.0501366406579, -14.0069989684271, 
-13.9642870873282, -13.9219741860264, -13.8800343368141, -13.8384424274099, -13.7971740966789, -13.7562056739087, -13.7155141213034, -13.6750769793888, -13.6348723150388, -13.5948786718618, -13.5550750226965, -13.5154407239898, -13.475955471837, -13.4365992594847, -13.3973523360996, -13.3581951666221, -13.3191083925291, -13.2800727933351, -13.2410692486704, -13.2020787007748, -13.1630821172521, -13.1240604539287, -13.0849946176643, -13.0458654289586, -13.0066535842001, -12.967339617397, -12.9279038612294, 
-12.8883264072546, -12.8485870650947, -12.8086653204231, -12.7685402915635, -12.7281906844994, -12.6875947460848, -12.6467302152292, -12.6055742718171, -12.5641034831036, -12.5222937473079, -12.4801202341034, -12.4375573216792, -12.3945785300178, -12.3511564500021, -12.3072626679309, -12.2628676849778, -12.2179408310873, -12.1724501727476, -12.1263624140241, -12.0796427901727, -12.0322549530783, -11.984160847683, -11.935320578476, -11.8856922650094, -11.8352318852897, -11.7838931057564, -11.731627096408, 
-11.6783823294591, -11.6241043597175, -11.5687355846386, -11.5122149817577, -11.4544778209019, -11.3954553482415, -11.3350744388455, -11.2732572139538, -11.2099206186483, 64.9957538606732, 64.1045173561521, 63.2129939780874, 62.3212115627125, 61.4291944830824, 60.5369641712186, 59.6445395487293, 58.7519373840589, 57.8591725905296, 56.9662584762985, 56.0732069550334, 55.1800287243165, 54.2867334173945, 53.3933297328028, 52.499825545535, 51.6062280027499, 50.7125436064664, 49.8187782852634, 48.9249374566526, 
48.0310260815094, 47.1370487117168, 46.2430095319896, 45.3489123966925, 44.4547608623371, 43.5605582163392, 42.6663075025291, 41.7720115438356, 40.8776729625038, 39.983294198153, 39.0888775239421, 38.1944250610688, 37.2999387918022, 36.4054205712186, 35.5108721377908, 34.6162951229587, 33.7216910597975, 32.827061390879, 31.9324074754167, 31.0377305957682, 30.1430319633639, 29.2483127241218, 28.3535739633992, 27.4588167105298, 26.5640419429872, 25.6692505902107, 24.7744435371274, 23.8796216273992, 
22.9847856664215, 22.0899364240966, 21.1950746374029, 20.3002010127798, 19.405316228344, 18.5104209359538, 17.6155157631349, 16.72060131488, 15.8256781753345, 14.9307469093785, 14.0358080641139, 13.1408621702664, 12.2459097435098, 11.3509512857198, 10.4559872861645, 9.56101822263794, 8.66604456254133, 7.77106676391915, 6.87608527645368, 5.98110054242333, 5.08611299762914, 4.19112307229356, 3.2961311919356, 2.40113777822623, 1.50614324982745, 0.61114802321903, -0.283847486484007, -1.17884286471948, 
-2.07383769666853, -2.96883156644495, -3.86382405628005, -4.75881474569987, -5.65380321069088, -6.54878902285108, -7.44377174852241, -8.33875094790116, -9.23372617412204, -10.128696972312, -11.0236628786093, -11.9186234191436, -12.8135781089716, -13.7085264509628, -14.6034679346316, -15.4984020349065, -16.3933282108326, -17.2882459041991, -18.1831545380844, -19.0780535153092, -19.9729422167908, -20.8678199997858, -21.7626861960119, -22.6575401096363, -23.5523810151158, -24.4472081548763, -25.3420207368129, 
-26.236817931593, -27.1315988697433, -28.0263626384959, -28.9211082783705, -29.815834779463, -30.7105410774095, -31.6052260489907, -32.4998885073366, -33.3945271966869, -34.2891407866569, -35.1837278659523, -36.0782869354673, -36.9728164006946, -37.8673145633636, -38.7617796122118)"
ISL,8423,-18.573961670805186,64.99575386067318,Panamanian Exclusive Economic Zone,-80.34887194319525,8.288317783189195,"c(-18.5739616708052, -20.5063615339567, -22.3868730768397, -24.2145548985826, -25.9888969719465, -27.7097767468663, -29.377413765054, -30.9923243928931, -32.5552779462352, -34.0672551592051, -35.5294096570883, -36.9430328409208, -38.3095223827406, -39.6303543654259, -40.9070589765205, -42.1411995766001, -43.3343549039496, -44.4881041428737, -45.6040145675147, -46.68363147181, -47.7284701051665, -48.7400093492403, -49.7196868912652, -50.6688956716791, -51.5889814068546, -52.4812410105032, -53.346921759077, 
-54.1872210667742, -55.0032867543287, -55.7962177125109, -56.5670648761837, -57.3168324379085, -58.0464792415911, -58.7569203066204, -59.4490284415433, -60.1236359136623, -60.7815361472074, -61.423485428028, -62.05020459722, -62.6623807198492, -63.2606687180586, -63.8456929604419, -64.418048801716, -64.9783040684811, -65.527000488304, -66.0646550605212, -66.5917613681033, -67.1087908306672, -67.6161938993148, -68.1144011944355, -68.6038245879581, -69.0848582318014, -69.5578795344556, -70.0232500877595, 
-70.4813165460145, -70.9324114596184, -71.3768540654121, -71.8149510359195, -72.2469971896251, -72.67327616439, -73.0940610560455, -73.5096150241408, -73.9201918667484, -74.3260365661574, -74.7273858072087, -75.1244684699499, -75.5175060982113, -75.9067133456309, -76.2922984005832, -76.6744633913963, -77.0534047731754, -77.4293136974857, -77.802376366087, -78.1727743698544, -78.5406850139645, -78.906281630378, -79.2697338785963, -79.631208035632, -79.9908672760871, -80.3488719431952, 64.9957538606732, 
64.6383733520367, 64.2564360232845, 63.8510219798158, 63.4232099138131, 62.9740680577863, 62.5046465048896, 62.0159708574875, 61.5090371281176, 60.98480779127, 60.4442088688406, 59.8881279249915, 59.3174128456456, 58.7328712822545, 58.1352706472707, 57.5253385586715, 56.9037636418849, 56.2711966087963, 55.6282515446037, 54.9755073437544, 54.3135092458131, 53.6427704307457, 52.9637736407228, 52.2769728021569, 51.5827946273527, 50.8816401799373, 50.1738863922391, 49.4598875260903, 48.7399765712352, 
48.0144665777052, 47.2836519202688, 46.5478094944367, 45.8071998445628, 45.0620682253947, 44.3126455990241, 43.5591495696183, 42.8017852586094, 42.0407461231992, 41.2762147211432, 40.5083634248032, 39.737355087445, 38.9633436646979, 38.1864747940084, 37.4068863348155, 36.6247088720543, 35.8400661854695, 35.053075687086, 34.2638488290518, 33.4724914839357, 32.6791042994322, 31.8837830292997, 31.0866188422397, 30.2876986103056, 29.4871051783244, 28.6849176157079, 27.8812114519344, 27.0760588968911, 
26.2695290471811, 25.4616880794193, 24.6525994314703, 23.842323972507, 23.0309201627122, 22.2184442033792, 21.404950178118, 20.5904901858214, 19.7751144659969, 18.9588715170308, 18.1418082079078, 17.3239698838755, 16.5054004665083, 15.6861425485939, 14.8662374842383, 14.0457254745586, 13.2246456493097, 12.4030361447668, 11.580934178169, 10.7583761190092, 9.93539755743751, 9.11203337003413, 8.2883177831892)"
ISL,8429,-18.573961670805186,64.99575386067318,Mexican Exclusive Economic Zone,-105.33925055992324,21.360010119629674,"c(-18.5739616708052, -20.6716263801473, -22.7806078004774, -24.8962719498283, -27.0138893063617, -29.1287022418987, -31.2359934576077, -33.3311529830338, -35.4097413943569, -37.4675471533847, -39.5006363400463, -41.5053935111661, -43.4785529238293, -45.4172198688485, -47.3188823294515, -49.1814135816387, -51.0030666656855, -52.7824618741573, -54.5185685217077, -56.2106822949614, -57.8583994413413, -59.4615889609087, -61.0203638326901, -62.5350521528334, -64.0061689001383, -65.4343888859458, -66.8205212979308, 
-68.1654861160675, -69.4702925665897, -70.7360196869174, -71.9637990006498, -73.1547992453149, -74.310213054538, -75.4312454683606, -76.5191041282923, -77.5749910051251, -78.6000955056237, -79.5955888072315, -80.5626192764577, -81.5023088354891, -82.4157501518671, -83.3040045370691, -84.1681004510165, -85.0090325204863, -85.8277609898908, -86.6252115327097, -87.4022753609333, -88.1598095781361, -88.8986377292555, -89.6195505068097, -90.323306579196, -91.0106335119127, -91.6822287571028, -92.338760690787, 
-92.9808696805869, -93.6091691697101, -94.2242467655102, -94.82666532312, -95.4169640165052, -95.9956593908694, -96.5632463916634, -97.1201993665801, -97.6669730378493, -98.2040034429317, -98.7317088423609, -99.2504905940142, -99.7607339935357, -100.262809080987, -100.757071414093, -101.243862808664, -101.723512046982, -102.196335555044, -102.662638049678, -103.122713156623, -103.576844000702, -104.025303769271, -104.46835625011, -104.906256344967, -105.339250559923, 64.9957538606732, 65.082134234983, 
65.138998828878, 65.1661441786356, 65.1634725013348, 65.1309934397914, 65.0688238899203, 64.9771859176939, 64.8564028516392, 64.7068937092799, 64.5291661770073, 64.3238084087697, 64.0914799374942, 63.8329020038165, 63.5488476005938, 63.2401315111879, 62.9076005878648, 62.5521244774784, 62.1745869585125, 61.7758780097768, 61.3568866892679, 60.9184948638891, 60.4615717981416, 59.9869695832014, 59.495519367072, 58.9880283314619, 58.4652773510985, 57.9280192656354, 57.3769776923452, 56.8128463086248, 
56.2362885362726, 55.6479375638711, 55.0483966489087, 54.4382396470522, 53.8180117219224, 53.1882301945614, 52.549385497349, 51.9019422023094, 51.2463400984777, 50.5829952972448, 49.9123013483534, 49.2346303525112, 48.5503340594239, 47.8597449424869, 47.1631772434367, 46.4609279819927, 45.7532779269654, 45.0404925264916, 44.322822796028, 43.6005061635184, 42.8737672717703, 42.1428187385684, 41.4078618754324, 40.669087366207, 39.926675906885, 39.1807988082073, 38.4316185626815, 37.6792893777098, 36.9239576765457, 
36.1657625687869, 35.4048362920943, 34.6413046267839, 33.8752872848893, 33.1068982752348, 32.3362462459942, 31.5634348061428, 30.788562827143, 30.0117247261315, 29.2330107318108, 28.4525071341742, 27.6702965191354, 26.8864579890625, 26.1010673701604, 25.3141974075845, 24.5259179491162, 23.7362961181731, 22.9453964768844, 22.1532811799082, 21.3600101196297)"
ISL,8435,-18.573961670805186,64.99575386067318,Faeroe Exclusive Economic Zone,-6.9898114619853,62.60330139251473,"c(-18.5739616708052, -16.8003174951089, -15.0647296940744, -13.3684043068972, -11.7122488213701, -10.0968910579799, -8.52270054053906, -6.98981146198531, 64.9957538606732, 64.7125435776845, 64.4085762016051, 64.0845848469813, 63.74131361375, 63.3795114286844, 62.9999264969013, 62.6033013925147)"
ISL,8438,-18.573961670805186,64.99575386067318,Greenlandic Exclusive Economic Zone,-32.02545459669918,75.44778242833256,"c(-18.5739616708052, -19.2071586568825, -19.8825821644645, -20.6047398346931, -21.3787719973106, -22.2105602268239, -23.1068571866529, -24.0754421459814, -25.1253073310003, -26.2668810419117, -27.5122940808962, -28.8756962022604, -30.3736284689602, -32.0254545966992, 64.9957538606732, 65.8269548483686, 66.6553671319065, 67.4806820209387, 68.302545142863, 69.1205479732473, 69.9342174951443, 70.7430035150303, 71.5462630331384, 72.3432408997642, 73.1330457782984, 73.9146201720305, 74.6867029497708, 
75.4477824283326)"
ISL,8456,-18.573961670805186,64.99575386067318,United States Exclusive Economic Zone,-95.73402289479988,34.75813900293524,"c(-18.5739616708052, -20.6827254587856, -22.8000646504662, -24.9212588784066, -27.0415322313816, -29.1561220955034, -31.2603475194905, -33.3496746783581, -35.4197772002657, -37.4665894508002, -39.4863513042521, -41.4756434303907, -43.4314126429386, -45.3509873501578, -47.2320835838042, -49.0728024355403, -50.8716199864305, -52.6273709728711, -54.3392274976948, -56.006674081116, -57.6294802692939, -59.2076718964584, -60.7415019469386, -62.2314218011281, -63.6780534866599, -65.0821634019461, -66.444637839934, 
-67.7664605189594, -69.0486922263752, -70.2924525990228, -71.4989040013419, -72.6692374150363, -73.8046602214516, -74.9063857368264, -75.9756243490573, -77.0135761005089, -78.0214245628727, -79.0003318555812, -79.9514346675574, -80.875841152084, -81.7746285755385, -82.6488416120376, -83.4994911872412, -84.3275537853619, -85.1339711436145, -85.9196502677821, -86.6854637112206, -87.4322500674412, -88.160814633415, -88.8719302069747, -89.5663379871784, -90.2447485513279, -90.9078428865321, -91.5562734573587, 
-92.190665294265, -92.8116170902108, -93.4197022951768, -94.0154702002875, -94.5994470049233, -95.1721368616262, -95.7340228947999, 64.9957538606732, 65.0647225407832, 65.1038862865516, 65.1131038958921, 65.0923420065153, 65.0416756947887, 64.9612871301657, 64.851462341079, 64.7125862248884, 64.5451360015054, 64.3496733632734, 64.1268356096529, 63.8773260730796, 63.6019041425458, 63.3013751759619, 62.9765805641923, 62.6283881724167, 62.2576833418587, 61.8653605904367, 61.4523161074674, 61.0194410974918, 
60.5676159931414, 60.0977055276138, 59.6105546340622, 59.1069851218621, 58.5877930678076, 58.0537468531073, 57.5055857738128, 56.9440191522153, 56.36972587902, 55.7833543200869, 55.1855225266142, 54.5768186933756, 53.9578018156182, 53.3290025012109, 52.6909239003932, 52.0440427208807, 51.3888103010464, 50.7256537183783, 50.0549769143984, 49.3771618207231, 48.6925694739855, 48.0015411099397, 47.3043992292895, 46.6014486296466, 45.8929773995831, 45.1792578720299, 44.4605475353291, 43.7370899010984, 
43.0091153287529, 42.2768418070677, 41.5404756935813, 40.800212412962, 40.0562371156912, 39.3087252985884, 38.5578433888099, 37.8037492930256, 37.0465929135065, 36.2865166328587, 35.5236557691251, 34.7581390029352)"
ISL,8463,-18.573961670805186,64.99575386067318,United States Exclusive Economic Zone (Alaska),-120.40472072647472,58.99093170675106,"c(-18.5739616708052, -20.1762430051874, -21.8521643736401, -23.604723926388, -25.4367039252957, -27.3505751243383, -29.3483859488779, -31.4316371675646, -33.6011440746659, -35.8568898943646, -38.1978761333638, -40.6219778122085, -43.1258136638182, -45.7046431559745, -48.352303142967, -51.0611966245053, -53.8223441059445, -56.6255042324182, -59.4593648524576, -62.3117989877656, -65.1701732435121, -68.02169010536, -70.8537414282964, -73.6542490208693, -76.4119698429313, -79.1167476474977, -81.7596990851822, 
-84.3333292489329, -86.8315782583811, -89.2498058913392, -91.584724959734, -93.8342959831239, -95.9975959341073, -98.0746728072041, -100.066395952977, -101.97430994755, -103.800497570689, -105.547455470581, -107.217984425534, -108.815094815532, -110.341926977922, -111.801685496601, -113.197586104119, -114.532813700323, -115.810489954438, -117.033649013685, -118.205219954561, -119.328014755853, -120.404720726475, 64.9957538606732, 65.588777598978, 66.1641586877898, 66.7205847759935, 67.25666061558, 
67.770910045018, 68.2617803574841, 68.727649572158, 69.1668371309835, 69.5776185041221, 69.9582440894947, 70.3069626212945, 70.622049049882, 70.9018365209611, 71.1447516792421, 71.3493520823625, 71.5143640845164, 71.6387192005552, 71.7215867600223, 71.7624006674621, 71.7608783358453, 71.7170303506937, 71.6311601055045, 71.5038534374008, 71.3359590762057, 71.1285613918443, 70.8829473995321, 70.6005702148018, 70.2830111407684, 69.9319423559145, 69.5490918140791, 69.1362115390531, 68.6950500579375, 
68.2273293188009, 67.7347261092843, 67.2188577463559, 66.6812716425184, 66.1234382606552, 65.5467469341478, 64.9525040356396, 64.3419330127738, 63.7161758606563, 63.0762956596902, 62.4232798674099, 61.7580441098508, 61.0814362694172, 60.3942407110301, 59.6971825262879, 58.9909317067511)"
ISL,8471,-18.573961670805186,64.99575386067318,Guinea Bissau Exclusive Economic Zone,-17.545696109287004,10.591433415454938,"c(-18.5739616708052, -18.529661553998, -18.4881138216474, -18.449051370579, -18.4122403924391, -18.3774753358553, -18.3445747561883, -18.3133778756461, -18.283741715845, -18.2555386946797, -18.2286546020895, -18.2029868868073, -18.1784431997397, -18.1549401502167, -18.1324022396749, -18.1107609439221, -18.0899539203712, -18.0699243208233, -18.0506201937525, -18.0319939627763, -18.0140019702094, -17.9966040764101, -17.9797633071141, -17.9634455421743, -17.947619240133, -17.9322551938982, -17.9173263134925, 
-17.9028074324286, -17.8886751347592, -17.8749076002606, -17.8614844655617, -17.8483866993241, -17.8355964898335, -17.8230971435748, -17.8108729935499, -17.7989093162524, -17.7871922563498, -17.7757087582404, -17.7644465037525, -17.7533938553397, -17.7425398042059, -17.7318739228514, -17.7213863215986, -17.7110676086973, -17.7009088536585, -17.6909015535018, -17.6810376016361, -17.671309259122, -17.6617091280909, -17.6522301271192, -17.6428654683752, -17.6336086363759, -17.6244533682046, -17.6153936350566, 
-17.6064236249922, -17.5975377267848, -17.5887305147674, -17.579996734583, -17.571331289758, -17.5627292290204, -17.5541857342934, -17.545696109287, 64.9957538606732, 64.1040055871525, 63.2122446925866, 62.3204724019295, 61.4286897874195, 60.536897791691, 59.645097246813, 58.7532888900683, 57.8614733771072, 56.9696512929698, 56.0778231613706, 55.1859894525572, 54.2941505899907, 53.40230695605, 52.5104588969226, 51.6186067268134, 50.7267507315803, 49.8348911718861, 48.9430282859396, 48.0511622918872, 
47.159293389906, 46.2674217640416, 45.3755475838246, 44.483671005699, 43.5917921742839, 42.6999112234953, 41.808028277541, 40.9161434518097, 40.0242568536629, 39.1323685831457, 38.2404787336233, 37.3485873923531, 36.4566946410005, 35.5648005561037, 34.6729052094945, 33.7810086686782, 32.88911099718, 31.9972122548579, 31.105312498189, 30.2134117805296, 29.3215101523531, 28.4296076614677, 27.5377043532159, 26.645800270657, 25.7538954547354, 24.8619899444356, 23.9700837769244, 23.0781769876832, 22.1862696106295, 
21.2943616782299, 20.4024532216049, 19.5105442706264, 18.6186348540083, 17.726724999391, 16.8348147334208, 15.9429040818235, 15.0509930694743, 14.1590817204629, 13.2671700581553, 12.3752581052515, 11.4833458838411, 10.5914334154549)"
ISL,8472,-18.573961670805186,64.99575386067318,Guinean Exclusive Economic Zone,-15.611058439080898,9.192279728505694,"c(-18.5739616708052, -18.448787434096, -18.3313338559203, -18.220857607039, -18.1167072321035, -18.0183093726646, -17.9251573946464, -17.8368019448832, -17.7528430657148, -17.6729235759406, -17.5967234871829, -17.5239552715893, -17.4543598332575, -17.3877030642883, -17.3237728888551, -17.2623767164896, -17.2033392399905, -17.1465005247521, -17.0917143454868, -17.038846733753, -16.9877747057534, -16.9383851448169, -16.8905738170432, -16.8442445019415, -16.7993082226734, -16.7556825628146, -16.71329105848, 
-16.6720626562666, -16.6319312288266, -16.5928351410221, -16.5547168605828, -16.517522608005, -16.481202041129, -16.445707970426, -16.4109961015357, -16.3770248020317, -16.3437548897674, -16.3111494404799, -16.2791736126067, -16.2477944875162, -16.2169809235594, -16.1867034225356, -16.1569340073244, -16.1276461095743, -16.0988144664615, -16.0704150256392, -16.0424248575904, -16.0148220746825, -15.9875857562913, -15.9606958794297, -15.9341332543713, -15.9078794648096, -15.8819168121382, -15.8562282634779, 
-15.8307974031104, -15.8056083870096, -15.780645900192, -15.7558951166266, -15.7313416614749, -15.7069715754425, -15.6827712810502, -15.6587275506387, -15.6348274759442, -15.6110584390809, 64.9957538606732, 64.11100402924, 63.2261534022604, 62.341211694011, 61.4561874166264, 60.5710880606223, 59.68592024386, 58.8006898352081, 57.9154020577707, 57.0300615755169, 56.1446725663414, 55.2592387839729, 54.3737636106657, 53.4882501022361, 52.6027010267114, 51.7171188976227, 50.8315060027882, 49.9458644292844, 
49.0601960851814, 48.1745027185206, 47.2887859339358, 46.4030472072518, 45.517287898342, 44.6315092624831, 43.7457124604079, 42.8598985672279, 41.9740685803703, 41.0882234266558, 40.2023639686233, 39.316491010194, 38.4306053017536, 37.5447075447226, 36.6587983956737, 35.7728784700476, 34.8869483455137, 34.0010085650134, 33.1150596395231, 32.2291020505644, 31.3431362524903, 30.4571626745698, 29.5711817228928, 28.6851937821119, 27.7991992170393, 26.9131983741121, 26.027191582739, 25.1411791565408, 
24.2551613944934, 23.369138581984, 22.4831109917879, 21.5970788849734, 20.7110425117414, 19.8250021122061, 18.9389579171219, 18.0529101485612, 17.1668590205476, 16.2808047396497, 15.3947475055365, 14.5086875115008, 13.6226249449516, 12.7365599878787, 11.8504928172932, 10.9644236056443, 10.0783525212159, 9.1922797285057)"
ISL,8487,-18.573961670805186,64.99575386067318,Japanese Exclusive Economic Zone,138.42791135659309,29.564425626209868,"c(-18.5739616708052, -17.8299727914472, -17.0361221466211, -16.1871364816814, -15.2770241824359, -14.2989595886154, -13.2451474103074, -12.1066643168364, -10.8732748434462, -9.5332192889565, -8.07297262039097, -6.47697615161732, -4.72734886903467, -2.80359420610071, -0.682333006451785, 1.6628825755912, 4.26158256028859, 7.14607467846699, 10.3506050054241, 13.9096844400381, 17.8552157944329, 22.2120695883505, 26.9919605474435, 32.1860103864237, 37.7573093818365, 43.6358878296471, 49.7190877560426, 
55.879438461327, 61.9794583146561, 67.8895250994784, 73.5033244282821, 78.7466826946992, 83.578791834404, 87.987687246167, 91.9829562781546, 95.5882072398159, 98.8347472886923, 101.756948881965, 104.389202260931, 106.764114190207, 108.911583285134, 110.858442763342, 112.628443763536, 114.242425977157, 115.718578250173, 117.072730621732, 118.318644653417, 119.468284778541, 120.53206293783, 121.519054254508, 122.437184484056, 123.293391452964, 124.093763306044, 124.843656499494, 125.547796338908, 126.210362603367, 
126.835062496078, 127.425192860457, 127.983693319444, 128.513191744249, 129.016043239342, 129.494363642202, 129.950058376574, 130.384847363315, 130.80028657998, 131.197786765822, 131.578629690017, 131.943982335064, 132.294909292393, 132.632383621294, 132.957296383937, 133.270465037083, 133.572640834218, 133.864515369125, 134.146726372941, 134.419862860632, 134.68446970926, 134.941051738928, 135.190077357511, 135.431981822002, 135.667170162228, 135.896019806618, 136.11888294459, 136.336088655618, 
136.547944831299, 136.75473991338, 136.956744467939, 137.154212613411, 137.347383318044, 137.536481580542, 137.721719505998, 137.903297287887, 138.081404105609, 138.256218946037, 138.427911356593, 64.9957538606732, 65.8313158113562, 66.6630270499599, 67.4904594457937, 68.3131219617525, 69.1304492547665, 69.9417878715513, 70.7463794825878, 71.5433404677487, 72.3316370141641, 73.1100547136441, 73.8771614639915, 74.631262311735, 75.3703447767675, 76.0920132740071, 76.7934116760185, 77.4711341525695, 
78.1211266686182, 78.7385856308976, 79.3178670223591, 79.8524296936621, 80.3348500613575, 80.7569594476744, 81.1101619836144, 81.3859767830546, 81.5767979188528, 81.6767772866821, 81.6826381967065, 81.594183767968, 81.4143286923804, 81.1486430963753, 80.8045640713976, 80.3905092754284, 79.9150945160734, 79.3865628078762, 78.8124404691592, 78.1993805609674, 77.5531360435662, 76.8786099702525, 76.1799436597214, 75.4606176496483, 74.7235510124802, 73.9711918629158, 73.2055962850572, 72.4284953402515, 
71.6413510205414, 70.8454025036153, 70.0417041716212, 69.2311567736051, 68.4145329495117, 67.5924981508836, 66.7656278181128, 65.934421518481, 65.0993146168278, 64.260687940887, 63.4188758136941, 62.5741727530167, 61.7268390795205, 60.8771056287423, 60.0251777246116, 59.1712385424077, 58.315451965122, 57.4579650180142, 56.5989099507284, 55.738406023905, 54.876561047181, 54.0134727073238, 53.1492297186268, 52.2839128222884, 51.4175956570814, 50.5503455199852, 49.6822240324692, 48.8132877256429, 47.9435885554427, 
47.0731743573244, 46.2020892485086, 45.3303739846418, 44.4580662767378, 43.5852010734274, 42.7118108128358, 41.8379256478122, 40.9635736477233, 40.0887809795964, 39.2135720710265, 38.3379697569481, 37.4619954121015, 36.5856690707964, 35.7090095353695, 34.8320344745666, 33.9547605129284, 33.0772033121305, 32.1993776451169, 31.3212974637683, 30.4429759607627, 29.5644256262099)"
ISL,8493,-18.573961670805186,64.99575386067318,Canadian Exclusive Economic Zone,-90.06835754889188,68.52432184822945,"c(-18.5739616708052, -20.236585116204, -21.9712314280288, -23.7801916825585, -25.6654397658017, -27.6285358697123, -29.6705194593125, -31.7917938456404, -33.992005831371, -36.269925412133, -38.6233321003225, -41.0489159046355, -43.5422020972, -46.097509336874, -48.7079501988173, -51.3654814614663, -54.061008543348, -56.7845444002039, -59.5254183737852, -62.2725255376695, -65.0146027518883, -67.7405146352225, -70.4395315211746, -73.1015823885203, -75.7174685816689, -78.2790283595368, -80.7792472284468, 
-83.2123138797352, -85.5736257364955, -87.85975120365, -90.0683575488919, 64.9957538606732, 65.5573953174571, 66.1000696906026, 66.6224518690405, 67.1231476995142, 67.6006990183715, 68.0535912615898, 68.4802640462276, 68.8791250667119, 69.2485675527258, 69.5869913835048, 69.8928277419931, 70.1645669247353, 70.4007886129178, 70.6001935819565, 70.7616355185186, 70.8841513705045, 70.9669885247427, 71.0096271289298, 71.0117960707777, 70.9734814945062, 70.8949272394804, 70.7766271689668, 70.6193099442989, 
70.4239173160098, 70.1915773874774, 69.9235745220424, 69.6213176043777, 69.2863082507698, 68.9201103294411, 68.5243218482294)"
ISL,8494,-18.573961670805186,64.99575386067318,Saint-Pierre and Miquelon Exclusive Economic Zone,-56.385379005451355,45.8764963419208,"c(-18.5739616708052, -20.4301564507275, -22.2343082818118, -23.9859538675074, -25.6850012211934, -27.3316860567456, -28.9265283957754, -30.4702905716418, -31.9639375106083, -33.4085998989925, -34.8055406107663, -36.1561245764512, -37.4617921210013, -38.7240356827359, -39.9443797427781, -41.1243637396954, -42.2655277118528, -43.3694003954476, -44.4374895048952, -45.471273930448, -46.4721976025923, -47.4416647914437, -48.381036630192, -49.2916286732335, -50.1747093209917, -51.0314989638803, -51.8631697169839, 
-52.6708456345677, -53.4556033093774, -54.2184727758357, -54.9604386487374, -55.68244143999, -56.3853790054514, 64.9957538606732, 64.6205563718414, 64.2227174348859, 63.8032724943359, 63.3632463585476, 62.9036460457541, 62.4254548706894, 61.9296276991759, 61.4170872750317, 60.8887215098269, 60.3453816198075, 59.7878809940804, 59.2169946823504, 58.633459397764, 58.0379739395824, 57.4311999505618, 56.8137629343656, 56.1862534685588, 55.5492285583958, 54.9032130854951, 54.2487013134879, 53.586158419781, 
52.9160220287188, 52.2387037266912, 51.5545905442002, 50.8640463936323, 50.1674134545837, 49.465013501121, 48.7571491674147, 48.0441051498319, 47.3261493448711, 46.6035339233363, 45.8764963419208)"
ISL,48964,-18.573961670805186,64.99575386067318,Joint regime area Senegal / Guinea Bissau,-18.774423214013925,11.261005673463835,"c(-18.5739616708052, -18.582686968877, -18.5908680000564, -18.5985577928571, -18.6058027394855, -18.6126436039469, -18.6191163518401, -18.6252528375837, -18.63108137686, -18.636627226036, -18.6419129857358, -18.6469589422043, -18.6517833573747, -18.6564027164095, -18.6608319398215, -18.6650845659488, -18.6691729085102, -18.6731081931254, -18.6769006760059, -18.6805597474753, -18.684094022541, -18.6875114203627, -18.690819234182, -18.6940241930204, -18.6971325162585, -18.7001499620362, -18.7030818702794, 
-18.7059332010359, -18.7087085687098, -18.7114122726978, -18.7140483248648, -18.7166204742339, -18.7191322292161, -18.7215868776636, -18.7239875049945, -18.7263370106014, -18.7286381227352, -18.7308934120286, -18.733105303803, -18.7352760892878, -18.7374079358666, -18.7395028964471, -18.7415629180442, -18.7435898496581, -18.7455854495107, -18.7475513917096, -18.7494892723898, -18.7514006153862, -18.7532868774793, -18.7551494532566, -18.7569896796221, -18.7588088399902, -18.76060816819, -18.7623888521089, 
-18.7641520370975, -18.7658988291599, -18.7676302979447, -18.7693474795616, -18.7710513792331, -18.7727429738032, -18.7744232140139, 64.9957538606732, 64.1001795669573, 63.2046047837138, 62.3090295586385, 61.4134539334576, 60.5178779448355, 59.6223016251207, 58.7267250029638, 57.8311481038327, 56.9355709504437, 56.0399935631245, 55.1444159601208, 54.2488381578579, 53.3532601711631, 52.4576820134562, 51.5621036969138, 50.6665252326113, 49.7709466306452, 48.8753679002402, 47.9797890498422, 47.0842100871997, 
46.1886310194354, 45.2930518531089, 44.3974725942726, 43.5018932485202, 42.6063138210308, 41.7107343166071, 40.8151547397105, 39.9195750944911, 39.0239953848159, 38.1284156142934, 37.2328357862954, 36.3372559039775, 35.4416759702968, 34.5460959880284, 33.6505159597802, 32.7549358880059, 31.8593557750177, 30.9637756229968, 30.0681954340042, 29.1726152099891, 28.2770349527981, 27.3814546641823, 26.4858743458046, 25.5902939992466, 24.6947136260139, 23.7991332275422, 22.9035528052019, 22.0079723603034, 
21.1123918941009, 20.216811407797, 19.3212309025459, 18.4256503794573, 17.5300698395997, 16.6344892840033, 15.7389087136627, 14.8433281295401, 13.9477475325674, 13.0521669236486, 12.1565863036623, 11.2610056734638)"
ISL,48973,-18.573961670805186,64.99575386067318,Joint regime area Iceland / Denmark (Faeroe Islands),-10.982305912279175,63.1527418100819,"c(-18.5739616708052, -16.9752082525375, -15.4165647780741, -13.8982347858932, -12.4202126145813, -10.9823059122792, 64.9957538606732, 64.6594415491962, 64.3063018408918, 63.93702131773, 63.5522787847665, 63.1527418100819)"
