flag,eez_iso3,effort_per_eez
AFG,ARG,666.8941666666677
AFG,CHN,21.785555555555558
AGO,CHN,753.4852777777778
AGO,COD,1445.040416666667
AGO,ESH,6.681944444444445
AGO,High Seas,1.511111111111111
AGO,LBR,1.1980555555555557
AGO,MOZ,7.589166666666666
AGO,NAM,98.98749999999997
AGO,TWN,12.658888888888887
AIA,CHN,202.05194444444444
AIA,PER,417.717916666666
AIA,TWN,11.528888888888888
ALB,ATF,310.32500000000033
ALB,CHN,9446.555833333332
ALB,High Seas,8373.549583333332
ALB,HRV,44.03263888888888
ALB,JPN,24.55763888888889
ALB,MNE,1801.5783333333334
ALB,PHL,45.34458333333333
ALB,PLW,2075.3262499999987
ALB,RUS,16.720694444444444
ALB,THA,506.1279166666665
ALB,TWN,8109.132638888889
AND,CHN,220.51986111111117
ARE,CHN,28.40347222222222
ARG,ATF,14.489722222222223
ARG,BRA,2.9774999999999996
ARG,BVT,2759.765000000001
ARG,CHL,73.53583333333329
ARG,CHN,706.9759722222224
ARG,DEU,93.79
ARG,DNK,14.216805555555556
ARG,ESH,2.0329166666666665
ARG,ESP,0.5475000000000001
ARG,FLK,7859.544722222212
ARG,GBR,2222.4770833333323
ARG,GHA,843.8645833333333
ARG,GNQ,11.763055555555557
ARG,High Seas,5174.726666666665
ARG,HMD,10.352361111111112
ARG,NLD,80.36291666666668
ARG,NZL,11.596666666666666
ARG,POL,11.791250000000002
ARG,RUS,127.4388888888889
ARG,SGS,121.21625
ARG,STP,41.989444444444445
ARG,SWE,5.467638888888889
ARG,TWN,1198.671250000002
ARG,URY,6529.923333333332
ARG,USA,22.80708333333333
ARM,CHN,186.25847222222222
ATF,CHN,181.67625
ATF,High Seas,1.6475000000000004
ATF,MUS,2.095555555555556
ATF,REU,6.742638888888887
ATF,TWN,34.74499999999999
ATG,KOR,14.355833333333335
AUS,ATF,28.95902777777778
AUS,FJI,1422.3818055555555
AUS,High Seas,201.26180555555507
AUS,HMD,542.8509722222361
AUS,MUS,22.85541666666669
AUS,NCL,6.497361111111111
AUS,NZL,16.073055555555555
AUS,PNG,8.037638888888889
AUS,TON,973.710972222216
AUT,CHN,1005.5506944444444
AZE,CHN,3073.578749999999
BDI,CHN,0.6754166666666668
BEL,CHN,657.3899999999996
BEL,DEU,5445.586944444446
BEL,DNK,10514.46513888889
BEL,FRA,14118.543194444446
BEL,GBR,68427.0625
BEL,GGY,1413.9230555555553
BEL,IRL,2657.1730555555555
BEL,NLD,13847.712916666682
BEL,NOR,2.284305555555556
BEN,CHN,1856.370555555556
BES,CIV,51.05930555555555
BES,ESH,84.15166666666671
BES,ESP,1.5326388888888889
BES,GAB,473.32972222222213
BES,High Seas,35.057777777777794
BES,MRT,274.8127777777775
BFA,CHN,41.313055555555565
BGD,CHN,0.16666666666666666
BGR,CHN,20.172083333333333
BGR,ROU,590.0770833333333
BHR,CHN,44.805
BHR,QAT,93.14694444444444
BHR,SAU,1396.1865277777779
BHS,CHN,136.3075
BIH,CHN,76.18569444444444
BLZ,AGO,295.79041666666683
BLZ,ARG,28.40555555555555
BLZ,AUS,2.06375
BLZ,BEN,28.065000000000015
BLZ,BRA,0.763888888888889
BLZ,CHN,2780.805972222223
BLZ,CIV,405.39249999999976
BLZ,CPV,3.7765277777777775
BLZ,ESH,199.7201388888888
BLZ,ESP,1.2220833333333334
BLZ,FLK,9.262083333333333
BLZ,GAB,394.0726388888892
BLZ,GHA,496.35986111111134
BLZ,GNB,3.0886111111111116
BLZ,GNQ,0.06194444444444444
BLZ,High Seas,7438.827222222228
BLZ,LBR,185.13166666666666
BLZ,MRT,500.03791666666683
BLZ,NAM,2446.7980555555528
BLZ,PRT,7.555972222222222
BLZ,SEN,0.06638888888888889
BLZ,SLE,120.84513888888887
BLZ,STP,126.5651388888889
BLZ,TGO,1.010138888888889
BLZ,URY,22.91027777777783
BLZ,ZAF,1316.155416666666
BMU,CHN,0.5405555555555556
BMU,USA,846.5452777777778
BOL,BRA,48.62388888888888
BRA,CHN,1366.4640277777778
BRA,High Seas,243.70083333333338
BRA,URY,4.625416666666666
BRB,CHN,9.38513888888889
BRN,CHN,15.27861111111111
BTN,CHN,7890.502083333333
BTN,KOR,2.579861111111111
BTN,PRK,10.099722222222223
BTN,TWN,66.14819444444447
BTN,VNM,32.51541666666667
BWA,CHN,79.74708333333335
CAF,CHN,3151.6995833333335
CAN,DNK,1.1779166666666665
CAN,GRD,0.3123611111111111
CAN,GRL,809.8640277777788
CAN,High Seas,2473.0091666666644
CAN,ISL,3.76
CAN,MEX,405.39972222222224
CAN,NOR,0.9144444444444446
CAN,SPM,339.7002777777778
CAN,USA,5716.912222222221
CAN,VCT,1.3994444444444445
CHL,ARG,167.4719444444444
CHL,CAN,16.13
CHL,FLK,38.45111111111111
CHL,High Seas,5863.456111111078
CHL,MOZ,657.830277777778
CHL,PER,263.1343055555555
CHL,SGS,1312.515555555536
CHL,URY,3.8299999999999987
CHN,AGO,9452.276805555555
CHN,ARE,15.475833333333334
CHN,ARG,406.9951388888889
CHN,ASM,25.207222222222224
CHN,ATF,1097.4988888888877
CHN,AUS,8.144027777777778
CHN,BEN,2.227777777777778
CHN,BRA,63.50000000000001
CHN,CAN,205.37291666666673
CHN,CCK,5.196527777777778
CHN,CHL,137.41208333333338
CHN,CIV,17.560694444444444
CHN,CMR,1373.315596859722
CHN,COG,3475.293333333332
CHN,COK,27586.479583333334
CHN,CPT,181.78874999999994
CHN,CPV,73.11430555555553
CHN,DNK,158.08402777777778
CHN,ECU,29.821805555555553
CHN,EGY,0.4148611111111111
CHN,ESH,7599.371944444441
CHN,ESP,18.651527777777783
CHN,FJI,22382.659861111148
CHN,FLK,814.0751388888881
CHN,FSM,110671.96875000006
CHN,GAB,80.05277777777778
CHN,GHA,11791.76930555555
CHN,GIN,40995.893472222204
CHN,GMB,25953.92958333332
CHN,GNB,22510.778611111113
CHN,GNQ,4344.707499999999
CHN,High Seas,1214800.6665277814
CHN,HND,49.67458333333333
CHN,IDN,13.786805555555556
CHN,IND,915.207361111111
CHN,IOT,24.40444444444444
CHN,IRN,7701.9561111111125
CHN,ITA,8.402916666666666
CHN,JPN,8985.964583333332
CHN,KIR,23433.953055555532
CHN,KOR,113195.5665277779
CHN,LBR,2478.8545833333337
CHN,LKA,1410.7990277777778
CHN,MAR,0.7665277777777778
CHN,MDG,30459.389027777786
CHN,MDV,11.049305555555556
CHN,MEX,1273.6435931197223
CHN,MHL,57073.3391666667
CHN,MNP,60.619722222222244
CHN,MOZ,20282.187361111115
CHN,MRT,51682.95680555556
CHN,MUS,20681.79944444442
CHN,MYS,739.5612499999999
CHN,NCL,51.44402777777778
CHN,NFK,12.518333333333333
CHN,NGA,1088.959722222222
CHN,NIU,8.936944444444443
CHN,NOR,23.482638888888893
CHN,NRU,3825.1331944444382
CHN,NZL,1615.3040277777775
CHN,PAN,0.9211111111111112
CHN,PCN,17.13277777777778
CHN,PER,172.90819444444443
CHN,PHL,761.203611111111
CHN,PLW,1253.637361111111
CHN,PNG,25075.558055555546
CHN,PRK,10902.860833333332
CHN,PYF,225.6256944444445
CHN,REU,206.72888888888892
CHN,RUS,5237.350277777715
CHN,SEN,14897.957353560689
CHN,SGP,76.42986111111112
CHN,SGS,1373.607222222175
CHN,SLB,121510.44583333406
CHN,SLE,37773.01347222221
CHN,SOM,54.33583333333334
CHN,SUR,465.5572222222221
CHN,SYC,20510.99708333332
CHN,TAA,22.893055555555552
CHN,TGO,20.438055555555557
CHN,THA,134.59458333333333
CHN,TKL,4.485
CHN,TON,3.5844444444444443
CHN,TTO,4.976388888888889
CHN,TUV,6648.218888888892
CHN,TWN,209687.88333333333
CHN,TZA,7980.181944444441
CHN,UMI,3.32125
CHN,URY,420.70249999999976
CHN,USA,49.37527777777778
CHN,VNM,10146.019583333333
CHN,VUT,116410.54625000032
CHN,WLF,7.518472222222222
CHN,WSM,135.89777777777778
CHN,ZAF,207.71458333333328
CIV,CPV,162.32291666666663
CIV,ESH,8.636527777777777
CIV,GHA,8.069999999999999
CIV,GIN,184.6426388888889
CIV,GNB,8.649166666666668
CIV,High Seas,3262.141111111104
CIV,LBR,0.9619444444444444
CIV,MRT,1510.493055555553
CIV,SEN,46.94222222222223
CIV,SLE,127.67819444444444
CMR,CHN,5.440555555555556
CMR,ESH,35.952777777777776
CMR,ESP,1.52
CMR,MRT,252.6375
COG,CHN,552.9044444444445
COG,THA,12.17013888888889
COG,TWN,18.345694444444444
COK,ASM,122.53194444444442
COK,CHN,187.49749999999995
COK,FJI,12.527777777777777
COK,High Seas,5002.404166666664
COK,MUS,0.5381944444444445
COK,NIU,3462.710416666666
COK,PLW,167.84597222222226
COK,TKL,5159.494722222226
COK,TON,0.23444444444444446
COK,WLF,0.8018055555555555
COK,WSM,10695.351249999985
COL,CHN,54.60500000000001
COL,ECU,40.152083333333344
COL,High Seas,10973.631111111099
COL,NIC,6.281805555555555
COL,PAN,9.658333333333333
COL,PER,1.6702777777777778
COM,CHN,172.5466666666668
COM,GMB,1170.4418055555577
COM,High Seas,173.74416666666676
COM,MRT,8.392916666666666
COM,MUS,1946.7872222222231
COM,SEN,20.192499999999995
CPV,AGO,32.947500000000005
CPV,CHN,7.3730555555555535
CPV,CIV,54.01027777777776
CPV,GAB,401.42583333333357
CPV,GHA,8.537638888888889
CPV,GIN,0.23055555555555554
CPV,High Seas,116.80291666666665
CPV,LBR,16.43277777777778
CPV,SLE,0.5256944444444445
CPV,STP,15.894305555555555
CRI,CHN,6.254861111111112
CRI,ECU,11.828333333333333
CRI,High Seas,114.80583333333334
CUB,CHN,205.83819444444447
CUW,AGO,1028.8181944444445
CUW,CIV,544.2788888888889
CUW,ESH,112.19999999999976
CUW,GAB,1070.0361111111129
CUW,GHA,130.99888888888884
CUW,GNQ,0.09305555555555556
CUW,High Seas,289.5523611111111
CUW,LBR,298.5006944444444
CUW,MRT,747.9001388888869
CUW,SEN,0.5668055555555556
CUW,SLE,108.56986111111112
CUW,STP,105.16888888888889
CXR,CHN,719.2722222222222
CYP,CHN,3333.7359722222222
CYP,GBR,0.23236111111111113
CYP,GGY,3.817777777777778
CYP,GRC,808.2502777777779
CYP,High Seas,4.866666666666666
CYP,HRV,340.0220833333336
CYP,ITA,1142.9958333333338
CYP,JPN,57.08208333333333
CYP,KOR,11.864305555555553
CYP,LBY,733.984861111111
CYP,MLT,871.3158333333339
CYP,NOR,2076.8654166666583
CYP,RUS,10599.517500000307
CYP,SJM,1543.1369444444388
CYP,SYR,22.557916666666664
CYP,TUN,431.2773611111112
CYP,TUR,95.94694444444445
CZE,CHN,37.25458333333333
DEU,BEL,130.7629166666668
DEU,CAN,11.8875
DEU,CHN,2234.3448611111116
DEU,DNK,14058.056111111111
DEU,ESH,686.952638888889
DEU,ESP,75.83944444444444
DEU,EST,54.11194444444442
DEU,FIN,20.35208333333334
DEU,FRA,828.9930555555547
DEU,FRO,294.8641666666666
DEU,GBR,17096.05805555557
DEU,GGY,14.835694444444453
DEU,GRL,9894.39513888895
DEU,High Seas,3862.843888888896
DEU,IRL,6188.250972222221
DEU,ISL,115.16902777777771
DEU,KOR,17.022777777777776
DEU,LVA,106.92750000000001
DEU,MAR,1.708611111111111
DEU,MRT,51.12416666666669
DEU,NLD,19188.535694444447
DEU,NOR,14486.445694444437
DEU,POL,704.3048611111112
DEU,RUS,129.50472222222223
DEU,SJM,3594.3005555555383
DEU,SWE,411.7680555555556
DJI,AGO,683.5944444444444
DNK,BRA,1526.9727777777775
DNK,CAN,64.65583333333333
DNK,CHN,647.1379166666668
DNK,COK,7.621250000000002
DNK,DEU,10544.562083333334
DNK,ESH,278.69888888888937
DNK,ESP,38.032916666666665
DNK,EST,162.16194444444443
DNK,FIN,9.938472222222225
DNK,FRA,7.6850000000000005
DNK,FRO,2180.718472222221
DNK,GBR,27916.24736111111
DNK,GGY,15.108472222222222
DNK,GRL,63357.325694445055
DNK,High Seas,4497.714166666719
DNK,IRL,1567.785694444445
DNK,ISL,1102.5340277777739
DNK,LVA,229.16041666666652
DNK,MRT,1742.322222222217
DNK,NLD,3399.4444444444466
DNK,NOR,66182.08819444437
DNK,POL,1003.1759722222222
DNK,PYF,1.3458333333333334
DNK,RUS,1074.826666666667
DNK,SJM,2031.030277777776
DNK,SUR,1.4990277777777778
DNK,SWE,52759.137361111236
DNK,TWN,3.685416666666667
DNK,ZAF,5.626527777777778
DOM,CHN,4.084444444444444
DZA,CHN,609.1922222222222
DZA,ITA,271.7894444444444
DZA,LBY,220.50736111111104
DZA,MLT,100.65430555555555
DZA,TUN,75.4523611111111
ECU,CHL,5.907361111111111
ECU,CHN,15.637083333333331
ECU,High Seas,5122.467222222212
ECU,KIR,130.77208333333334
ECU,PAN,2.383055555555556
ECU,PER,6.119583333333334
ECU,PYF,0.11791666666666667
EGY,CHN,663.4381944444443
EGY,ECU,1.9831944444444445
EGY,ITA,1.9431944444444442
EGY,LBY,13.73986111111111
EGY,MLT,62.20680555555555
EGY,TUN,1.450972222222222
ESP,AGO,51309.430833333594
ESP,ARG,2624.5677777777805
ESP,ASM,4.1019444444444435
ESP,ATF,25.989305555555557
ESP,BHS,9.674861111111111
ESP,BRA,113.80388888888888
ESP,CAN,89.29638888888888
ESP,CHL,25.722083333333334
ESP,CIV,420.91125000000017
ESP,COD,253.68083333333354
ESP,COG,20777.37680555569
ESP,COK,299.5005555555554
ESP,COM,1.375555555555556
ESP,CPV,5782.751111111105
ESP,CRI,1.2130555555555558
ESP,DZA,252.9711111111111
ESP,ECU,0.7134722222222223
ESP,ESH,3739.4329166666676
ESP,FLK,26138.174583333202
ESP,FRA,103938.48583333337
ESP,FRO,18.562638888888895
ESP,GAB,149.89180555555558
ESP,GBR,29338.54430555556
ESP,GHA,87.76541666666664
ESP,GIB,84.3411111111111
ESP,GIN,10697.395694444453
ESP,GMB,59.87069444444445
ESP,GNB,3.685138888888888
ESP,GNQ,13.345833333333333
ESP,High Seas,320981.6725000021
ESP,IDN,18.015
ESP,IND,8.677083333333336
ESP,IRL,128856.14847222222
ESP,ISL,166.18250000000006
ESP,ITA,964.425
ESP,JAM,5.191666666666666
ESP,JPN,47.10666666666668
ESP,LBR,422.39736111111114
ESP,LBY,153.84625
ESP,LTU,3.1195833333333343
ESP,MAR,3492.979444444444
ESP,MDG,711.4541666666646
ESP,MLT,341.33208333333334
ESP,MOZ,1.1387500000000002
ESP,MRT,69842.93805555563
ESP,MUS,11.307361111111112
ESP,NAM,929.4694444444452
ESP,NOR,3571.2859722221992
ESP,NZL,49.82625
ESP,PAN,7.3125
ESP,PER,43.206388888888895
ESP,PRT,39208.7211111111
ESP,PYF,13.460555555555572
ESP,REU,2.252638888888889
ESP,RUS,40.34583333333333
ESP,SEN,5644.224444444442
ESP,SHN,13.720138888888888
ESP,SJM,5814.147361111103
ESP,SLE,219.74986111111116
ESP,STP,143.2227777777778
ESP,SWE,0.5298611111111111
ESP,SYC,26.19611111111111
ESP,TAA,23.330555555555556
ESP,TKL,5.109305555555555
ESP,TON,10.508472222222222
ESP,TUN,439.51472222222213
ESP,TWN,6.785416666666666
ESP,UMI,6.033611111111111
ESP,URY,485.71375000000006
ESP,ZAF,290.1350000000001
EST,DNK,0.19569444444444445
EST,ESP,2.6155555555555554
EST,FIN,84.94041666666669
EST,GRL,256.11250000000047
EST,High Seas,22108.113194444733
EST,ISL,37.32791666666669
EST,LVA,603.1845833333333
EST,NOR,61.33847222222224
EST,PRT,43.29333333333333
EST,RUS,65.80083333333333
EST,SAU,21.630555555555553
EST,SJM,1543.0613888888854
EST,SWE,823.5194444444447
FIN,CHN,314.00902777777776
FIN,DNK,22.236527777777773
FIN,EST,4895.692916666665
FIN,LTU,6.615555555555556
FIN,LVA,197.28499999999997
FIN,POL,127.46277777777777
FIN,SWE,7017.863611111112
FJI,CHN,764.0623611111114
FJI,FSM,1.27875
FJI,High Seas,27979.541388888956
FJI,NCL,12.183888888888891
FJI,NFK,0.8490277777777777
FJI,PAN,7.245277777777778
FJI,PYF,0.09194444444444444
FJI,SLB,16092.868750000034
FJI,TON,2426.2758333333277
FJI,TUV,5354.893194444438
FJI,UMI,0.6445833333333334
FJI,VNM,9.177083333333334
FJI,VUT,25867.884861111117
FJI,WLF,1.1531944444444444
FLK,ARG,23.229305555555555
FLK,BRA,8.164444444444445
FLK,ESH,0.20097222222222222
FLK,ESP,17.047916666666666
FLK,High Seas,4542.877083333334
FLK,NAM,1.6252777777777776
FLK,SGS,64.30194444444427
FLK,TAA,164.6159722222225
FLK,URY,41.04916666666666
FRA,AGO,1819.4236111111113
FRA,ATF,15058.978055555312
FRA,BEL,447.803611111111
FRA,BRB,0.9234722222222224
FRA,CHL,15.893611111111111
FRA,CHN,88.45666666666666
FRA,CIV,1305.6545833333334
FRA,COD,0.07138888888888889
FRA,COG,753.2449999999997
FRA,CPV,15.753055555555555
FRA,DEU,11.375694444444445
FRA,DJI,1.3783333333333334
FRA,DNK,12.433333333333334
FRA,EGY,2.2854166666666664
FRA,ESH,259.12902777777776
FRA,ESP,5032.318472222222
FRA,FRO,811.579166666666
FRA,GAB,35.77527777777778
FRA,GBR,311052.19041666656
FRA,GGY,26572.447083333336
FRA,GHA,1749.3177777777778
FRA,GIN,285.3238888888889
FRA,GMB,7.36986111111111
FRA,GUF,9797.363472222225
FRA,GUY,8.886388888888893
FRA,High Seas,7951.488194444457
FRA,HMD,13.42263888888889
FRA,IRL,163708.0659722222
FRA,ITA,35.78666666666667
FRA,JEY,5502.016805555555
FRA,LBR,1094.9931944444443
FRA,LBY,0.44013888888888886
FRA,MDG,4187.733333333331
FRA,MLT,541.3426388888886
FRA,MRT,1105.459027777778
FRA,MTQ,0.2058333333333333
FRA,MUS,1222.2474999999997
FRA,MYT,5.766944444444444
FRA,NCL,5742.737777777779
FRA,NLD,1095.6605555555552
FRA,NOR,2967.250555555551
FRA,NZL,39.01416666666667
FRA,REU,7763.896388888886
FRA,RUS,51.42138888888889
FRA,SEN,1048.2330555555561
FRA,SJM,3524.1683333333285
FRA,SLE,484.20625
FRA,SUR,45.15930555555555
FRA,SYC,359.01430555555544
FRA,TUN,9.873333333333335
FRA,ZAF,0.5945833333333334
FRO,CHN,0.2586111111111111
FRO,DEU,125.07319444444452
FRO,DNK,8.088333333333335
FRO,GBR,13172.929861111108
FRO,GRL,7464.126388888877
FRO,High Seas,10546.238333333338
FRO,IRL,422.6604166666667
FRO,ISL,14972.66152777776
FRO,NLD,0.08291666666666667
FRO,NOR,5373.905138888867
FRO,RUS,14824.252638888991
FRO,SJM,1717.4673611111107
FSM,CHN,555.3973611111111
FSM,COK,3405.1088888891695
FSM,GUM,3.36
FSM,High Seas,3183.259861111115
FSM,JPN,18.13541666666667
FSM,KIR,1643.6808333333368
FSM,MHL,20430.496944444447
FSM,NRU,2580.3906944444457
FSM,PHL,3.0944444444444446
FSM,PNG,4075.9201388888855
FSM,SLB,508.52250000000123
FSM,SYC,23.63277777777778
FSM,TUV,1093.2768055555593
FSM,TWN,3.740555555555554
FSM,WSM,11.073194444444447
GBR,ARG,0.7065277777777778
GBR,BEL,12011.273749999988
GBR,CHN,1540.8944444444444
GBR,CIV,29.565416666666685
GBR,DEU,14564.125000000025
GBR,DNK,5961.176250000001
GBR,ESP,260.7122222222222
GBR,FLK,2263.221944444437
GBR,FRA,48514.461388888914
GBR,FRO,502.4533333333334
GBR,GGY,24016.815138888884
GBR,GHA,3.6758333333333333
GBR,GIB,0.29833333333333334
GBR,GIN,5.183055555555554
GBR,High Seas,10820.573750000362
GBR,IRL,60596.22874999998
GBR,ISL,0.059722222222222225
GBR,JEY,1551.4026388888894
GBR,LBN,14.000833333333325
GBR,MEX,117.37416666666665
GBR,MUS,101.19361111111083
GBR,NLD,4173.438194444442
GBR,NOR,6417.877777777743
GBR,NZL,2.3306944444444437
GBR,POL,17.22319444444444
GBR,PRT,0.62
GBR,REU,0.5391666666666668
GBR,RUS,25.518194444444447
GBR,SGS,803.2123611110997
GBR,SJM,575.9622222222217
GBR,TUR,7.768888888888889
GBR,TWN,26.680555555555554
GBR,URY,0.701111111111111
GBR,ZAF,21.777500000000007
GCA,AGO,106.25486111111118
GCA,CIV,55.42833333333331
GCA,ESP,1.257222222222222
GCA,GAB,20.56763888888889
GCA,High Seas,43.55944444444444
GCA,MRT,62.52041666666667
GEO,AGO,349.63277777777773
GEO,CHN,55.316111111111105
GEO,ESP,1.842777777777778
GEO,MRT,6.105277777777777
GEO,NAM,10.477083333333333
GHA,ARE,109.64055555555557
GHA,BEN,2008.614166666667
GHA,CIV,6409.901805555555
GHA,High Seas,10238.798750000004
GHA,LBR,9.059444444444443
GHA,NGA,1.4302777777777778
GHA,OMN,17.035694444444445
GHA,TGO,71.58361111111111
GIB,CHN,986.3909722222209
GIB,ESP,0.6576388888888889
GIN,CHN,51.14388888888889
GIN,ESH,5.838611111111112
GIN,ESP,11.287916666666675
GIN,GNB,0.14
GIN,MRT,3.433611111111111
GIN,SLE,10.274444444444445
GMB,SEN,11.535138888888891
GNB,ESP,8.472777777777774
GNB,GIN,143.87166666666667
GNB,High Seas,7.2404166666666665
GNB,LBR,0.9479166666666667
GNB,MRT,47.48625000000001
GNB,SEN,1207.0849999999994
GNB,SLE,333.31930555555607
GNQ,IDN,36.007777777777775
GNQ,MYS,105.70930555555555
GNQ,SGP,666.9538888888889
GRC,ALB,520.05375000000015
GRC,CHN,102.12749999999998
GRC,CYP,297.46972222222223
GRC,EGY,394.15222222222224
GRC,ESH,224.23652777777798
GRC,ISR,24.31875
GRC,LBN,22.642361111111107
GRC,MDG,25.02250000000002
GRC,MRT,2776.794027777777
GRC,SEN,0.2520833333333333
GRC,TUR,5931.222083333333
GRD,CHN,2.139861111111111
GRL,BRA,1238.0880555555555
GRL,CAN,22.46666666666667
GRL,DNK,0.46555555555555556
GRL,FRO,27.849722222222223
GRL,GBR,12.975694444444443
GRL,High Seas,668.1570833333338
GRL,ISL,70.40569444444445
GRL,NOR,4793.3477777777925
GRL,SJM,261.2254166666664
GRL,SWE,11.310972222222222
GTM,AGO,50.56750000000007
GTM,CHN,186.88458333333332
GTM,CIV,102.90041666666664
GTM,ECU,13.549027777777779
GTM,GAB,187.2931944444446
GTM,High Seas,671.7797222222289
GTM,KIR,337.09666666666726
GTM,LBR,93.97180555555558
GTM,PAN,1.523888888888889
GTM,SLE,67.16625
GTM,STP,16.333194444444437
GUF,BRA,0.19222222222222224
GUF,CHN,425.9006944444444
GUF,TWN,4.573472222222223
GUY,PER,48.49277777777778
HND,SGP,44.3161111111111
HRV,ITA,753.6409722222222
HRV,MNE,22.58611111111111
HRV,SVN,0.08902777777777778
HTI,CHN,425.4620833333332
HUN,ESH,309.89416666666614
HUN,ESP,22.609444444444442
HUN,MAR,1494.6676388888886
IDN,CHN,50.21597222222223
IDN,ESH,190.88916666666694
IDN,High Seas,1071.3111111111111
IDN,MDV,288.8355555555556
IDN,MRT,3101.745416666685
IDN,MYS,10.78638888888889
IDN,SGP,448.7341666666666
IND,ARE,3.520277777777778
IND,CHN,385.64472222222224
IND,KWT,11.800000000000004
IND,PAK,0.934861111111111
IND,VNM,11.324861111111112
IRL,AGO,6.179722222222224
IRL,DEU,3487.3968055555542
IRL,DNK,1428.4672222222225
IRL,ESP,492.13430555555556
IRL,FRA,2182.8654166666674
IRL,GBR,85682.99013888891
IRL,GGY,6.773333333333333
IRL,High Seas,1301.5305555555558
IRL,NLD,2.008611111111111
IRL,NOR,176.75833333333333
IRL,SWE,18.19999999999999
IRN,ARE,2.8433333333333333
IRN,CHN,999.3805555555557
IRN,High Seas,155.3763888888889
IRN,OMN,176.55097222222227
IRN,SYC,9.536805555555555
IRQ,CHN,2961.77597222222
IRQ,KOR,15.223611111111111
ISL,CAN,118.54833333333333
ISL,CHN,102.58013888888894
ISL,DEU,5.239027777777779
ISL,DNK,6.133611111111112
ISL,FRO,13864.545277777774
ISL,GBR,2305.121805555555
ISL,GIN,3.656111111111111
ISL,GRL,754.9562500000001
ISL,High Seas,8171.837916666667
ISL,IRL,58.529166666666654
ISL,MEX,64.36472222222221
ISL,NLD,37.92902777777777
ISL,NOR,4081.2480555555458
ISL,POL,3.168055555555556
ISL,PRT,11.974027777777778
ISL,RUS,4764.377777777765
ISL,SEN,9.127916666666666
ISL,SJM,43.09111111111112
ISL,SWE,0.4983333333333334
ISL,TAA,10.754444444444445
ISL,USA,27.81625
ISR,CHN,170.61986111111102
ISR,CYP,0.21083333333333332
ITA,ALB,1049.5375
ITA,CPV,4.448194444444445
ITA,CYP,1760.9318055555402
ITA,DZA,98.37819444444447
ITA,ESP,3889.010138888889
ITA,FRA,1476.8283333333334
ITA,GIN,4598.5644444444715
ITA,GMB,11.704166666666667
ITA,GNB,34.15208333333332
ITA,GRC,41565.94277777778
ITA,HRV,127339.60861111109
ITA,LBY,3967.3794444444447
ITA,MLT,16525.279583333333
ITA,MNE,1586.957777777778
ITA,SEN,98.18930555555556
ITA,SLE,17253.38166666671
ITA,SYC,25.622916666666654
ITA,SYR,32.704861111111114
ITA,TUN,61940.80194444442
ITA,TUR,1997.6602777777773
JOR,CHN,392.1595833333333
JOR,KOR,204.74569444444438
JPN,AGO,3167.511944444443
JPN,ATF,53.135
JPN,AUS,77.02555555555557
JPN,CAN,66.46555555555555
JPN,CCK,17.04513888888889
JPN,CHL,36.823055555555555
JPN,CHN,22.398888888888887
JPN,COK,11.767916666666666
JPN,COL,713.9681944444403
JPN,COM,2.6543055555555557
JPN,CPV,15432.66680555555
JPN,CXR,1.6179166666666667
JPN,ESH,2904.3540277777806
JPN,ESP,123.05125000000001
JPN,FJI,2.7095833333333337
JPN,FSM,59586.406805555496
JPN,GHA,12.546111111111106
JPN,GIN,0.09388888888888888
JPN,GNQ,10.305416666666666
JPN,GUM,310.8377777777778
JPN,High Seas,452760.6990277796
JPN,IDN,134.10833333333332
JPN,IOT,9.960277777777778
JPN,IRL,5.771111111111112
JPN,KIR,95.45013888888887
JPN,KOR,806.3658333333332
JPN,MAR,0.7438888888888888
JPN,MDG,9884.364166666646
JPN,MHL,10059.61166666661
JPN,MNP,161.61041666666668
JPN,MOZ,17781.97819444442
JPN,MRT,7067.8733333333275
JPN,MUS,24.741805555555555
JPN,MYT,8.201666666666666
JPN,NAM,30.222638888888888
JPN,NCL,38.05180555555555
JPN,NFK,18.993194444444445
JPN,NOR,8.369444444444444
JPN,NRU,465.8168055555555
JPN,NZL,35.29347222222223
JPN,PAN,16.140972222222224
JPN,PER,20.066111111111113
JPN,PHL,15.610694444444444
JPN,PLW,25253.146944444445
JPN,PNG,64868.17180555543
JPN,PRI,6.803194444444444
JPN,PYF,38.67
JPN,RUS,7.558750000000001
JPN,SEN,11.755833333333333
JPN,SLB,8.57986111111111
JPN,SLE,9.5125
JPN,SOM,0.9094444444444445
JPN,TAA,40.95861111111111
JPN,THA,45.681666666666665
JPN,TKL,8.402916666666666
JPN,TON,1.7168055555555553
JPN,TWN,10.031944444444443
JPN,UMI,12.946666666666667
JPN,USA,1376.154166666668
JPN,ZAF,2573.964027777765
KEN,High Seas,64.44111111111116
KEN,NAM,58.12208333333337
KEN,ZAF,1.4161111111111102
KGZ,CHN,1204.170416666667
KHM,CHN,104.9622222222222
KHM,NOR,46.953749999999985
KHM,RUS,3313.934722222223
KIR,COK,240.7243055555558
KIR,FJI,4.644722222222223
KIR,FSM,152.6740277777777
KIR,High Seas,4047.208333333313
KIR,JPN,66.56791666666666
KIR,KOR,13.93263888888889
KIR,MHL,7.912361111111111
KIR,NRU,361.7601388888901
KIR,NZL,0.5452777777777779
KIR,PNG,88.81166666666667
KIR,SLB,58.76986111111109
KIR,TKL,255.34749999999968
KIR,TON,37.87444444444451
KIR,TUV,630.9690277777785
KIR,UMI,2.2472222222222222
KNA,ARE,1219.6679166666668
KNA,ATG,21.911805555555553
KNA,BES,80.38791666666665
KNA,BRA,631.0698611111102
KNA,ESH,27.89722222222222
KNA,GNB,625.3187500000003
KNA,High Seas,37.1275
KNA,IRN,1.0116666666666667
KNA,MRT,2.3730555555555557
KNA,NAM,150.8355555555554
KNA,OMN,43.638333333333335
KNA,PER,68.01736111111111
KNA,SLE,6.417361111111111
KOR,AGO,8.133333333333333
KOR,ARE,100.46055555555557
KOR,ARG,456.88694444444445
KOR,ATF,5.5055555555555555
KOR,BRA,11.864999999999998
KOR,CAN,14.290972222222223
KOR,CHL,124.36486111111086
KOR,CHN,504.6531944444444
KOR,COK,212.9752777777777
KOR,COM,10.532083333333333
KOR,CPV,52.13819444444443
KOR,ESH,4.616944444444444
KOR,FJI,23.60041666666667
KOR,FLK,23711.92888888879
KOR,FSM,1345.864444444446
KOR,GIN,499.635
KOR,GNB,3527.11388888888
KOR,High Seas,448709.84930556524
KOR,IDN,8.82611111111111
KOR,JPN,21590.16125
KOR,KIR,3748.0763888888923
KOR,MDG,8895.133333333313
KOR,MDV,48.45263888888889
KOR,MHL,359.14138888888897
KOR,MNP,2.102083333333333
KOR,MOZ,11006.75986111135
KOR,MRT,211.3547222222223
KOR,MUS,2643.578055555557
KOR,MYS,11.820972222222222
KOR,MYT,6.168055555555553
KOR,NRU,1168.9706944444451
KOR,PER,10.098194444444443
KOR,PLW,11.511388888888888
KOR,PNG,2454.2752777777755
KOR,PRK,937.7081944444445
KOR,PYF,27.169027777777778
KOR,REU,0.3497222222222222
KOR,RUS,11042.320416666858
KOR,SEN,2839.5608333333253
KOR,SGS,961.6266666666577
KOR,SLB,1006.6913888888903
KOR,SLE,858.1998611111101
KOR,SYC,35.57874999999999
KOR,TKL,705.98513888889
KOR,TUV,35385.31097222202
KOR,TWN,8.813888888888888
KOR,UMI,63.005694444444444
KOR,URY,238.1861111111111
KOR,USA,47.96375000000001
KOR,VUT,11.605138888888888
KOR,WLF,10.604027777777778
KOR,ZAF,56.6565277777778
KWT,CHN,301.7356944444448
LBN,CHN,4456.795555555556
LBN,VNM,3.2640277777777778
LBR,RUS,5310.923611111147
LBY,ITA,139.85625000000002
LBY,MLT,227.5152777777778
LBY,TUR,240.25708333333338
LIE,CHN,241.427777777778
LIE,GBR,83.0009722222222
LKA,CHN,160.93194444444444
LKA,High Seas,84861.48986111111
LKA,IND,547.1618055555556
LKA,IOT,488.1302777777778
LKA,MDV,555.20875
LKA,MMR,12.511666666666665
LKA,PRK,89.00777777777778
LKA,RUS,10.12111111111111
LSO,CHN,15.957500000000007
LTU,AGO,0.22625
LTU,CAN,573.5601388888887
LTU,CHL,12.383888888888889
LTU,CHN,1683.1950000000008
LTU,DNK,1562.1202777777776
LTU,ESH,15.463611111111112
LTU,ESP,0.13972222222222222
LTU,EST,755.8720833333334
LTU,FIN,61.27291666666665
LTU,FRA,1.310833333333333
LTU,FRO,1.2195833333333335
LTU,High Seas,13165.30625000011
LTU,ISL,422.0397222222222
LTU,LVA,2504.3902777777776
LTU,MEX,0.5334722222222222
LTU,MRT,12.096666666666664
LTU,NLD,1.9902777777777785
LTU,NOR,275.45041666666776
LTU,POL,5216.619166666667
LTU,RUS,197.68736111111113
LTU,SJM,828.8726388888856
LTU,SWE,583.3000000000002
LUX,CHN,453.78555555555556
LVA,DNK,371.8774999999998
LVA,EGY,4.401527777777778
LVA,ERI,0.50125
LVA,ESH,2.4450000000000003
LVA,ESP,18.23611111111111
LVA,EST,1709.023888888889
LVA,GRL,103.98902777777772
LVA,High Seas,2679.9631944444477
LVA,IND,5.906805555555555
LVA,ISL,188.4800000000002
LVA,KOR,9.725416666666666
LVA,LTU,2524.2100000000005
LVA,MOZ,4038.6677777777654
LVA,MRT,13.574722222222222
LVA,NOR,141.275
LVA,POL,7441.259305555558
LVA,PRT,28.37041666666666
LVA,RUS,59.98430555555556
LVA,SJM,741.1919444444413
LVA,SWE,258.04069444444445
LVA,ZAF,7.892222222222223
MAC,CHN,578.2833333333334
MAR,CHN,31.08694444444445
MAR,CYP,11.681805555555554
MAR,ESH,46341.07361111112
MAR,ESP,31.098611111111104
MAR,High Seas,5.166388888888889
MAR,MRT,1435.3551388888777
MAR,SYR,4.266666666666667
MAR,TUR,305.8734722222223
MAR,TWN,37.156666666666666
MDA,CHN,1172.9420833333331
MDA,TWN,2.219583333333333
MDG,CHN,72.36361111111113
MDV,CHN,916.184583333327
MDV,KOR,8.669722222222223
MEX,CHN,849.1113888888889
MEX,CPT,585.5238888888886
MEX,GTM,1.1244444444444446
MEX,High Seas,15040.619305555514
MEX,KIR,11.859583333333333
MEX,PER,950.5284722222206
MHL,CHN,512.3412500000001
MHL,FSM,299.1402777777778
MHL,High Seas,1635.5927777777792
MHL,JPN,5.792916666666667
MHL,KIR,3093.3316666666606
MHL,NRU,1403.3886111111117
MHL,PNG,238.27458333333345
MHL,SLB,209.69333333333327
MHL,TUV,828.1072222222208
MHL,TWN,5.277777777777779
MLT,ALB,19.767916666666665
MLT,CHN,1963.839444444444
MLT,DZA,125.31847222222223
MLT,ESP,3078.1880555555554
MLT,GRC,518.9584722222221
MLT,ITA,2862.247083333333
MLT,LBY,2976.8551388888895
MLT,MNE,66.53986111111112
MLT,TUN,345.52986111111113
MLT,TWN,26.324999999999996
MMR,CHN,211.02680555555554
MNE,ALB,35.08305555555555
MNE,CHN,135.6730555555556
MNE,High Seas,789.1288888888887
MNE,HRV,51.76263888888888
MNE,JPN,11.799027777777779
MNG,ARE,3094.765833333334
MNG,CHN,410.55333333333334
MNG,IRN,129.48000000000002
MNG,OMN,213.16888888888886
MNG,SGP,2.5911111111111116
MNG,TWN,11.502638888888887
MOZ,ATF,8.293333333333333
MOZ,High Seas,52.16902777777777
MOZ,IOT,20.670555555555556
MOZ,MUS,11.375277777777775
MOZ,ZAF,4.0623611111111115
MRT,CHN,432.7636111111112
MRT,ESH,252.55833333333328
MRT,ESP,8.03875
MRT,High Seas,1.1626388888888888
MRT,IRL,27.37847222222222
MSR,CHN,85.05888888888887
MTQ,CHN,784.6272222222219
MUS,ATF,5.742083333333333
MUS,High Seas,262.1643055555554
MUS,MDG,11.791805555555552
MUS,MOZ,12245.368611111111
MUS,REU,2.736388888888889
MUS,SYC,115.78541666666669
MWI,CHN,633.7330555555559
MYS,BRN,236.05444444444447
MYS,High Seas,31605.4130555557
MYS,MDG,4816.744305555556
MYS,MUS,49.03152777777779
MYS,PHL,1.8355555555555556
MYS,REU,6.096388888888889
MYS,SYC,119.34986111111111
MYS,THA,0.36250000000000004
MYS,TWN,29.385416666666664
NAM,AGO,14108.861250000047
NAM,CHN,423.01111111111106
NAM,COD,19.40069444444444
NAM,ESH,24.785694444444445
NAM,High Seas,6.854305555555555
NAM,KEN,2164.4680555555556
NAM,MDG,23.038611111111113
NAM,MOZ,4636.955694444415
NAM,MRT,2217.3765277777798
NAM,ZAF,418.1581944444444
NCL,AUS,10.847222222222221
NCL,CHN,27.422777777777778
NCL,MDG,11.146944444444445
NCL,NFK,0.2754166666666667
NCL,NZL,0.3825
NCL,VUT,10.987222222222222
NER,CHN,36.42541666666667
NGA,ARG,2169.9637499999867
NGA,High Seas,7.791388888888889
NIC,CHN,83.09597222222224
NIC,CRI,1253.2984722222147
NIC,ECU,152.4506944444448
NIC,High Seas,373.54583333333346
NIC,PAN,1.5240277777777778
NIC,SLV,34.194861111111116
NIU,CHN,270.7579166666666
NIU,VNM,14.712083333333332
NLD,BEL,38427.88125000012
NLD,CHN,79.49361111111112
NLD,DEU,96755.44333333326
NLD,DNK,34172.85055555556
NLD,ESH,591.3031944444439
NLD,ESP,5.791666666666667
NLD,FRA,17488.72902777778
NLD,FRO,688.8355555555561
NLD,GBR,73516.36472222224
NLD,GGY,427.29597222222225
NLD,GNQ,0.6722222222222222
NLD,High Seas,1232.0234722222222
NLD,IRL,4910.359583333334
NLD,ISL,3.192916666666666
NLD,ITA,1.4916666666666665
NLD,MAR,1.78625
NLD,MRT,61.289444444444456
NLD,NGA,425.40194444444444
NLD,NOR,3311.249444444444
NLD,PRT,25.88458333333333
NLD,STP,1.8304166666666666
NLD,USA,7.268611111111111
NOR,AGO,25.998888888888896
NOR,BRA,5.504166666666667
NOR,CAN,58.976527777777775
NOR,CHN,1009.0198611111108
NOR,DEU,111.90986111111113
NOR,DNK,3081.499027777778
NOR,ESH,0.1725
NOR,ESP,24.805972222222206
NOR,FLK,19.891944444444444
NOR,FRO,4025.821944444447
NOR,GBR,66222.35652777777
NOR,GRC,8.881249999999998
NOR,GRL,7496.515972222205
NOR,High Seas,39455.81888889137
NOR,HRV,1.052638888888889
NOR,IRL,4011.2827777777775
NOR,ISL,6434.769305555556
NOR,LVA,7.928472222222222
NOR,MRT,37.76972222222223
NOR,NAM,8.608888888888893
NOR,NLD,170.065
NOR,POL,0.4638888888888889
NOR,RUS,19364.632083333305
NOR,SDN,8.043055555555556
NOR,SGS,2755.1444444444023
NOR,SJM,80790.30527777818
NOR,SWE,4248.141388888893
NOR,TUR,11.328611111111112
NOR,URY,428.51375000000013
NOR,ZAF,38.742222222222225
NPL,CHN,870.7223611111111
NRU,CHN,45.61749999999999
NRU,COK,112.80111111111071
NRU,High Seas,169.24944444444412
NRU,KIR,10.506111111111114
NRU,MYS,27.159861111111113
NZL,ATF,14.785138888888888
NZL,AUS,2.7104166666666667
NZL,CHN,2101.2338888888867
NZL,COK,55.52305555555553
NZL,ESP,6.078055555555555
NZL,High Seas,764.0131944444454
NZL,KIR,222.151388888889
NZL,NCL,19.954444444444444
NZL,NRU,27.047083333333333
NZL,PYF,0.07041666666666667
NZL,SGS,1855.0001388887974
NZL,SLB,2.2426388888888886
NZL,TON,9.1525
NZL,TUV,6.721527777777776
OMN,CHN,571.7880555555555
PAN,AGO,453.4173611111115
PAN,CHN,2241.2006944444443
PAN,CIV,109.3265277777778
PAN,COL,405.8990277777781
PAN,CPV,599.4372222222221
PAN,CRI,4.075833333333334
PAN,ECU,261.9105555555557
PAN,ESH,202.3016666666666
PAN,ESP,0.5379166666666666
PAN,GAB,908.7698611111106
PAN,GIN,20.26569444444445
PAN,GNB,1.5020833333333334
PAN,GNQ,5.844861111111113
PAN,GTM,0.6599999999999999
PAN,High Seas,6393.652361111103
PAN,LBR,168.8347222222223
PAN,MRT,489.505416666667
PAN,NAM,3435.325277777996
PAN,PER,180.65749999999994
PAN,SEN,16.00972222222222
PAN,SLE,43.4275
PAN,STP,54.85791666666667
PAN,TWN,3.542361111111111
PCN,CHN,422.93527777777774
PER,CHN,295.4122222222222
PER,ECU,176.64888888888893
PER,High Seas,993.3466666666613
PER,LKA,8.007222222222223
PHL,CHN,23.340138888888884
PHL,FSM,1137.7248611111113
PHL,High Seas,9.146527777777779
PHL,IDN,1.3984722222222223
PHL,KIR,225.42736111111122
PHL,MHL,65.6572222222222
PHL,NRU,429.5727777777778
PHL,PNG,8770.39083333333
PHL,SLB,5.624166666666667
PHL,TUV,39.54819444444446
PHL,TWN,6.1527777777777795
PNG,CHN,23.785138888888888
PNG,FSM,6290.013055555551
PNG,High Seas,603.053055555557
PNG,KIR,3413.004583333333
PNG,KOR,3.8238888888888884
PNG,MHL,961.538055555556
PNG,NRU,5583.052222222209
PNG,PHL,5.936527777777778
PNG,PLW,49.85847222222224
PNG,SLB,841.654722222222
PNG,TUV,267.414861111111
PNG,TWN,0.9929166666666668
POL,CAN,25.497500000000002
POL,CHN,237.45652777777775
POL,DEU,4486.956111111112
POL,DNK,14709.836944444447
POL,EST,168.36749999999998
POL,FIN,5.538333333333333
POL,FRO,49.826944444444464
POL,GBR,32.70500000000001
POL,High Seas,204.82652777777756
POL,HRV,0.275
POL,ITA,18.769166666666667
POL,LTU,1120.8368055555557
POL,LVA,465.8354166666671
POL,MNE,0.2906944444444445
POL,NAM,2474.122361111092
POL,NLD,1.647222222222222
POL,NOR,1401.3201388888906
POL,PRK,18.04611111111111
POL,RUS,140.66305555555556
POL,SJM,2609.63527777777
POL,SWE,13257.747777777771
PRK,BRA,213.58194444444445
PRK,CHN,333.94194444444446
PRK,KOR,32.534444444444446
PRT,AGO,1316.2736111111046
PRT,ARG,16.766805555555553
PRT,BRA,46.150833333333324
PRT,CAN,45.21486111111111
PRT,CIV,2689.791666666662
PRT,COL,1.7477777777777777
PRT,CPV,67.38166666666665
PRT,DEU,0.9606944444444444
PRT,DNK,7.071666666666667
PRT,ESH,2440.652083333334
PRT,ESP,14829.609305555556
PRT,FRA,182.5716666666667
PRT,GBR,244.5430555555556
PRT,GRC,337.4812499999993
PRT,GRD,1127.6479166666663
PRT,High Seas,93503.77666666762
PRT,IRL,284.63277777777773
PRT,ITA,713.9734722222223
PRT,LBY,76.93527777777777
PRT,MAR,3.217222222222222
PRT,MLT,186.58305555555555
PRT,NAM,6.177222222222222
PRT,NOR,2528.0559722222188
PRT,PAN,4.2340277777777775
PRT,SJM,8.672916666666666
PRT,TUN,329.4506944444445
PRT,URY,58.970138888888904
PRT,VCT,539.2580555555556
PRT,VEN,195.91569444444445
PRT,ZAF,110.70333333333348
PSE,BRA,3623.7666666666673
PSE,CHN,396.2404166666659
PYF,CHN,1083.32625
PYF,TWN,22.99277777777778
QAT,ARE,133.75986111111106
QAT,BHR,9.222777777777779
QAT,CHN,380.15291666666684
QAT,IRN,16.46111111111111
REU,ATF,376.6762500000003
REU,CHN,21.66
REU,High Seas,1260.152777777779
REU,IND,8.8625
REU,MDG,8084.019999999989
REU,MUS,2325.7618055555527
REU,SYC,240.63166666666672
ROM,ROU,1284.8504166666678
RUS,AGO,122.19180555555556
RUS,ARG,0.04986111111111111
RUS,AUS,10.076250000000002
RUS,BRA,0.6123611111111111
RUS,CAN,42.61819444444444
RUS,CHL,110.08208333333333
RUS,CHN,90.74236111111111
RUS,CPV,14.089027777777778
RUS,DNK,45.388888888888886
RUS,EGY,1.3362500000000002
RUS,ERI,6.037361111111111
RUS,ESH,3036.67333333333
RUS,ESP,33.93208333333333
RUS,EST,12.370833333333332
RUS,FIN,46.891666666666666
RUS,FLK,802.7316666666637
RUS,FRO,12056.259305555555
RUS,FSM,34.93944444444445
RUS,GBR,5177.079027777777
RUS,GRC,4.063055555555556
RUS,GRL,6258.672499999995
RUS,GUM,1.2258333333333333
RUS,High Seas,60793.54930555551
RUS,IDN,2.5627777777777774
RUS,IRL,8.589166666666667
RUS,ISL,4503.0449999999955
RUS,JPN,69709.16333333333
RUS,KIR,2.3125
RUS,KOR,866.5887500000001
RUS,LKA,0.6024999999999999
RUS,LTU,0.9918055555555555
RUS,LVA,2.1386111111111106
RUS,MAR,56.1823611111111
RUS,MHL,45.83694444444444
RUS,MLT,96.31652777777775
RUS,MOZ,5094.362777777784
RUS,MRT,1560.8844444444455
RUS,NAM,1.4256944444444442
RUS,NOR,73786.81097222204
RUS,NZL,104.4365277777778
RUS,PAN,0.27513888888888893
RUS,PNG,10.945
RUS,POL,29.722361111111113
RUS,PRK,40.663333333333334
RUS,PRT,3.865972222222222
RUS,SEN,107.97152777777801
RUS,SGP,0.7406944444444444
RUS,SJM,82249.15722222286
RUS,SLB,1.102777777777778
RUS,SWE,18.45986111111111
RUS,TUR,16.278888888888886
RUS,TWN,0.1447222222222222
RUS,UKR,10649.873333333337
RUS,USA,560.6352777777778
RUS,VEN,2.29375
RUS,ZAF,19.00861111111111
RWA,CHN,0.17680555555555555
SAU,CHN,87.52819444444447
SDN,CHN,0.23819444444444443
SEN,AGO,123.55555555555549
SEN,CHN,39.443194444444444
SEN,CIV,55.75097222222222
SEN,CPV,260.2468055555561
SEN,ESH,0.19708333333333333
SEN,ESP,37.233055555555595
SEN,GAB,160.42222222222222
SEN,GHA,6.526805555555557
SEN,GIN,126.23472222222202
SEN,GMB,5120.368749999987
SEN,GNB,18174.982361111113
SEN,High Seas,1473.5979166666673
SEN,LBR,73.15750000000001
SEN,MRT,1011.8023611111149
SEN,NAM,5.377777777777777
SEN,SLE,1031.591388888885
SEN,STP,1327.3173611111063
SGP,CHN,1080.1118055555553
SGP,MYS,7.059166666666667
SGP,TWN,157.41972222222222
SHN,ASC,47.31833333333335
SHN,CHN,147.3673611111111
SHN,High Seas,543.9444444444491
SHN,SGS,2098.5884722221917
SLB,CHN,145.21263888888888
SLB,FSM,142.03180555555556
SLB,High Seas,252.9895833333334
SLB,KIR,1087.9774999999981
SLB,MHL,24.74722222222222
SLB,NRU,115.91944444444448
SLB,PNG,184.20986111111117
SLB,TKL,0.6240277777777777
SLB,TUV,952.748888888885
SLB,TWN,15.510833333333338
SLE,CHN,57.510138888888896
SLE,MYS,27.814305555555546
SLV,AGO,372.6045833333334
SLV,CHN,206.1736111111111
SLV,CIV,255.9880555555555
SLV,CPV,118.53652777777772
SLV,ECU,0.91
SLV,ESP,5.380416666666667
SLV,GAB,792.5226388888892
SLV,GHA,0.11333333333333334
SLV,GIN,5.244444444444444
SLV,GNQ,3.044583333333333
SLV,High Seas,1598.8898611111129
SLV,KIR,40.20263888888892
SLV,LBR,164.46680555555554
SLV,PAN,0.8495833333333334
SLV,SLE,146.72652777777782
SLV,STP,69.30694444444444
SMR,CHN,55.4651388888889
SOM,CHN,1640.7794444444453
SOM,TWN,109.10291666666666
SPM,CAN,883.1558333333325
SPM,FRA,1.7195833333333335
SPM,GBR,3.2458333333333336
SPM,High Seas,2.841666666666667
SRB,THA,317.2147222222223
SSD,CHN,16.73763888888889
STP,AGO,2032.7348611111115
STP,CHN,56.860555555555536
SVK,CHN,133.62902777777774
SVK,High Seas,5475.097361111108
SVK,MHL,26.640833333333333
SVK,PLW,132.32750000000001
SVK,UMI,1.082361111111111
SVN,HRV,198.39333333333335
SVN,ITA,1643.8565277777773
SVN,THA,1009.2105555555556
SWE,CHN,377.2631944444445
SWE,DEU,192.5090277777779
SWE,DNK,14387.983472222228
SWE,EST,899.5424999999988
SWE,FIN,313.72402777777785
SWE,GBR,1926.2513888888889
SWE,LVA,340.2726388888889
SWE,NLD,104.76194444444444
SWE,NOR,15285.567361111127
SWE,POL,5006.106388888889
SWE,RUS,0.01125
SWE,TWN,4.839027777777778
SWZ,CHN,5.77638888888889
SYC,ARE,6.209444444444445
SYC,ATF,3.58236111111111
SYC,CHN,10.687361111111112
SYC,CIV,1.1879166666666665
SYC,ESP,18.282777777777778
SYC,High Seas,76977.65916666672
SYC,IND,2.8808333333333334
SYC,IOT,9.113194444444444
SYC,KEN,5591.623888888885
SYC,LKA,133.10430555555558
SYC,MDG,36.75513888888889
SYC,MOZ,380.79777777777804
SYC,MUS,1916.7408333333372
SYC,MYS,2.984861111111111
SYC,SGP,13.334722222222222
SYC,SOM,23.412222222222223
SYC,TWN,6.9004166666666675
SYC,ZAF,21.111944444444475
SYR,CHN,2.6766666666666667
TCA,CAN,21.256527777777777
TCA,CHN,142.18819444444452
TCA,High Seas,1254.3473611111115
TCA,USA,17.63013888888889
TGO,CHN,107.02958333333333
TGO,TWN,84.3586111111111
THA,CHN,695.3579166666667
THA,KOR,29.192500000000003
TTO,CHN,158.29236111111112
TUN,CHN,65.80930555555557
TUN,ITA,302.6099999999999
TUN,LBY,185.44763888888886
TUN,MLT,672.5620833333334
TUR,ALB,612.2819444444439
TUR,CYP,500.0394444444444
TUR,ESH,225.96138888888888
TUR,GEO,1448.591111111111
TUR,GRC,20036.987361111114
TUR,ITA,31.84166666666665
TUR,LBY,5.599027777777778
TUR,MAR,3.501388888888889
TUR,MLT,118.6509722222223
TUR,MNE,363.42625
TUR,MRT,2066.904861111111
TUR,SAU,3.9275
TUR,SEN,5.8069444444444445
TUR,SYR,174.86083333333332
TUR,TUN,12.68611111111111
TUV,FJI,2.874027777777777
TUV,High Seas,0.9806944444444445
TUV,MHL,1.62125
TUV,NRU,4.439861111111113
TUV,TKL,0.10680555555555554
TWN,ARG,82.6427777777778
TWN,ASC,1.9236111111111112
TWN,ASM,121.5415277777778
TWN,ATF,12.101944444444444
TWN,AUS,3.142638888888889
TWN,BRA,6.94875
TWN,BRB,4.426944444444445
TWN,CHL,3.811666666666667
TWN,CHN,3095.720277777777
TWN,COK,36.13847222222222
TWN,COM,14.491527777777776
TWN,CRI,23.56013888888889
TWN,ECU,396.9452777777778
TWN,FJI,139.69500000000002
TWN,FLK,51607.1466666665
TWN,FSM,16324.29847222222
TWN,GHA,2.4069444444444446
TWN,GIN,3.014166666666666
TWN,GNB,58.247916666666654
TWN,GNQ,33.49805555555556
TWN,GUM,9.615972222222222
TWN,GUY,5.413472222222222
TWN,High Seas,1662723.9213888939
TWN,IDN,71.21430555555555
TWN,IND,46.06
TWN,IOT,22.238055555555555
TWN,JPN,2998.688888888889
TWN,KEN,397.2461111111098
TWN,KIR,13114.741666666634
TWN,KOR,4.572916666666667
TWN,LBR,40.20319444444444
TWN,LKA,320.08875
TWN,MDG,66559.39986111113
TWN,MDV,21.074305555555554
TWN,MHL,4877.224444444442
TWN,MNP,219.28583333333333
TWN,MOZ,5261.467916666681
TWN,MUS,112400.85611111108
TWN,MYS,5.273888888888889
TWN,MYT,4.88
TWN,NAM,5.030277777777777
TWN,NCL,5.899722222222222
TWN,NFK,8.042361111111111
TWN,NRU,8056.589027777768
TWN,NZL,1206.707083333333
TWN,OMN,22.234722222222224
TWN,PAN,9.793194444444445
TWN,PER,2.9827777777777778
TWN,PHL,800.5190277777778
TWN,PLW,57959.664722222224
TWN,PNG,29419.86083333338
TWN,PYF,163.28541666666666
TWN,REU,265.63708333333335
TWN,RUS,30.449583333333337
TWN,SEN,16.522361111111113
TWN,SGP,44.84458333333333
TWN,SLB,185139.93625000017
TWN,SLE,8.621666666666668
TWN,SOM,0.8494444444444444
TWN,STP,2164.218749999997
TWN,SYC,79176.66694444441
TWN,THA,7.783611111111112
TWN,TKL,4.210416666666666
TWN,TON,13015.73388888898
TWN,TTO,39.87236111111111
TWN,TUV,1109.8313888888888
TWN,UMI,59.99069444444445
TWN,URY,233.56402777777777
TWN,USA,32.549444444444475
TWN,VEN,2.7481944444444446
TWN,VUT,4.986527777777777
TWN,WLF,1.3402777777777777
TWN,WSM,1649.711805555554
TWN,ZAF,383.18194444444447
TZA,CHN,916.6874999999999
TZA,High Seas,2886.9479166667843
TZA,MDG,1052.043472222221
TZA,MUS,46.80555555555561
TZA,TWN,130.81444444444443
UKR,ARG,42.83763888888893
UKR,CAN,2.827777777777778
UKR,CHL,52.77888888888899
UKR,ESP,18.700555555555553
UKR,FLK,87.50916666666669
UKR,GMB,351.1811111111107
UKR,High Seas,9001.878472222676
UKR,MLT,4.858194444444444
UKR,NAM,4.178194444444444
UKR,RUS,507.3895833333336
UKR,SEN,54.027361111111134
UKR,TAA,4.121944444444444
UKR,TUR,10.34986111111111
UKR,ZAF,1.624722222222222
UNK,ESH,13.281944444444445
UNK,MRT,14.290138888888892
UNK,RUS,862.6786111111104
UNK,UKR,70.41375000000001
URY,ARG,36588.233888888855
URY,BRA,434.3994444444445
URY,CHN,677.3955555555555
URY,FLK,12.600833333333341
URY,High Seas,419.01069444444687
URY,KOR,59.50513888888888
URY,PRK,304.18263888888885
URY,SGS,1351.7430555555197
USA,ASM,36382.60944444469
USA,BHS,116.56986111111112
USA,BMU,30.10791666666667
USA,BRA,57.90777777777779
USA,CAN,2187.233194444444
USA,CHL,6.822638888888889
USA,CHN,309.06583333333333
USA,COK,1336.7006944444468
USA,CRI,203.19027777777777
USA,DOM,24.289999999999996
USA,ECU,27.899722222222238
USA,FJI,12.47958333333333
USA,FSM,5528.562638888876
USA,GRD,717.4330555555557
USA,GTM,3.7716666666666665
USA,High Seas,55778.996527777774
USA,HND,22.958055555555553
USA,HRV,744.4556944444444
USA,IND,5.778194444444445
USA,ISR,0.804861111111111
USA,KIR,4357.6998611111085
USA,MAF,0.6497222222222223
USA,MEX,2510.984027777778
USA,MHL,613.5400000000001
USA,NRU,4516.773194444446
USA,NZL,47.16277777777779
USA,PAN,8.285694444444447
USA,PER,301.4287500000004
USA,PNG,4310.370416666663
USA,PYF,42.80069444444445
USA,RUS,30.294583333333332
USA,SLB,348.3862499999999
USA,SUR,2210.355833333333
USA,TKL,1123.6038888888897
USA,TUV,1249.823333333334
USA,TWN,1.169861111111111
USA,UMI,152.50208333333336
USA,URY,1.265138888888889
USA,VCT,68.68486111111113
USA,VEN,72.15458333333333
USA,VGB,77.62013888888887
USA,VIR,39.91152777777777
USA,WSM,1.0009722222222224
VAT,CHN,422.0290277777777
VCT,BRA,2.118888888888889
VCT,FSM,20.53375
VCT,GMB,1.7984722222222222
VCT,High Seas,11770.807916666663
VCT,IRN,2.6055555555555556
VCT,NAM,846.8220833333314
VCT,NOR,1565.8476388888837
VCT,RUS,16.86125
VCT,SEN,5.4725
VCT,SJM,4356.850138888896
VCT,TTO,1.0030555555555556
VEN,BES,16.07111111111111
VEN,BRA,7.2659722222222225
VEN,BRB,47.78541666666666
VEN,CHN,480.87305555555537
VEN,COL,13.847777777777777
VEN,CPT,5.010833333333333
VEN,CRI,1442.1556944444455
VEN,CUW,1.360277777777778
VEN,ECU,314.8501388888892
VEN,GUF,58.45180555555554
VEN,GUY,608.4156944444443
VEN,High Seas,4164.377916666665
VEN,MEX,0.32013888888888886
VEN,PAN,16.63125
VEN,PER,2.6849999999999996
VEN,SUR,5.440555555555556
VEN,TTO,118.27333333333333
VGB,CHN,10.575833333333335
VGB,VNM,0.13819444444444445
VUT,ARG,0.77375
VUT,ASM,123.75805555555554
VUT,AUS,2.1919444444444443
VUT,CHN,84.41458333333333
VUT,COK,4.427083333333332
VUT,FJI,171.44069444444443
VUT,FLK,3091.9761111110897
VUT,High Seas,107774.77069444506
VUT,JPN,3.964861111111111
VUT,KIR,98.79611111111117
VUT,KOR,31.55833333333333
VUT,MHL,5.386944444444444
VUT,MNP,1.5480555555555555
VUT,NFK,4.004583333333334
VUT,NIU,6017.738472222224
VUT,NRU,6.475277777777776
VUT,NZL,1.5416666666666663
VUT,PNG,7168.584027777763
VUT,PYF,39.80444444444444
VUT,SLB,7551.170416666654
VUT,TKL,9133.785694444454
VUT,TON,1.4277777777777776
VUT,TUV,11.31
VUT,TWN,63.00458333333333
VUT,USA,15.31763888888889
VUT,WLF,0.6572222222222223
VUT,WSM,18003.443055555563
VUT,ZAF,24.720694444444458
WLF,CHN,669.8887500000003
WLF,USA,9.682083333333335
WSM,CHN,478.6565277777776
WSM,High Seas,840.3743055555555
WSM,JPN,24.84111111111111
WSM,KOR,2.3845833333333335
WSM,LKA,22.207638888888887
YEM,CHN,1251.935
YEM,GRD,230.8658333333334
YEM,VCT,40.41902777777778
ZAF,AGO,20.070138888888888
ZAF,ATF,54.47083333333333
ZAF,BVT,217.93430555555764
ZAF,CHN,961.2595833333338
ZAF,GNQ,35.014027777777784
ZAF,High Seas,1761.2747222222092
ZAF,LBY,0.7563888888888889
ZAF,MOZ,4003.9726388888835
ZAF,NAM,6964.004027777771
ZMB,CHN,132.99430555555554
