eez_code,flag,eez_territory_iso3,eez_name,eez_lon,eez_lat,eez,eez_lon_edit,eez_lat_edit,flag_lon,flag_lat,flag_lon_edit,flag_lat_edit,geometry
8371,PRT,SEN,Senegalese Exclusive Economic Zone,-18.491628019390536,13.693455400462938,NA,NA,NA,-8.501043612683077,39.59550671449789,NA,NA,"c(-8.50104361268308, -8.91621680656044, -9.32192581688673, -9.71863730833323, -10.1067925752644, -10.4868092760392, -10.8590830385442, -11.2239889473412, -11.5818829219758, -11.9331029952253, -12.2779704993391, -12.6167911676743, -12.9498561585085, -13.2774430072627, -13.5998165128455, -13.9172295633617, -14.2299239059986, -14.5381308655058, -14.8420720153254, -15.1419598050983, -15.4379981479741, -15.7303829708729, -16.0193027306011, -16.3049388984904, -16.5874664160226, -16.8670541237117, -17.143865165342, 
-17.4180573694994, -17.6897836101943, -17.9591921482375, -18.226426954914, -18.4916280193905, 39.5955067144979, 38.7739124232399, 37.950882789418, 37.1264909054964, 36.3008056700973, 35.4738920937572, 34.645811579749, 33.8166221822611, 32.9863788439975, 32.1551336150595, 31.3229358547895, 30.4898324180942, 29.6558678276172, 28.8210844330035, 27.9855225583775, 27.1492206390546, 26.3122153484074, 25.4745417157278, 24.6362332358452, 23.7973219711954, 22.9578386469716, 22.1178127399329, 21.2772725613963, 
20.4362453348925, 19.5947572689247, 18.7528336252329, 17.9104987829334, 17.0677762988711, 16.2246889644984, 15.3812588595666, 14.537507402895, 13.6934554004629)"
8371,ESP,SEN,Senegalese Exclusive Economic Zone,-18.491628019390536,13.693455400462938,NA,NA,NA,-3.647550473229147,40.24448698114845,NA,NA,"c(-3.64755047322916, -4.2329977368253, -4.80552162118795, -5.36570564449153, -5.91410607042016, -6.45125335993114, -6.97765355873474, -7.49378962079433, -8.00012266876243, -8.49709319274118, -8.98512218911179, -9.46461224143914, -9.93594854564091, -10.3994998817328, -10.8556195345313, -11.3046461657277, -11.7469046397437, -12.1827068057544, -12.6123522382208, -13.036128938211, -13.4543139977226, -13.8671742291402, -14.274966761881, -14.677939608194, -15.0763321999948, -15.4703758985326, -15.8602944785968, 
-16.2463045888941, -16.6286161901408, -17.0074329723413, -17.3829527526479, -17.7553678551276, -18.1248654736926, -18.4916280193905, 40.2444869811484, 39.4694073963107, 38.6914570956877, 37.9107755525496, 37.127494778913, 36.3417398121221, 35.553629167936, 34.763275262487, 33.9707848053344, 33.1762591656916, 32.3797947137708, 31.5814831390558, 30.7814117471886, 29.9796637370387, 29.1763184594111, 28.3714516587438, 27.5651356990491, 26.7574397752604, 25.948430111062, 25.1381701441995, 24.3267207001948, 
23.5141401553234, 22.7004845896468, 21.8858079308363, 21.0701620894688, 20.2535970864296, 19.4361611730067, 18.617900944223, 17.7988614459126, 16.9790862760122, 16.1586176805051, 15.3374966444276, 14.515762978318, 13.6934554004629)"
8371,FRA,SEN,Senegalese Exclusive Economic Zone,-18.491628019390536,13.693455400462938,NA,NA,NA,-2.7617294451886103,42.17344011072409,NA,NA,"c(-2.76172944518862, -3.35001731620531, -3.92468377966412, -4.48634486906772, -5.03558714020846, -5.57296924898009, -6.09902345915123, -6.61425708016432, -7.11915383576732, -7.61417516485994, -8.0997614563689, -8.57633322028721, -9.04429219723886, -9.50402240908178, -9.95589115315275, -10.4002499428013, -10.8374353968642, -11.2677700807062, -11.6915633014077, -12.109111859612, -12.5207007604683, -12.9266038860218, -13.3270846313079, -13.7223965063112, -14.1127837058557, -14.4984816493913, -14.8797174925481, 
-15.2567106122345, -15.6296730669631, -15.9988100340023, -16.3643202248627, -16.7263962805517, -17.0852251479473, -17.4409884385744, -17.7938627709943, -18.144020097955, -18.4916280193905, 42.1734401107241, 41.414108841075, 40.6518504008466, 39.8868076265137, 39.1191155222435, 38.3489017764481, 37.5762872421909, 36.8013863840244, 36.0243076936771, 35.2451540768507, 34.4640232132416, 33.6810078917541, 32.8961963227369, 32.1096724289421, 31.3215161167867, 30.5318035293782, 29.7406072826605, 28.9479966859344, 
28.1540379479143, 27.3587943693948, 26.5623265235229, 25.7646924245925, 24.9659476862144, 24.1661456696465, 23.3653376230129, 22.5635728120861, 21.7608986432559, 20.9573607792625, 20.1530032482307, 19.3478685465013, 18.5419977357204, 17.7354305346162, 16.9282054058599, 16.1203596383831, 15.3119294254943, 14.5029499391192, 13.6934554004629)"
8371,GRC,SEN,Senegalese Exclusive Economic Zone,-18.491628019390536,13.693455400462938,NA,NA,NA,22.955557936914158,39.07469623069554,NA,NA,"c(22.9555579369141, 21.9094129817097, 20.8737155987786, 19.84848686495, 18.8337305737405, 17.8294341195239, 16.8355693895694, 15.8520936573861, 14.8789504714505, 13.9160705340274, 12.9633725654175, 12.0207641495684, 11.0881425575643, 10.1653955460577, 9.25240212822033, 8.34903331526863, 7.45515282705799, 6.5706177706422, 5.69527928605658, 4.82898315890807, 3.97157039964389, 3.12287778962315, 2.28273839433524, 1.45098204429846, 0.627435784329975, -0.188075707987139, -0.995729733707151, -1.79570521277523, 
-2.58818235204603, -3.37334233993249, -4.1513670665183, -4.92243886794742, -5.68674029389783, -6.44445389694963, -7.19576204267003, -7.94084673925707, -8.67988948560978, -9.41307113672366, -10.1405717853445, -10.8625706588518, -11.5792460303837, -12.290775143256, -12.997334147773, -13.699098049568, -14.396240668658, -15.0889346084389, -15.7773512338892, -16.4616606582936, -17.1420317378362, -17.8186320734561, -18.4916280193905, 39.0746962306955, 38.7206590394761, 38.3573925033062, 37.9851074421808, 
37.6040140778093, 37.2143217096439, 36.8162384156384, 36.4099707773935, 35.9957236291926, 35.5736998303047, 35.144100059821, 34.707122633204, 34.2629633396557, 33.8118152993558, 33.3538688395834, 32.8893113887047, 32.4183273870029, 31.9410982133139, 31.4578021264475, 30.9686142203798, 30.4737063922299, 29.9732473220586, 29.4674024635575, 28.9563340447364, 28.4402010777496, 27.9191593770492, 27.3933615850881, 26.8629572048447, 26.3280926384788, 25.7889112314766, 25.2455533216786, 24.6981562926324, 
24.1468546307474, 23.591779985771, 23.0330612341408, 22.4708245448068, 21.9051934471471, 21.3362889006392, 20.7642293659745, 20.1891308773356, 19.6111071155837, 19.0302694821277, 18.4467271732708, 17.8605872548548, 17.2719547370402, 16.6809326490817, 16.0876221139761, 15.4921224228764, 14.8945311091802, 14.294944022216, 13.6934554004629)"
8371,MAR,SEN,Senegalese Exclusive Economic Zone,-18.491628019390536,13.693455400462938,NA,NA,NA,-8.456157947977468,29.8376295468792,NA,NA,"c(-8.45615794797746, -8.99414178032248, -9.52430875606251, -10.0469876082292, -10.5624957646087, -11.0711398737285, -11.5732163137289, -12.0690116841245, -12.5588032805964, -13.0428595530648, -13.5214405473792, -13.9947983310339, -14.4631774033758, -14.926815090812, -15.3859419275607, -15.8407820225113, -16.2915534127796, -16.73846840455, -17.1817339018091, -17.6215517235706, -18.0581189101936, -18.4916280193905, 29.8376295468792, 29.0849239945454, 28.3301037221337, 27.5732632051016, 26.8144931258722, 
26.0538805867117, 25.2915093111522, 24.527459834638, 23.7618096850374, 22.9946335536326, 22.2260034571708, 21.4559888915274, 20.684656977505, 19.9120725992647, 19.1382985358579, 18.3633955863042, 17.5874226886345, 16.8104370332979, 16.0324941713082, 15.2536481174857, 14.473951449133, 13.6934554004629)"
8371,ITA,SEN,Senegalese Exclusive Economic Zone,-18.491628019390536,13.693455400462938,NA,NA,NA,12.070012547689789,42.79662848728713,NA,NA,"c(12.0700125476898, 11.1293787653371, 10.2054101681626, 9.29770024685794, 8.40583947786277, 7.52941685608255, 6.66802126016208, 5.82124266154582, 4.98867318853553, 4.16990805637616, 3.36454637410171, 2.57219183847644, 1.79245332490387, 1.02494538466328, 0.269288657290502, -0.474889793637942, -1.20795621362339, -1.9302699521287, -2.64218331263697, -3.34404145182219, -4.03618232227524, -4.71893665371036, -5.39262796803041, -6.05757262405757, -6.71407988813323, -7.36245202716253, -8.00298442102164, 
-8.6359656915624, -9.26167784574045, -9.88039643065937, -10.4923906985674, -11.097923780066, -11.6972528639912, -12.2906293826129, -12.8782992009629, -13.4605028092533, -14.0374755174821, -14.6094476514455, -15.1766447494849, -15.7392877593971, -16.2975932350222, -16.8517735321058, -17.4020370030983, -17.9485881906222, -18.4916280193905, 42.7966284872871, 42.2363593720364, 41.6685407675738, 41.093452341657, 40.5113646053512, 39.922539064735, 39.3272283953128, 38.7256766352614, 38.1181193940256, 37.5047840731414, 
36.8858900965079, 36.2616491476487, 35.6322654117991, 34.9979358209266, 34.3588503000405, 33.7151920133729, 33.0671376092166, 32.4148574623892, 31.7585159134586, 31.0982715040104, 30.4342772073678, 29.7666806542931, 29.0956243532976, 28.4212459052776, 27.7436782122726, 27.0630496802082, 26.3794844155446, 25.6931024158031, 25.0040197539844, 24.3123487569293, 23.6181981777052, 22.9216733621233, 22.2228764095179, 21.5219063279316, 20.8188591838686, 20.1138282467857, 19.4069041285027, 18.6981749177169, 
17.987726309814, 17.2756417321689, 16.5620024651312, 15.8468877588928, 15.130374946433, 14.412539552734, 13.6934554004629)"
8371,NOR,SEN,Senegalese Exclusive Economic Zone,-18.491628019390536,13.693455400462938,NA,NA,NA,15.348346562226249,68.75015572054916,NA,NA,"c(15.3483465622263, 13.8375964625623, 12.4168309505312, 11.0792080671517, 9.81837571931302, 8.62846234716812, 7.50405821390945, 6.44019088711929, 5.43229750036807, 4.47619563109993, 3.56805406373874, 2.70436428657123, 1.88191326412044, 1.09775780623661, 0.349200699393009, -0.366231342110837, -1.05080792002224, -1.70661345334693, -2.3355640282754, -2.93942270450196, -3.51981339302884, -4.07823342192748, -4.61606490393001, -5.1345850146119, -5.63497528333764, -6.11832999179362, -6.58566376731937, -7.037918450696, 
-7.47596931077248, -7.90063067143114, -8.31266100998812, -8.71276758021904, -9.10161060780251, -9.47980710107018, -9.84793431551597, -10.2065329065218, -10.5561098011679, -10.8971408167752, -11.2300730509498, -11.5553270653222, -11.8732988828747, -12.1843618166978, -12.4888681461837, -12.7871506550304, -13.0795240439713, -13.366286229843, -13.6477195414429, -13.9240918215885, -14.1956574438661, -14.462658251724, -14.7253244268277, -14.9838752929293, -15.2385200609087, -15.4894585201151, -15.736881680655, 
-15.9809723708511, -16.2219057937054, -16.4598500458609, -16.6949666022404, -16.9274107692662, -17.1573321093101, -17.3848748387993, -17.6101782021986, -17.8333768239071, -18.0546010399408, -18.2739772111257, -18.4916280193905, 68.7501557205492, 68.0477428409543, 67.3323377966109, 66.6051349384858, 65.8672033192609, 65.1195001396216, 64.3628829997324, 63.598120953637, 62.8259044118238, 62.0468539649718, 61.2615282161312, 60.4704307137993, 59.6740160777708, 58.8726954055256, 58.0668410408128, 57.2567907790363, 
56.4428515767158, 55.6253028251059, 54.8043992412554, 53.980373423512, 53.1534381127845, 52.3237881957634, 51.4916024817701, 50.6570452808988, 49.8202678075991, 48.9814094307751, 48.1405987887901, 47.2979547854293, 46.4535874808388, 45.6075988896947, 44.7600836973143, 43.911129903095, 43.0608193994984, 42.2092284937961, 41.3564283789122, 40.5024855589352, 39.647462234207, 38.7914166503159, 37.9344034148146, 37.0764737850396, 36.217675930024, 35.3580551691529, 34.4976541899146, 33.6365132468407, 32.7746703434942, 
31.912161399168, 31.0490204017719, 30.185279548233, 29.320969373595, 28.4561188698745, 27.5907555956304, 26.7249057770992, 25.8585944016669, 24.9918453043722, 24.1246812480641, 23.2571239977812, 22.3891943898628, 21.5209123962549, 20.6522971844312, 19.7833671733103, 18.9141400855175, 18.0446329963044, 17.174862379419, 16.3048441501858, 15.4345937060416, 14.5641259647444, 13.6934554004629)"
8371,TUR,SEN,Senegalese Exclusive Economic Zone,-18.491628019390536,13.693455400462938,NA,NA,NA,35.16895346488069,39.06160290125561,NA,NA,"c(35.1689534648807, 34.0547433241899, 32.9470625839504, 31.846144797304, 30.7522071942501, 29.6654506044868, 28.5860594544027, 27.5142018341846, 26.4500296306289, 25.3936787209547, 24.3452692226937, 23.3049057945942, 22.2726779833997, 21.2486606113555, 20.232914199346, 19.225485420665, 18.2264075805714, 17.2357011169649, 16.2533741177368, 15.279422850592, 14.3138323014057, 13.3565767174512, 12.4076201521269, 11.4669170080976, 10.5344125760605, 9.61004356663051, 8.6937386331233, 7.78541888328647, 
6.88499837828897, 5.99238461752793, 5.10747900804483, 4.2301773175621, 3.36037011035319, 2.49794316534638, 1.64277787603282, 0.794751631904319, -0.0462618187143278, -0.880392024449179, -1.7077715051777, -2.5285354446502, -3.34282140115187, -4.15076903585353, -4.95251985843859, -5.74821698954182, -6.53800493949535, -7.32202940284347, -8.10043706806249, -8.87337544190393, -9.64099268776638, -10.4034374774944, -11.1608588560007, -11.9134061181107, -12.6612286970307, -13.4044760638548, -14.143297637531, 
-14.8778427047237, -15.6082603490243, -16.3346993889758, -17.0573083243976, -17.7762352905112, -18.4916280193905, 39.0616029012556, 38.8578712765662, 38.6436154678747, 38.4189782644257, 38.1841069333235, 37.9391528375448, 37.684271056598, 37.4196200116851, 37.1453610970768, 36.8616583192626, 36.568677945282, 36.2665881614836, 35.9555587438042, 35.6357607404995, 35.3073661681091, 34.9705477212887, 34.6254784970029, 34.2723317334379, 33.9112805638693, 33.5424977856041, 33.1661556440098, 32.7824256315471, 
32.3914783016372, 31.9934830971161, 31.588608192962, 31.1770203529255, 30.758884799639, 30.334365097746, 29.9036230495537, 29.4668186026901, 29.0241097692247, 28.5756525557028, 28.121600903531, 27.662106639156, 27.1973194334727, 26.7273867699124, 26.2524539206621, 25.7726639304858, 25.2881576076276, 24.7990735212955, 24.3055480052431, 23.807715166983, 23.3057069021889, 22.7996529138631, 22.2896807358653, 21.7759157604251, 21.258481269275, 20.7374984680689, 20.213086523767, 19.6853626046909, 19.1544419229718, 
18.6204377791349, 18.0834616085807, 17.5436230297427, 17.0010298937177, 16.4557883351826, 15.9080028244247, 15.3577762203304, 14.8052098241898, 14.2504034341874, 13.6934554004629)"
8371,UKR,SEN,Senegalese Exclusive Economic Zone,-18.491628019390536,13.693455400462938,NA,NA,NA,31.25291106459207,49.15867312041164,NA,NA,"c(31.2529110645921, 30.0016532826358, 28.7686848563929, 27.5541324240211, 26.3580705023115, 25.1805247927469, 24.0214755531033, 22.8808609902013, 21.7585806347001, 20.6544986641213, 19.5684471454624, 18.5002291737029, 17.4496218871396, 16.416379344757, 15.4002352547124, 14.4009055464649, 13.4180907821162, 12.4514784051555, 11.5007448270319, 10.5655573538467, 9.64557595698395, 8.74045489271793, 7.84984417678211, 6.97339092058826, 6.11074053627635, 5.2615378180877, 4.42542790771233, 3.60205715129214, 
2.79107385568656, 1.99212895144899, 1.20487656973705, 0.428974540103354, -0.335915184199678, -1.09012616710595, -1.83398719087396, -2.56782201190083, -3.29194916600119, -4.00668181830122, -4.71232765325166, -5.40918880060633, -6.09756179354119, -6.7777375554042, -7.45000141188265, -8.11463312565638, -8.77190695086864, -9.42209170499248, -10.0654508559007, -10.7022426221589, -11.33272008476, -11.9571313086979, -12.5757194729478, -13.1887230075708, -13.7963757368044, -14.3989070271255, -14.9965419393917, 
-15.5895013842733, -16.1780022802829, -16.7622577138011, -17.342477100572, -17.9188663482189, -18.4916280193905, 49.1586731204116, 48.7959925546964, 48.4199656213502, 48.0309623401234, 47.6293518435882, 47.2155013210309, 46.7897750604866, 46.3525335876289, 45.9041328991558, 45.4449237874252, 44.9752512523832, 44.4954539962831, 44.0058639962971, 43.5068061498602, 42.998597987441, 42.4815494473896, 41.9559627075544, 41.4221320684699, 40.8803438830837, 40.3308765282019, 39.774000413076, 39.2099780208164, 
38.639063978602, 38.0615051529384, 37.477540766508, 36.8874025334391, 36.2913148101005, 35.6894947587938, 35.0821525219732, 34.4694914048636, 33.8517080645744, 33.2289927040194, 32.6015292691488, 31.9694956481801, 31.3330638716818, 30.6924003125138, 30.0476658847677, 29.3990162409736, 28.7466019669526, 28.0905687737959, 27.4310576865394, 26.7682052291863, 26.1021436057973, 25.4330008774352, 24.7609011348032, 24.0859646664659, 23.4083081225857, 22.7280446741415, 22.0452841676321, 21.3601332752913, 
20.6726956408668, 19.9830720210359, 19.2913604225449, 18.5976562351784, 17.9020523606706, 17.2046393376852, 16.5055054629967, 15.8047369090108, 15.1024178377693, 14.3986305115857, 13.6934554004629)"
8371,RUS,SEN,Senegalese Exclusive Economic Zone,-18.491628019390536,13.693455400462938,NA,NA,NA,96.62051012470491,61.962859093355945,NA,NA,"c(96.6205101247049, 94.9289567291218, 93.1913369030424, 91.408194165286, 89.580407976676, 87.7092210017598, 85.7962622593768, 83.8435646916466, 81.8535756682276, 79.8291590242856, 77.7735874215718, 75.6905241292902, 73.5839937408748, 71.4583418569208, 69.3181843420786, 67.1683473613971, 65.0137999678924, 62.8595814944061, 60.7107263503757, 58.5721890012482, 56.4487718957254, 54.3450589052157, 52.2653564724812, 50.2136441711739, 48.1935358045099, 46.2082515734857, 44.2606012735039, 42.3529779750125, 
40.4873612382382, 38.6653286199919, 36.8880740544174, 35.1564316212375, 33.4709032386659, 31.8316889135717, 30.2387183272882, 28.6916827113609, 27.1900661559225, 25.7331756802362, 24.3201695699965, 22.9500836425252, 21.6218552354144, 20.3343448252436, 19.0863552713149, 17.876648746691, 16.703961467648, 15.5670163657626, 14.4645338670468, 13.3952409524744, 12.3578786763069, 11.3512083148638, 10.3740163105273, 9.42511816521602, 8.50336142539487, 7.60762788777558, 6.73683514180138, 5.88993755227014, 
5.06592677332472, 4.26383187372465, 3.48271914291809, 2.72169163800214, 1.97988852319352, 1.25648424589968, 0.550687586831032, -0.138259384235681, -0.811082420515191, -1.46847625597039, -2.111105790446, -2.73960728712066, -3.35458957000748, -3.95663521160802, -4.54630170283758, -5.12412259903755, -5.69060863732034, -6.2462488216853, -6.79151147334102, -7.32684524449147, -7.85268009452417, -8.36942822809186, -8.87748499503135, -9.37722975242414, -9.86902668939285, -10.3532256154529, -10.830162713413, 
-11.3001612579484, -11.7635323010686, -12.2205753257625, -12.6715788691498, -13.1168211164878, -13.5565704673875, -13.9910860755898, -14.4206183636327, -14.8454095137186, -15.2656939360594, -15.6816987159435, -16.0936440407314, -16.5017436079461, -16.9062050155848, -17.3072301357378, -17.7050154725578, -18.0997525055849, -18.4916280193905, 61.9628590933559, 62.3762452135441, 62.7685508657952, 63.1388474599489, 63.4862081908313, 63.8097161134418, 64.1084730848158, 64.3816094650981, 64.6282944210275, 
64.8477466246265, 65.0392450919179, 65.2021398650842, 65.3358622110044, 65.4399339937267, 65.5139758815487, 65.5577140730528, 65.5709852709768, 65.5537396964229, 65.5060420148142, 65.4280701336748, 65.3201119240305, 65.1825600049883, 65.0159048082436, 64.8207262005795, 64.5976839842878, 64.3475076163835, 64.0709854880383, 63.7689540880963, 63.4422873423913, 63.0918863780707, 62.7186699136237, 62.3235654248557, 61.9075011880832, 61.4713992569312, 61.0161693900664, 60.5427039149106, 60.0518734871291, 
59.5445236871881, 59.02147238291, 58.4835077798618, 57.9313870786632, 57.3658356589511, 56.7875467129144, 56.1971812562511, 55.5953684504499, 54.9827061769372, 54.3597618104558, 53.7270731457592, 53.0851494380962, 52.4344725239, 51.7754979934992, 51.1086563925058, 50.4343544327955, 49.7529761977158, 49.0648843293502, 48.3704211883961, 47.6699099795072, 46.9636558368765, 46.2519468664218, 45.5350551422365, 44.8132376560263, 44.0867372190943, 43.3557833171056, 42.6205929183824, 41.8813712368766, 41.1383124512577, 
40.3916003817697, 39.6414091266469, 38.8879036599732, 38.1312403929066, 37.3715677002083, 36.6090264139922, 35.8437502865788, 35.0758664242824, 34.3054956938971, 33.5327531035775, 32.7577481597332, 31.9805852014754, 31.2013637140781, 30.4201786228316, 29.637120568591, 28.8522761662448, 28.0657282472532, 27.2775560873362, 26.4878356203235, 25.6966396391123, 24.9040379846189, 24.1100977235531, 23.314883315787, 22.518456772043, 21.720877802575, 20.9222039574723, 20.1224907591768, 19.3217918277614, 18.5201589994846, 
17.717642439102, 16.9142907463824, 16.1101510572507, 15.3052691399508, 14.4996894865971, 13.6934554004629)"
8371,CUW,SEN,Senegalese Exclusive Economic Zone,-18.491628019390536,13.693455400462938,NA,NA,NA,-68.9711936879736,12.195516754557731,NA,NA,"c(-68.9711936879736, -68.0650101060053, -67.1580248191692, -66.2502503885064, -65.3417002135883, -64.4323885223666, -63.5223303599284, -62.6115415761563, -61.7000388122922, -60.7878394864085, -59.8749617777928, -58.961424610252, -58.0472476343475, -57.1324512085742, -56.217056379497, -55.3010848608649, -54.3845590117207, -53.4675018135312, -52.5499368463622, -51.6318882641265, -50.7133807689358, -49.7944395845882, -48.8750904292289, -47.9553594872186, -47.0352733802519, -46.114859137767, -45.1941441666893, 
-44.2731562205574, -43.3519233680768, -42.4304739611523, -41.5088366024493, -40.5870401125367, -39.6651134966654, -38.7430859112363, -37.8209866300139, -36.8988450101428, -35.976690458023, -35.0545523951016, -34.13246022364, -33.2104432925128, -32.2885308630971, -31.3667520753094, -30.4451359138474, -29.5237111746928, -28.6025064319302, -27.6815500049384, -26.7608699260058, -25.8404939084229, -24.9204493151029, -24.0007631277795, -23.0814619168292, -22.1625718117639, -21.2441184724377, -20.3261270610098, 
-19.4086222147022, -18.4916280193905, 12.1955167545577, 12.3130793828284, 12.4276533518142, 12.5392073170563, 12.6477106607355, 12.7531335070177, 12.8554467372512, 12.9546220049936, 13.0506317508462, 13.1434492170708, 13.2330484619689, 13.3194043739966, 13.4024926855955, 13.4822899867142, 13.5587737379987, 13.6319222836293, 13.7017148637809, 13.7681316266851, 13.8311536402741, 13.8907629033823, 13.9469423564884, 13.9996758919768, 14.0489483638987, 14.0947455972159, 14.1370543965091, 14.1758625541339, 
14.2111588578095, 14.2429330976253, 14.2711760724506, 14.2958795957371, 14.3170365007007, 14.3346406448734, 14.3486869140162, 14.3591712253852, 14.3660905303434, 14.3694428163154, 14.3692271080782, 14.3654434683872, 14.3580929979363, 14.3471778346509, 14.3327011523167, 14.3146671585456, 14.2930810920843, 14.2679492194694, 14.2392788310373, 14.2070782362952, 14.171356758664, 14.1321247296017, 14.0893934821203, 14.0431753437091, 13.9934836286756, 13.9403326299226, 13.8837376101737, 13.8237147926666, 
13.7602813513299, 13.6934554004629)"
8371,BLZ,SEN,Senegalese Exclusive Economic Zone,-18.491628019390536,13.693455400462938,NA,NA,NA,-88.71010485642817,17.200275090154324,NA,NA,"c(-88.7101048564282, -87.7900713939234, -86.8688387920667, -85.9464395193, -85.022907425281, -84.0982777099096, -83.1725868899459, -82.2458727632401, -81.3181743706019, -80.3895319553458, -79.4599869205548, -78.5295817841145, -77.5983601315767, -76.6663665669179, -75.733646661269, -74.8002468996957, -73.8662146261191, -72.9315979864745, -71.9964458702069, -71.0608078502162, -70.1247341213647, -69.1882754376693, -68.2514830483025, -67.3144086325347, -66.3771042337526, -65.4396221926906, -64.5020150800205, 
-63.564335628441, -62.6266366644151, -61.6889710397044, -60.7513915628469, -59.8139509307301, -58.8767016604064, -57.9396960212993, -57.0029859679469, -56.0666230734263, -55.1306584635995, -54.1951427523207, -53.2601259777361, -52.3256575398082, -51.3917861391882, -50.4585597175557, -49.5260253995399, -48.5942294363285, -47.6632171510668, -46.7330328861395, -45.8037199524239, -44.875320580592, -43.947875874536, -43.0214257669801, -42.0960089773372, -41.171662971858, -40.2484239261146, -39.3263266898532, 
-38.4054047542405, -37.4856902215231, -36.567213777111, -35.6500046640889, -34.7340906601518, -33.8194980569557, -32.9062516418667, -31.9943746820848, -31.0838889111157, -30.1748145175545, -29.2671701361429, -28.360972841055, -27.4562381413632, -26.5529799786306, -25.6512107265731, -24.7509411927309, -23.8521806220863, -22.9549367025614, -22.0592155723266, -21.1650218288519, -20.2723585396261, -19.3812272544731, -18.4916280193905, 17.2002750901543, 17.3220229395938, 17.4395661537618, 17.5528689247577, 
17.6618965813844, 17.7666156154845, 17.866993707766, 17.9629997530616, 18.0546038849629, 18.1417774997776, 18.2244932797514, 18.3027252155028, 18.3764486276158, 18.4456401873414, 18.5102779363548, 18.5703413055224, 18.625811132631, 18.6766696790341, 18.7229006451758, 18.7644891849491, 18.8014219188557, 18.8336869459297, 18.8612738543973, 18.8841737310422, 18.9023791692531, 18.9158842757327, 18.924684675849, 18.9287775176157, 18.9281614742907, 18.922836745586, 18.9128050574857, 18.898069660672, 18.8786353275644, 
18.8545083479797, 18.8256965234236, 18.7922091600299, 18.7540570601659, 18.7112525127257, 18.663809282137, 18.6117425961112, 18.5550691321663, 18.4938070029599, 18.4279757404679, 18.3575962790506, 18.2826909374478, 18.2032833997478, 18.1193986953786, 18.0310631781685, 17.9383045045274, 17.8411516108018, 17.7396346898542, 17.6337851669246, 17.5236356748262, 17.4092200285333, 17.2905731992161, 17.1677312877804, 17.040731497967, 16.9096121090685, 16.7744124483188, 16.6351728630108, 16.4919346923971, 
16.3447402394276, 16.1936327423774, 16.0386563464148, 15.8798560751628, 15.7172778023004, 15.550968223252, 15.3809748270121, 15.2073458681469, 15.0301303390176, 14.8493779422637, 14.665139063586, 14.4774647448663, 14.2864066576567, 14.0920170770716, 13.8943488561142, 13.6934554004629)"
8371,GIN,SEN,Senegalese Exclusive Economic Zone,-18.491628019390536,13.693455400462938,NA,NA,NA,-10.940666116051297,10.436215933131065,NA,NA,"c(-10.9406661160513, -11.7708717073249, -12.6031293417865, -13.4375032488443, -14.274056472633, -15.1128508104761, -15.9539467496173, -16.7974034022307, -17.6432784387281, -18.4916280193905, 10.4362159331311, 10.8078002064523, 11.1771633285284, 11.5442216983819, 11.9088914332646, 12.2710883712052, 12.6307280749196, 12.9877258371395, 13.3419966874171, 13.6934554004629)"
8371,GCA,SEN,Senegalese Exclusive Economic Zone,-18.491628019390536,13.693455400462938,NA,NA,NA,NA,NA,NA,NA,"c(NA, -18.4916280193905, NA, 13.6934554004629)"
8371,PAN,SEN,Senegalese Exclusive Economic Zone,-18.491628019390536,13.693455400462938,NA,NA,NA,-80.1191515612474,8.51750797491118,NA,NA,"c(-80.1191515612474, -79.2348457843865, -78.3497500334979, -77.4638581259102, -76.5771646205786, -75.6896648272756, -74.8013548151648, -73.9122314207339, -73.0222922550651, -72.131535710419, -71.2399609661103, -70.3475679936531, -69.4543575611537, -68.5603312369299, -67.6654913923369, -66.769841203778, -65.8733846538829, -64.9761265318343, -64.0780724328253, -63.1792287566317, -62.2796027052838, -61.3792022798234, -60.4780362761333, -59.576114279829, -58.6734466602009, -57.7700445632, -56.8659199034604, 
-55.9610853553525, -55.0555543430652, -54.1493410297143, -53.2424603054789, -52.3349277747668, -51.4267597424155, -50.5179731989325, -49.6085858047869, -48.6986158737596, -47.7880823553681, -46.8770048163784, -45.9654034214237, -45.0532989127463, -44.1407125890876, -43.2276662837475, -42.3141823418392, -41.4002835967688, -40.4859933459683, -39.5713353259137, -38.6563336864633, -37.7410129645505, -36.8253980572695, -35.9095141943921, -34.9933869103574, -34.0770420157755, -33.1605055684895, -32.2438038442399, 
-31.3269633069784, -30.4100105788769, -29.4929724100805, -28.5758756482523, -27.6587472079599, -26.7416140399528, -25.824503100381, -24.9074413200045, -23.9904555734445, -23.0735726485258, -22.1568192157606, -21.2402217980228, -20.3238067404621, -19.4076001807048, -18.4916280193905, 8.51750797491118, 8.68597720353709, 8.85240711795845, 9.01675615694265, 9.17898313608335, 9.33904726062011, 9.49690813844107, 9.65252579326064, 9.80586067796392, 9.95687368810863, 10.1055261755746, 10.2517799623502, 10.3955973544447, 
10.5369411559145, 10.6757746829905, 10.8120617782937, 10.9457668251246, 11.0768547618131, 11.2052910961123, 11.3310419196212, 11.4540739222211, 11.5743544065068, 11.6918513021977, 11.8065331805089, 11.9183692684666, 12.0273294631465, 12.133384345819, 12.2365051959799, 12.336664005249, 12.4338334911145, 12.5279871105065, 12.6190990731763, 12.7071443548639, 12.7920987102324, 12.8739386855493, 12.952641631095, 13.0281857132784, 13.1005499264402, 13.1697141043232, 13.2356589311928, 13.2983659525861, 
13.3578175856737, 13.4139971292146, 13.466888773087, 13.5164776073792, 13.5627496310232, 13.6056917599561, 13.645291834794, 13.6815386280053, 13.714421850569, 13.7439321581065, 13.7700611564754, 13.7928014068142, 13.8121464300295, 13.8280907107157, 13.8406297005015, 13.8497598208156, 13.8554784650662, 13.8577840002314, 13.8566757678565, 13.8521540844558, 13.8442202413193, 13.8328765037244, 13.8181261095533, 13.7999732673196, 13.7784231536072, 13.7534819099277, 13.7251566390003, 13.6934554004629)"
8371,VCT,SEN,Senegalese Exclusive Economic Zone,-18.491628019390536,13.693455400462938,NA,NA,NA,-61.20129694969368,13.224722689966061,NA,NA,"c(-61.2012969496937, -60.2989476751765, -59.3959552565866, -58.4923390149114, -57.5881189464699, -56.6833157037674, -55.7779505753926, -54.8720454649755, -53.9656228692274, -53.0587058550893, -52.1513180360126, -51.2434835474032, -50.3352270212588, -49.4265735600326, -48.5175487097601, -47.6081784324842, -46.69848907802, -45.7885073550997, -44.8782603019404, -43.9677752562795, -43.057079824925, -42.1462018528665, -41.2351693919972, -40.3240106694969, -39.4127540559259, -38.5014280330838, -37.5900611616832, 
-36.6786820488942, -35.7673193158113, -34.8560015648976, -33.9447573474594, -33.0336151312062, -32.1226032679479, -31.2117499614843, -30.3010832357376, -29.3906309031815, -28.480420533616, -27.5704794233391, -26.6608345647646, -25.7515126165311, -24.8425398741512, -23.933942241243, -23.0257452013875, -22.1179737906539, -21.2106525708295, -20.303805603394, -19.3974564242708, -18.4916280193905, 13.2247226899661, 13.3125809152727, 13.3972525586405, 13.4787143460422, 13.5569438283393, 13.6319193937239, 
13.7036202798224, 13.7720265854414, 13.8371192819344, 13.89888022417, 13.9572921610825, 14.0123387457854, 14.0640045452299, 14.1122750493906, 14.1571366799614, 14.1985767985466, 14.2365837143294, 14.2711466912062, 14.3022559543715, 14.3299026963406, 14.3540790824002, 14.3747782554744, 14.391994340398, 14.4057224475887, 14.41595867611, 14.4227001161205, 14.4259448507026, 14.42569195707, 14.4219415071477, 14.4146945675276, 14.4039531987964, 14.389720454239, 14.3720003779191, 14.3507980021415, 14.3261193443001, 
14.2979714031187, 14.2663621542913, 14.231300545531, 14.192796491036, 14.1508608653848, 14.1055054968711, 14.0567431602916, 14.0045875692004, 13.9490533676447, 13.8901561213967, 13.8279123086984, 13.7623393105361, 13.6934554004629)"
8371,CHN,SEN,Senegalese Exclusive Economic Zone,-18.491628019390536,13.693455400462938,NA,NA,NA,103.81907314582409,36.56176537925268,NA,NA,"c(103.819073145824, 102.865653616457, 101.90073588605, 100.924192845612, 99.9359099428669, 98.9357863064936, 97.9237359059748, 96.8996887420607, 95.8635920619252, 94.8154115920831, 93.7551327811003, 92.6827620430606, 91.5983279916775, 90.5018826538706, 89.3935026505929, 88.2732903317206, 87.1413748509235, 85.9979131656688, 84.8430909468867, 83.6771233823952, 82.5002558579585, 81.3127644998955, 80.1149565634644, 78.9071706518748, 77.6897767517369, 76.4631760720459, 75.2278006754563, 73.9841128925887, 
72.7326045124466, 71.4737957446517, 70.2082339521218, 68.9364921559441, 67.6591673175005, 66.3768784062923, 65.0902642653302, 63.7999812893087, 62.5067009339875, 61.2111070781773, 59.9138932623838, 58.6157598304314, 57.3174110021971, 56.0195519068855, 54.7228856070246, 53.4281101435383, 52.1359156318528, 50.8469814380229, 49.5619734623644, 48.2815415560819, 47.0063170939546, 45.7369107233527, 44.473910306783, 43.2178790718915, 41.9693539794604, 40.7288443165211, 39.4968305183381, 38.2737632197767, 
37.060062533513, 35.8561175497381, 34.6622860494849, 33.4788944215074, 32.3062377707798, 31.1445802051717, 29.9941552856945, 28.8551666248894, 27.7277886174279, 26.6121672867925, 25.5084212319704, 24.4166426584022, 23.3368984779356, 22.2692314632197, 21.2136614427933, 20.1701865240489, 19.1387843322556, 18.1194132548742, 17.1120136814711, 16.1165092306126, 15.132807956179, 14.1608035265648, 13.2003763712106, 12.2513947898415, 11.3137160206499, 10.3871872644629, 9.47164666266232, 8.56692422729071, 
7.67284272236307, 6.7892184959338, 5.91586226292347, 5.05257983910974, 4.19917282702463, 3.35543925478677, 2.52117416913333, 1.69617018410628, 0.880217986999583, 0.0731068032865778, -0.725375177670628, -1.51544041427476, -2.29730165982534, -3.07117164323762, -3.83726278146599, -4.59578692177578, -5.34695511204444, -6.09097739732158, -6.82806264093321, -7.55841836847856, -8.28225063313414, -8.99976390075159, -9.71116095330723, -10.4166428093355, -11.1164086600532, -11.8106558199531, -12.4995796907201, 
-13.1833737373917, -13.8622294757557, -14.5363364700415, -15.2058823400286, -15.8710527767551, -16.5320315660672, -17.1890006193082, -17.8421400104963, -18.4916280193905, 36.5617653792527, 37.0210246496728, 37.4725648225951, 37.9161640200911, 38.3515970408566, 38.7786355581041, 39.1970483458554, 39.606601535035, 40.0070589006647, 40.3981821813304, 40.7797314319324, 41.1514654105359, 41.5131419999075, 41.8645186640572, 42.205352939801, 42.535402963017, 42.8544280288903, 43.1621891850311, 43.4584498559027, 
43.7429764965335, 44.0155392729873, 44.2759127665675, 44.5238766982146, 44.7592166690496, 44.9817249125194, 45.1912010531308, 45.3874528663246, 45.5702970336573, 45.7395598871344, 45.8950781362891, 46.0366995714333, 46.164283736439, 46.2777025644362, 46.3768409699528, 46.4615973912755, 46.5318842771695, 46.5876285125723, 46.6287717784495, 46.6552708416802, 46.6670977715906, 46.6642400805881, 46.6467007872263, 46.6144984009501, 46.5676668287021, 46.5062552045028, 46.4303276440202, 46.3399629270087, 
46.2352541112998, 46.1163080827536, 45.9832450462157, 45.8361979630649, 45.6753119413652, 45.5007435849569, 45.3126603080269, 45.1112396217966, 44.8966683999542, 44.6691421293501, 44.4288641522735, 44.1760449063487, 43.9109011677406, 43.6336553029539, 43.34453453406, 43.0437702217049, 42.7315971697492, 42.4082529548795, 42.0739772840213, 41.7290113818804, 41.3735974104584, 41.0079779219257, 40.6323953458053, 40.2470915110201, 39.8523072029932, 39.4482817556644, 39.0352526779931, 38.6134553142702, 
38.1831225373402, 37.7444844736578, 37.2977682589524, 36.8431978231594, 36.3809937031863, 35.9113728820205, 35.4345486526446, 34.9507305052097, 34.4601240359106, 33.9629308760277, 33.4593486396231, 32.9495708884208, 32.4337871124466, 31.912182725059, 31.384939071062, 30.8522334466563, 30.3142391300501, 29.7711254216215, 29.2230576925922, 28.6701974412403, 28.1127023557498, 27.5507263828591, 26.984419801535, 26.413929300962, 25.8393980621953, 25.2609658428818, 24.6787690645094, 24.0929409016925, 23.503611373053, 
22.9109074332964, 22.3149530661299, 21.7158693777028, 21.1137746902895, 20.5087846359666, 19.9010122500686, 19.2905680642328, 18.6775601988708, 18.0620944549303, 17.4442744048282, 16.8242014824601, 16.201975072208, 15.5776925968829, 14.9514496045574, 14.3233398542531, 13.6934554004629)"
8371,TWN,SEN,Senegalese Exclusive Economic Zone,-18.491628019390536,13.693455400462938,NA,NA,NA,120.95427281363104,23.753992794953852,NA,NA,"c(120.954272813631, 120.19144545056, 119.421827080446, 118.645226397768, 117.861451978725, 117.07031250228, 116.27161699502, 115.465175101156, 114.650797379026, 113.828295625447, 112.997483229259, 112.158175555349, 111.310190360411, 110.453348241633, 109.58747311939, 108.712392754926, 107.827939303835, 106.933949906012, 106.030267312508, 105.116740549471, 104.193225619109, 103.259586237234, 102.315694606634, 101.361432225043, 100.396690726091, 99.4213727510511, 98.4353928487018, 97.4386783999905, 
96.431170563588, 95.4128252377346, 94.3836140330919, 93.3435252505922, 92.2925648575449, 91.2307574545257, 90.1581472248481, 89.0747988577185, 87.9807984355191, 86.8762542750634, 85.7612977121524, 84.6360838183401, 83.5007920385182, 82.3556267377746, 81.2008176459859, 80.0366201887882, 78.8633156939604, 77.6812114628455, 76.4906406972583, 75.2919622733723, 74.0855603553528, 72.8718438430008, 71.6512456493763, 70.4242218062655, 69.1912503974162, 67.9528303216547, 66.709479890283, 65.4617352654802, 
64.2101487487651, 62.9552869308476, 61.697728716371, 60.4380632390499, 59.1768876845155, 57.9148050397178, 56.6524217889829, 55.3903455777371, 54.1291828654682, 52.8695365896792, 51.6120038624023, 50.3571737202756, 49.1056249482689, 47.8579239958956, 46.6146230032016, 45.3762579520179, 44.1433469559554, 42.9163887004481, 41.6958610418725, 40.482219772449, 39.2758975552932, 38.0773030317112, 36.8868201006377, 35.7048073680627, 34.5315977623949, 33.3674983100089, 32.2127900637306, 31.0677281757398, 
29.9325421053277, 28.8074359511303, 27.6925888968638, 26.5881557592041, 25.4942676262714, 24.4110325751718, 23.3385364572125, 22.2768437396993, 21.2259983936518, 20.186024817286, 19.1569287857163, 18.138698417983, 17.1313051532159, 16.1347047284645, 15.1488381514633, 14.1736326623321, 13.2090026789309, 12.2548507212837, 11.3110683111539, 10.3775368434837, 9.45412842699852, 8.54070669182781, 7.63712756249382, 6.74323999507823, 5.85888667778852, 4.98390469451311, 4.1181261512796, 3.26137876581456, 
2.41348642064816, 1.57426968041656, 0.743546274191004, -0.0788684561928221, -0.893161140713744, -1.69951999746942, -2.49813447945311, -3.28919495050133, -4.07289238907831, -4.84941811854728, -5.61896356257571, -6.3817200243297, -7.13787848813098, -7.88762944227608, -8.6311627217498, -9.36866736960351, -10.1003315158102, -10.8263422724546, -11.5468856441638, -12.2621464527322, -12.9723082749472, -13.6775533926681, -14.3780627542658, -15.0740159465758, -15.7655911765686, -16.452965261988, -17.1363136302523, 
-17.8158103249616, -18.4916280193905, 23.7539927949539, 24.3177867979033, 24.8777356593918, 25.4337033307725, 25.9855507505046, 26.5331357774568, 27.0763131276482, 27.6149343149545, 28.1488475963457, 28.6778979222712, 29.2019268928549, 29.7207727206094, 30.2342702004282, 30.7422506876661, 31.244542085163, 31.7409688401188, 32.2313519517718, 32.7155089908781, 33.1932541320313, 33.6643981998998, 34.1287487304905, 34.5861100485732, 35.036283362419, 35.4790668770148, 35.9142559269115, 36.3416431298523, 
36.7610185622962, 37.1721699579088, 37.5748829300288, 37.9689412190395, 38.3541269654698, 38.7302210095269, 39.0970032176139, 39.4542528362117, 39.8017488733098, 40.139270507343, 40.4665975233465, 40.7835107757658, 41.0897926770622, 41.3852277109389, 41.6696029686734, 41.9427087066976, 42.2043389232009, 42.4542919511697, 42.6923710649119, 42.9183850967585, 43.1321490602916, 43.333484776129, 43.5222214960087, 43.6981965206629, 43.8612558067686, 44.011254558113, 44.1480577960191, 44.2715409040556, 
44.381590142105, 44.4781031249826, 44.5609892610038, 44.6301701461666, 44.6855799099732, 44.7271655093276, 44.7548869674391, 44.768717555196, 44.7686439130703, 44.7546661122385, 44.7267976542551, 44.6850654092842, 44.629509493557, 44.5601830873763, 44.477152195618, 44.3804953532654, 44.2703032790563, 44.1466784808091, 44.0097348164075, 43.8595970147821, 43.696400161492, 43.5202891537166, 43.3314181295844, 43.1299498768143, 42.9160552256244, 42.6899124307674, 42.4517065474054, 42.2016288053302, 41.9398759857839, 
41.6666498048473, 41.382156307041, 41.0866052724452, 40.7802096402849, 40.4631849515648, 40.1357488129712, 39.7981203839003, 39.45051988812, 39.0931681512381, 38.7262861648336, 38.3500946778097, 37.9648138152554, 37.5706627248542, 37.1678592506554, 36.7566196338237, 36.3371582398154, 35.9096873112745, 35.4744167458256, 35.0315538978317, 34.5813034031079, 34.1238670255198, 33.6594435243488, 33.1882285412792, 32.71041450585, 32.2261905582068, 31.7357424880036, 31.2392526883187, 30.7369001234767, 30.2288603096988, 
29.7153053075447, 29.1964037251467, 28.6723207312849, 28.1432180773976, 27.6092541276699, 27.0705838963922, 26.5273590918309, 25.9797281659006, 25.4278363689777, 24.8718258092396, 24.311835515962, 23.74800150625, 23.1804568547191, 22.6093317656873, 22.0347536474722, 21.4568471884282, 20.8757344343908, 20.2915348672277, 19.704365484228, 19.1143408780866, 18.5215733172708, 17.9261728265778, 17.328247267716, 16.7279024197634, 16.1252420593779, 15.520368040649, 14.9133803744998, 14.3043773075624, 13.6934554004629
)"
8371,KOR,SEN,Senegalese Exclusive Economic Zone,-18.491628019390536,13.693455400462938,NA,NA,NA,127.83916086401786,36.385239834652,NA,NA,"c(127.839160864018, 127.137151925587, 126.422194962774, 125.693799386162, 124.951460038948, 124.194657132292, 123.422856261502, 122.635508516768, 121.832050703804, 121.0119056915, 120.174482905533, 119.319178988877, 118.445378652162, 117.552455738922, 116.639774532881, 115.706691336445, 114.752556351516, 113.776715895447, 112.778514986376, 111.757300333126, 110.712423765219, 109.643246138103, 108.549141747262, 107.429503282201, 106.283747347094, 105.111320568941, 103.911706306016, 102.684431959014, 
101.429076874284, 100.145280812697, 98.8327529389067, 97.4912812639895, 96.1207424497851, 94.721111856128, 93.2924736830024, 91.8350310293818, 90.3491156602392, 88.835197244361, 87.2938917999333, 85.7259690643492, 84.1323584914881, 82.5141535760112, 80.8726142120871, 79.2091668151452, 77.5254019709657, 75.8230694270992, 74.1040703067844, 72.3704465035977, 70.6243673033256, 68.8681133741842, 67.1040583628221, 65.3346484262113, 63.5623801130263, 61.7897770771567, 60.0193661560177, 58.2536533739372, 
56.4951004341648, 54.7461022417689, 53.0089659553165, 51.2858920008216, 49.5789574012817, 47.8901016843468, 46.2211155347825, 44.5736322628211, 42.9491220691426, 41.3488890061479, 39.7740704664044, 38.2256389745326, 36.7044060191332, 35.2110276364204, 33.7460114459831, 32.3097248399303, 30.9024040375755, 29.5241637366087, 28.1750071162116, 26.854835975758, 25.5634608227952, 24.3006107544008, 23.0659430055414, 21.8590520658124, 20.67947829128, 19.5267159607099, 18.4002207450471, 17.2994165756326, 
16.2237019103725, 15.1724554081449, 14.1450410303612, 13.1408125950911, 12.1591178137844, 11.1993018436804, 10.2607103907337, 9.34269239857309, 8.44460235883898, 7.56580227743851, 6.70566332995071, 5.86356723776859, 5.03890739468244, 4.23108977158944, 3.43953362492832, 2.66367203234805, 1.90295227706488, 1.15683610037991, 0.424799839940192, -0.29366553045358, -0.999054445351305, -1.69184686386669, -2.3725084464123, -3.04149078206245, -3.69923165782822, -4.34615536219218, -4.982673016213, -5.6091829263699, 
-6.22607095409023, -6.8337108975899, -7.4324648822689, -8.0226837564461, -8.60470748969658, -9.1788655714779, -9.7454774081034, -10.3048527164464, -10.8572919130452, -11.4030864975278, -11.9425194294914, -12.4758654981624, -13.0033916843223, -13.5253575141303, -14.0420154045896, -14.5536110005139, -15.0603835029352, -15.5625659889721, -16.0603857232428, -16.5540644609587, -17.0438187428827, -17.529860182374, -18.0123957447706, -18.4916280193905, 36.385239834652, 37.0801014003877, 37.7707492579809, 
38.4569963870893, 39.1386473265905, 39.8154977591365, 40.4873340822398, 41.1539329667499, 41.815060903884, 42.4704737423269, 43.1199162173212, 43.7631214741397, 44.3998105888664, 45.0296920900259, 45.6524614852869, 46.2678007982427, 46.8753781211308, 47.4748471903084, 48.0658469923395, 48.6480014096842, 49.2209189161856, 49.7841923338339, 50.3373986636144, 50.8800990046047, 51.4118385768319, 51.9321468647019, 52.4405378990001, 52.9365106964817, 53.4195498768358, 53.8891264772282, 54.3446989845988, 
54.7857146053023, 55.2116107904127, 55.6218170329431, 56.0157569502487, 56.3928506608922, 56.7525174601688, 57.0941787923007, 57.4172615100135, 57.7212014039063, 58.0054469748567, 58.2694634129323, 58.5127367362137, 58.7347780330121, 58.9351277416528, 59.1133598938436, 59.269086241208, 59.4019601803707, 59.5116803905221, 59.5979940990147, 59.6606998954732, 59.6996500231679, 59.7147520878074, 59.7059701380775, 59.67332508859, 59.6168944736619, 59.5368115386737, 59.4332636937465, 59.3064903712708, 
59.156780343628, 58.9844685696292, 58.7899326473238, 58.573588956644, 58.3358885778425, 58.0773130710051, 57.7983701984066, 57.4995896655857, 57.1815189492599, 56.8447192711442, 56.4897617669251, 56.1172238895717, 55.7276860762793, 55.3217286989887, 54.899929309868, 54.4628601855775, 54.0110861676461, 53.54516279092, 53.0656346877673, 52.5730342524853, 52.0678805480526, 51.5506784359057, 51.0219179086554, 50.4820736055011, 49.931604490409, 49.3709536738049, 48.8005483594923, 48.2207998996574, 47.6321039420991, 
47.034840655159, 46.4293750171869, 45.8160571587159, 45.1952227468167, 44.5671934023298, 43.9322771418273, 43.2907688372222, 42.6429506869181, 41.9890926932786, 41.3294531419925, 40.6642790796229, 39.9938067862566, 39.3182622407297, 38.6378615763883, 37.9528115257674, 37.2633098529383, 36.5695457725866, 35.8717003551535, 35.1699469176006, 34.4644513995489, 33.7553727247059, 33.0428631476246, 32.3270685859502, 31.608128938397, 30.8861783887693, 30.1613456963961, 29.4337544733922, 28.7035234491883, 
27.9707667227978, 27.2355940033005, 26.4981108390327, 25.7584188359754, 25.016615865832, 24.2727962642805, 23.5270510198788, 22.7794679540898, 22.0301318928836, 21.2791248303602, 20.5265260848199, 19.7724124476991, 19.0168583257692, 18.2599358769849, 17.5017151403518, 16.7422641601683, 15.9816491049831, 15.219934381596, 14.4571827444138, 13.6934554004629)"
8371,AGO,SEN,Senegalese Exclusive Economic Zone,-18.491628019390536,13.693455400462938,NA,NA,NA,17.537367681548826,-12.293360543793668,NA,NA,"c(17.5373676815488, 16.7972548805522, 16.0598717764098, 15.3250976068051, 14.5928115011564, 13.8628925118093, 13.135219641297, 12.4096718659077, 11.6861281557906, 10.9644674918291, 10.2445688795004, 9.52631135993769, 8.80957401840323, 8.09423599037683, 7.38017646545731, 6.66727468927064, 5.95540996357352, 5.24446164473576, 4.53430914078274, 3.82483190717312, 3.11590944148585, 2.4074212771861, 1.69924697663828, 0.991266123531318, 0.28335831488107, -0.424596847228287, -1.13271976400054, -1.8411308482205, 
-2.54995053232091, -3.25929927606114, -3.96929757365348, -4.68006596017179, -5.39172501707532, -6.10439537667793, -6.81819772539055, -7.53325280556075, -8.24968141573055, -8.96760440912891, -9.68714269021177, -10.4084172090567, -11.1315489534154, -11.8566589382218, -12.5838681923464, -13.3132977423855, -14.0450685932628, -14.7793017054208, -15.516117968368, -16.2556381703455, -16.9979829638702, -17.7432728269031, -18.4916280193905, -12.2933605437937, -11.7870403225352, -11.2788154179747, -10.7687767417766, 
-10.2570143138153, -9.74361730031652, -9.22867405257676, -8.71227214620177, -8.19449842080567, -7.67543902012092, -7.15517943247205, -6.6338045315707, -6.11139861759357, -5.58804545850859, -5.06382833161764, -4.53883006528773, -4.01313308084484, -3.48681943460778, -2.9599708600411, -2.43266881000849, -1.90499449911007, -1.37702894608779, -0.848853016285389, -0.320547464149698, 0.207807024238633, 0.736129788616765, 1.26434015198443, 1.79235737805313, 2.32010062871073, 2.84748892151292, 3.3744410872133, 
3.90087572734524, 4.42671117186883, 4.95186543689826, 5.47625618252582, 5.99980067076116, 6.52241572360563, 7.04401768128432, 7.56452236066086, 8.0838450138626, 8.60190028714679, 9.11860218004209, 9.63386400480287, 10.1475983462179, 10.6597170218193, 11.1701310425414, 11.6787505738856, 12.1854848976497, 12.6902423742894, 13.1929304059808, 13.6934554004629)"
8371,COM,SEN,Senegalese Exclusive Economic Zone,-18.491628019390536,13.693455400462938,NA,NA,NA,43.68253968476782,-11.877834435528063,NA,NA,"c(43.6825396847678, 42.8331304027306, 41.9856432999687, 41.1400341104322, 40.2962572989041, 39.4542661116024, 38.6140126260267, 37.7754478000184, 36.9385215200082, 36.103182648431, 35.2693790702942, 34.4370577388897, 33.6061647206449, 32.7766452391134, 31.9484437181104, 31.121503824, 30.2957685071493, 29.4711800425643, 28.6476800697279, 27.8252096316627, 27.0037092132454, 26.1831187788014, 25.3633778090103, 24.5444253371575, 23.7261999847667, 22.9086399966517, 22.0916832754287, 21.2752674155271, 
20.4593297367466, 19.6438073174008, 18.8286370270951, 18.0137555591842, 17.1990994629581, 16.3846051756034, 15.5702090539886, 14.7558474063237, 13.9414565237434, 13.1269727118624, 12.3123323223543, 11.4974717846029, 10.6823276374758, 9.86683656126911, 9.05093540987286, 8.23456124320475, 7.41765135995973, 6.60014333072226, 5.78197503148672, 4.96308467763038, 4.14341085838214, 3.32289257182862, 2.50146926049763, 1.67908084755712, 0.855667773665942, 0.0311710345104927, -0.794467780941574, -1.62130645144063, 
-2.44940208368197, -3.27881107173619, -4.10958905566343, -4.94179087929459, -5.77547054716632, -6.61068118060106, -7.4474749729265, -8.28590314383453, -9.12601589288306, -9.96786235215029, -10.8114905380547, -11.6569473023612, -12.504278282398, -13.353527850515, -14.2047390628221, -15.0579536072499, -15.9132117509838, -16.7705522873288, -17.6300124820683, -18.4916280193905, -11.8778344355281, -11.5618058839326, -11.2433103263458, -10.9224228919368, -10.5992186408176, -10.273772554664, -9.94615952842844, 
-9.61645436310882, -9.28473175953894, -8.95106631316528, -8.6155325097741, -8.27820472213307, -7.93915720751109, -7.59846410603986, -7.25619943988094, -6.91243711316184, -6.56725091264471, -6.22071450909161, -5.87290145929006, -5.52388520870321, -5.17373909470862, -4.82253635039069, -4.47035010885097, -4.11725340800187, -3.76331919580892, -3.40862033594698, -3.05322961383669, -2.69721974302684, -2.34066337188909, -1.98363309059199, -1.62620143832051, -1.26844091070845, -0.910423967450896, -0.552223040063836, 
-0.193910539758448, 0.164441134602242, 0.522759588497038, 0.880972423722554, 1.23900723038422, 1.59679157893439, 1.95425301228994, 2.31131903806204, 2.6679171209304, 3.02397467519484, 3.37941905753684, 3.73417756002428, 4.08817740339244, 4.44134573063454, 4.7936096009358, 5.14489598398445, 5.4951317546943, 5.84424368837276, 6.19215845636941, 6.53880262223981, 6.88410263845969, 7.22798484372517, 7.57037546087433, 7.91120059546647, 8.25038623505463, 8.58785824918795, 8.92354239017993, 9.25736429467935, 
9.58924948607972, 9.91912337780418, 10.2469112775018, 10.5725383921912, 10.8959298343878, 11.2170106292495, 11.5357057227759, 11.8519399910961, 12.1656382508773, 12.4767252708883, 12.7851257847494, 13.0907645048992, 13.3935661378074, 13.6934554004629)"
8371,CPV,SEN,Senegalese Exclusive Economic Zone,-18.491628019390536,13.693455400462938,NA,NA,NA,-23.959888202551785,15.955233242141452,NA,NA,"c(-23.9598882025518, -23.1716055616804, -22.3857567576304, -21.6023033657908, -20.8212055752257, -20.0424222419767, -19.2659109413852, -18.4916280193905, 15.9552332421414, 15.6402020539407, 15.3223640001341, 15.0017873913117, 14.6785403669574, 14.3526908841812, 14.0243067076182, 13.6934554004629)"
8371,CIV,SEN,Senegalese Exclusive Economic Zone,-18.491628019390536,13.693455400462938,NA,NA,NA,-5.569215699797334,7.628426202354197,NA,NA,"c(-5.56921569979733, -6.3629059881782, -7.15813021780954, -7.95496112624662, -8.75347077526303, -9.55373050626608, -10.355810894079, -11.1597816990387, -11.9657118173613, -12.7736692297342, -13.5837209480966, -14.3959329605748, -15.2103701745492, -16.0270963578291, -16.8461740779256, -17.6676646394141, -18.4916280193905, 7.62842620235419, 8.02169121254171, 8.41343404587565, 8.80357615448007, 9.19203869701663, 9.57874253038807, 9.96360820229441, 10.3465559446913, 10.7275056682013, 11.1063769575296, 
11.4830890679369, 11.8575609228243, 12.2297111124826, 12.5994578940652, 12.9667191928365, 13.3314126047575, 13.6934554004629)"
8371,GHA,SEN,Senegalese Exclusive Economic Zone,-18.491628019390536,13.693455400462938,NA,NA,NA,-1.2167656580729072,7.953456435414082,NA,NA,"c(-1.21676565807292, -2.06571147650422, -2.91597977997225, -3.76761431147088, -4.62065787585425, -5.47515229892946, -6.33113838613363, -7.18865588081979, -8.04774342217974, -8.90843850283716, -9.77077742614858, -10.6347952632543, -11.5005258099267, -12.3680015432679, -13.2372535783145, -14.108311624611, -14.9812039428199, -15.8559573014417, -16.7325969337216, -17.6111464948282, -18.4916280193905, 7.95345643541408, 8.26147876083547, 8.56770963415603, 8.87207872762275, 9.17451570518271, 9.47495022952123, 
9.77331196990414, 10.0695306108509, 10.3635358616629, 10.6552574668325, 10.9446252173558, 11.2315689629711, 11.5160186253465, 11.7979042122342, 12.0771558326131, 12.3537037128355, 12.6274782137938, 12.898409849123, 13.1664293044496, 13.4314674576979, 13.6934554004629)"
8371,GMB,SEN,Senegalese Exclusive Economic Zone,-18.491628019390536,13.693455400462938,NA,NA,NA,-15.396012946305518,13.449652435193675,NA,NA,"c(-15.3960129463055, -16.1693136449086, -16.9430253368523, -17.7171346813521, -18.4916280193905, 13.4496524351937, 13.5141746541495, 13.5763241954516, 13.6360884830328, 13.6934554004629)"
8371,GNB,SEN,Senegalese Exclusive Economic Zone,-18.491628019390536,13.693455400462938,NA,NA,NA,-14.949724445917171,12.047449481485895,NA,NA,"c(-14.9497244459172, -15.6544274638886, -16.3609256198709, -17.0692629796576, -17.7794829047832, -18.4916280193905, 12.0474494814859, 12.3804004815819, 12.7115317837381, 13.0407882889582, 13.3681146756475, 13.6934554004629)"
