year,flag,vessels_total,fishing_hours_total,fishing_KWh_total,fishing_days_total
2019,NA,2711,219328.53972222217,108249062.99884838,17951
2019,AFG,3,NA,NA,NA
2019,AGO,27,11652.051805555551,6864303.875606557,1022
2019,AIA,2,170.1395833333333,282073.00033954176,35
2019,ALB,64,11137.127638888887,4148565.6368307555,936
2019,ARE,3,NA,NA,NA
2019,ARG,339,213387.07833333308,216020777.6386168,16021
2019,ARM,1,8.303055555555556,1583.0407592012064,1
2019,ATF,2,1199.4833333333502,2858967.6700542592,84
2019,ATG,1,NA,NA,NA
2019,AUS,295,96365.505138889,48986929.94320857,7231
2019,AZE,1,NA,NA,NA
2019,BEL,77,52283.45777777781,35569754.69815355,4442
2019,BEN,1,NA,NA,NA
2019,BES,2,578.4362499999994,548589.8894252179,41
2019,BGR,59,12831.663472222228,2966575.6781813614,1637
2019,BHR,151,8171.032361111108,2477382.2177059203,1413
2019,BHS,1,20.410555555555554,180463.67427463477,2
2019,BLZ,26,6547.776111111108,9824590.055322126,671
2019,BMU,4,11.709861111111113,2338.4238360752997,8
2019,BRA,136,78256.24500000001,29318644.724349964,5089
2019,BRB,3,NA,NA,NA
2019,BRN,1,NA,NA,NA
2019,BTN,4,NA,NA,NA
2019,CAF,1,NA,NA,NA
2019,CAN,828,118166.72736111117,123112697.47764742,9041
2019,CHL,87,37211.700416666325,68586246.62803994,3283
2019,CHN,46876,5121600.38375004,2169479601.69764,550158
2019,CIV,2,2245.167500000002,1947176.4778128234,137
2019,CMR,5,5665.92444444445,3668578.2959337397,303
2019,COG,4,11.479444444444443,9319.728749372895,6
2019,COK,15,10619.556527777784,5995955.110717944,606
2019,COL,16,6816.044027777769,16607505.015345605,822
2019,COM,4,1203.9279166666668,1944922.7013018362,134
2019,CPV,1,0.7447222222222223,649.3179424426241,2
2019,CRI,4,50.62833333333333,101953.71150083144,12
2019,CUW,9,2258.7173611111075,6687963.7277539205,286
2019,CXR,2,816.2669444444447,334951.3860324101,40
2019,CYM,3,30.679027777777783,112890.46571656117,7
2019,CYP,32,12327.782083333368,12813831.415735947,895
2019,DEU,242,59434.26027777775,64298637.16662458,5330
2019,DJI,1,124.86791666666667,213093.89456020406,26
2019,DNK,469,213186.48930555553,158666272.1914731,20542
2019,DZA,8,104.45500000000001,47084.192325063166,13
2019,ECU,50,7820.644861111115,12465231.145591233,1118
2019,EGY,3,108.05208333333334,41566.89645051205,18
2019,ESP,1772,745442.7904166663,260417446.0764653,82361
2019,EST,33,23212.37666666671,38380754.54777501,1945
2019,FIN,38,17353.741666666683,15125515.502575777,1610
2019,FJI,47,62820.07194444452,29297441.32610364,3434
2019,FLK,15,16114.18958333323,37174535.90819737,989
2019,FRA,1062,566927.0484722224,272047038.4035314,49599
2019,FRO,108,105781.76958333333,140859806.11170685,6121
2019,FSM,33,23241.425277777773,30928005.39050666,2227
2019,GBR,1224,491000.2723611115,208817328.11092332,41572
2019,GCA,1,87.97138888888888,307218.7668193694,20
2019,GEO,25,3324.807222222222,6331163.947107181,547
2019,GHA,83,30759.66694444444,28317601.68201312,3097
2019,GIB,4,11.17763888888889,4016.4074946274723,4
2019,GIN,5,3025.801249999998,3277860.3604143076,167
2019,GMB,3,54.06625,10140.101819827072,7
2019,GNB,9,10472.205416666653,33266092.317638166,708
2019,GNQ,6,1861.125833333331,1800053.4935493744,162
2019,GRC,388,105990.8958333334,29676993.741361205,10449
2019,GRL,36,23648.66652777774,16728977.116060374,1861
2019,GTM,5,450.45583333333263,1567771.2991015208,73
2019,GUF,10,5170.235416666667,3117853.9947189535,280
2019,GUY,1,12.447500000000002,9176.207602144623,4
2019,HKG,23,2395.0547222222203,1439310.0331331533,326
2019,HND,1,NA,NA,NA
2019,HRV,232,71491.01874999997,33930692.5465283,6769
2019,HTI,3,14.842222222222222,11088.845983062944,4
2019,HUN,1,680.1119444444435,295117.78929546045,49
2019,IDN,48,7266.67972222222,3782762.8305323906,627
2019,IND,252,48319.65833333333,15206901.737034997,4085
2019,IRL,253,112784.65222222228,52139752.27497862,8122
2019,IRN,30,2676.0804166666667,1933848.8436761983,206
2019,IRQ,1,193.19027777777774,47314.89253915736,15
2019,ISL,1062,215170.67708333308,239254847.83925468,21649
2019,ISR,15,6705.482777777777,1556779.5738536974,536
2019,ITA,1413,682363.3311111107,202958250.26612338,64023
2019,JAM,4,NA,NA,NA
2019,JPN,1469,506938.5333333327,317036521.2672753,53013
2019,KEN,3,1761.7770833333295,848833.7212852298,127
2019,KHM,1,NA,NA,NA
2019,KIR,12,2362.285416666659,6396371.364659039,307
2019,KNA,6,1104.098888888889,2620987.955091763,107
2019,KOR,2732,808789.6788888869,450807496.35525405,84644
2019,LBN,1,NA,NA,NA
2019,LBR,3,595.7959722222221,645605.9963373382,62
2019,LBY,17,324.7968055555556,170074.131417408,35
2019,LIE,4,28.545833333333338,2842.9651243786493,8
2019,LKA,126,42797.000416666684,15464128.777304458,2968
2019,LTU,27,11209.96027777784,19816903.7053094,852
2019,LVA,55,14308.794305555532,5153715.511358618,1822
2019,MAR,55,55463.038611111115,29563829.602630224,3586
2019,MDA,1,NA,NA,NA
2019,MDG,11,10562.95249999999,3310851.9560904666,665
2019,MEX,34,13580.152638888887,40074580.879965216,1647
2019,MHL,14,5165.20763888889,9716868.305442333,602
2019,MLT,78,7966.538055555554,2831684.557154117,1190
2019,MNE,13,2407.24875,413487.4885849935,215
2019,MNG,7,463.5772222222222,195793.4457771166,52
2019,MOZ,17,14225.929166666638,9555396.977549156,756
2019,MRT,8,5583.397083333324,4309984.74631923,463
2019,MTQ,1,42.17166666666667,11819.945805534151,5
2019,MUS,38,14179.9975,6931641.820568046,1122
2019,MWI,1,NA,NA,NA
2019,MYS,197,65972.25861111112,19250051.292855132,7695
2019,NAM,66,64350.518888888735,69966143.08094284,3661
2019,NCL,20,15140.250694444443,5269546.600276509,1008
2019,NER,1,NA,NA,NA
2019,NGA,13,7514.14722222222,6887788.216587252,456
2019,NIC,3,602.9376388888895,1731173.8199255567,70
2019,NIU,2,NA,NA,NA
2019,NLD,494,193523.1655555556,161732717.6076705,18586
2019,NOR,2713,481170.7472222236,565207166.588945,62121
2019,NRU,3,1071.1681944444451,4026296.6181279696,143
2019,NZL,104,88072.09666666602,135988790.28759736,5757
2019,OMN,1,5.171388888888889,2573.64592370803,1
2019,PAN,29,4942.49791666665,4897215.090158646,522
2019,PCN,3,NA,NA,NA
2019,PER,126,13983.421250000003,15315258.970858445,2530
2019,PHL,24,2167.313333333332,5535237.071029347,258
2019,PLW,5,626.1376388888888,608155.5200935331,59
2019,PNG,26,10411.070972222233,24054899.98952714,1192
2019,POL,172,49824.4808333333,26944526.98232448,5244
2019,PRK,3,57.61069444444446,15189.172726164286,5
2019,PRT,396,173908.82763888864,77509299.74634935,17454
2019,PSE,3,619.848888888889,198812.29212404895,44
2019,PYF,9,6694.9279166666565,3041316.600900764,449
2019,QAT,90,17364.350416666668,3278720.385198525,1482
2019,REU,14,3716.8809722222163,3314193.8897794336,369
2019,ROM,3,131.94388888888892,28377.0326388889,19
2019,ROU,5,65.48847222222224,23188.447361588558,24
2019,RUS,705,693351.155694443,1534223333.0078723,43010
2019,RWA,1,NA,NA,NA
2019,SAU,4,30.129999999999995,8131.394644982593,8
2019,SEN,45,56562.69694444447,34341708.045959234,3382
2019,SGP,32,3460.979166666667,926521.0806579497,664
2019,SHN,7,1093.8834722222114,1027982.2960654647,122
2019,SLB,9,1816.889444444444,5120536.231083335,206
2019,SLE,1,NA,NA,NA
2019,SLV,7,668.2922222222226,2212885.8952134317,96
2019,SMR,1,NA,NA,NA
2019,SOM,10,222.2243055555557,78892.1944090175,22
2019,SPM,3,628.97819444444394,435766.4764308727,64
2019,SRB,1,271.5337499999997,51202.25244371603,21
2019,STP,2,239.62263888888884,79471.6736017396,12
2019,SVK,1,NA,NA,NA
2019,SVN,8,1820.691388888889,305057.96862310765,358
2019,SWE,234,62442.40861111108,38616804.14190831,7211
2019,SWZ,1,NA,NA,NA
2019,SYC,59,57145.357222222236,51170998.2506098,3290
2019,SYR,1,NA,NA,NA
2019,TCA,1,32.96208333333333,16069.430728097193,3
2019,THA,44,9433.703888888878,3872311.227845221,975
2019,TTO,2,NA,NA,NA
2019,TUN,18,1237.1801388888885,611942.012630095,132
2019,TUR,715,78543.66888888892,21026963.866459753,10902
2019,TUV,1,14.071805555555558,37433.824643804954,3
2019,TWN,1981,1267145.9187499988,912473576.5425258,85314
2019,TZA,3,589.0145833333315,596603.9856764019,52
2019,UKR,11,5651.328749999957,14523194.88361487,431
2019,UNK,2,2371.102083333339,6955710.111849167,124
2019,URY,51,36803.878611111126,21329081.977111507,2603
2019,USA,2959,543339.2127777782,339152852.14150345,41734
2019,VAT,1,NA,NA,NA
2019,VCT,7,6642.53791666666,7558914.806879661,343
2019,VEN,28,4446.618611111112,5166997.351820897,422
2019,VGB,2,26.39097222222222,1347.1996668518586,16
2019,VNM,69,7416.732361111111,1782109.3492335656,672
2019,VUT,66,74419.70805555553,68842050.78682896,4684
2019,WLF,1,NA,NA,NA
2019,WSM,1,65.25944444444445,28418.167853577732,6
2019,YEM,1,663.5733333333334,121785.13506592522,45
2019,ZAF,263,143228.4319444442,97439593.73845732,9807
2018,NA,2203,674150.4541666673,350016316.7143687,46313
2018,AFG,5,666.8941666666677,329443.9350934312,66
2018,AGO,29,81969.34805555562,45142267.80046852,4949
2018,AIA,3,429.6438888888885,696267.6128747733,92
2018,ALB,73,23471.36013888889,9315303.533425286,1820
2018,ARE,3,NA,NA,NA
2018,ARG,358,588039.6197222266,581929333.174667,41436
2018,ARM,1,NA,NA,NA
2018,ATF,4,696.8015277777855,1174257.5490843249,68
2018,ATG,3,14.355833333333331,6003.359611168167,2
2018,AUS,326,304778.593611111,154514695.75088915,21424
2018,AUT,1,NA,NA,NA
2018,AZE,2,NA,NA,NA
2018,BDI,1,NA,NA,NA
2018,BEL,85,141547.05680555562,88808621.46007349,12568
2018,BEN,2,NA,NA,NA
2018,BES,2,963.493472222222,1185556.4991642968,111
2018,BGR,63,24711.78638888889,5964500.8825140335,3396
2018,BHR,420,122966.73861111117,45838759.14972955,18031
2018,BHS,2,NA,NA,NA
2018,BLZ,25,18496.42902777794,33559805.83914075,1852
2018,BMU,5,864.6569444444458,1174903.9396034218,68
2018,BOL,1,48.623888888888864,13035.561729996058,4
2018,BRA,163,218954.13069444458,81503423.98968658,13655
2018,BRB,2,NA,NA,NA
2018,BRN,1,NA,NA,NA
2018,BTN,4,NA,NA,NA
2018,CAF,1,NA,NA,NA
2018,CAN,885,381739.31555555563,366596808.73256433,29054
2018,CHE,2,1179.543472222221,784255.8949566425,80
2018,CHL,93,83660.88402777906,152836535.96209395,8001
2018,CHN,63618,18838842.565710034,6786685069.593517,1964212
2018,CIV,2,5875.021250000006,5308673.854027792,416
2018,CMR,4,14825.142222222166,8500326.336480118,790
2018,COG,3,30.515833333333337,14300.87581248816,6
2018,COK,17,38639.210833333156,20376717.266245894,2114
2018,COL,17,15371.516666666645,38273363.73280186,1615
2018,COM,6,3405.9909722222237,3603669.358948208,305
2018,CRI,4,150.35263888888886,302775.3149158863,22
2018,CUW,10,6811.47013888889,23637105.93136517,977
2018,CXR,1,376.26527777777767,154398.72601151754,19
2018,CYM,3,28.526944444444442,107701.21555752822,4
2018,CYP,36,30819.881388889447,27137222.197908007,2589
2018,DEU,264,208954.66291666677,211386647.83881336,20075
2018,DJI,3,712.5749999999999,226335.72842121933,51
2018,DNK,504,601597.9948611113,455091512.0713099,57507
2018,DZA,9,668.4034722222223,305336.69415311195,92
2018,ECU,58,19655.930416666633,29646603.227915704,2335
2018,EGY,5,83.26138888888889,33809.853032193605,17
2018,ESP,1851,2150799.651111116,753436876.1865486,233141
2018,EST,33,51779.23875000036,87491748.1990836,4456
2018,FIN,46,44971.472222222226,38362983.12849049,3936
2018,FJI,54,181905.75208333423,79396781.08152694,9850
2018,FLK,17,46425.15888888849,97271992.71857381,2777
2018,FRA,1113,1667191.3479166667,786602622.8474053,142355
2018,FRO,117,288761.917083333,375719777.8719099,16653
2018,FSM,34,62549.58472222252,78463379.54816575,5702
2018,GAB,1,NA,NA,NA
2018,GBR,1366,1431683.409444443,604752083.7867628,121030
2018,GCA,1,306.70263888888894,1071084.6752539084,57
2018,GEO,29,4412.596388888891,1691478.0870177832,800
2018,GHA,96,98000.9366666666,83700186.74319886,9324
2018,GIB,4,26.704305555555553,9595.530329645231,13
2018,GIN,5,8099.550000000095,10877091.645514801,486
2018,GMB,5,1230.099027777778,220272.70180600762,90
2018,GNB,10,18878.356388889148,58690928.598045364,1384
2018,GNQ,15,7926.146944445247,6878915.7629783545,835
2018,GRC,425,314806.2848611112,88849697.55115412,30139
2018,GRL,42,55424.82125000054,53444283.383616075,4284
2018,GTM,5,1609.5351388889012,5662621.245447981,253
2018,GUF,8,13235.22708333332,7832816.964644927,712
2018,GUY,1,48.492777777777775,35748.52750299693,9
2018,HKG,39,5672.527222222225,2437401.273038647,676
2018,HND,2,44.453888888888876,7371.923278470097,6
2018,HRV,249,221190.7024999998,98744498.68650879,23344
2018,HTI,2,394.1394444444444,294467.4678668209,23
2018,HUN,2,1827.1712500000012,792855.8590522913,100
2018,IDN,67,23268.53208333334,12010911.425954763,1859
2018,IND,304,138586.47055555545,47697014.130422376,11096
2018,IRL,266,334154.1195833332,136451793.3865781,23684
2018,IRN,49,31330.52250000004,20347272.17447311,2145
2018,IRQ,1,NA,NA,NA
2018,ISL,1129,636744.1037500021,753795531.2310692,64217
2018,ISR,21,23312.808611111104,5372276.455722456,1661
2018,ITA,1491,1999263.2500000028,592168404.4274064,185054
2018,JAM,4,9.023194444444442,19589.61037551733,2
2018,JOR,1,204.99958333333342,89775.32351066593,17
2018,JPN,1551,1691424.3691666687,1044301744.141195,158006
2018,KAZ,1,943.3408333333333,396679.8569477135,57
2018,KEN,3,2427.427361111112,905799.5802774266,178
2018,KGZ,1,NA,NA,NA
2018,KHM,1,3426.520416666695,3170321.5011022934,181
2018,KIR,12,9620.803333333293,26595710.892253913,1153
2018,KNA,15,4612.8933333333325,5506449.585638689,522
2018,KOR,2902,1966405.6079166841,1147611300.0653574,200349
2018,LBN,1,NA,NA,NA
2018,LBR,2,17.68583333333334,7144.186755554608,2
2018,LBY,21,1283.7023611111108,724012.033807114,143
2018,LIE,2,83.0009722222222,8266.31566722401,15
2018,LKA,149,156397.8233333332,60382911.453320205,9555
2018,LTU,32,35622.91944444462,71427173.82848844,2596
2018,LUX,1,NA,NA,NA
2018,LVA,61,55977.022222222215,27245292.233066242,6516
2018,MAR,57,169713.4729166667,90086903.01071328,10921
2018,MDA,1,NA,NA,NA
2018,MDG,14,27843.291111111146,9698208.859950949,1838
2018,MDV,1,NA,NA,NA
2018,MEX,36,34809.2620833333,102121140.05978313,4071
2018,MHL,17,17021.571250000008,26485248.361886684,1732
2018,MLT,81,32007.25319444444,10336811.981653761,4290
2018,MNE,14,6615.481527777778,1439253.1310067535,609
2018,MNG,6,3451.5084722222223,1466784.5797271975,311
2018,MOZ,21,49331.30805555594,34337059.91577745,2610
2018,MRT,10,18502.871388888918,9652567.897667691,1361
2018,MSR,1,NA,NA,NA
2018,MTQ,1,NA,NA,NA
2018,MUS,44,49146.700555555544,22053795.48621694,3270
2018,MWI,1,NA,NA,NA
2018,MYS,320,173793.65569444443,65788436.37605686,16594
2018,NAM,69,160397.72500000076,195136826.5093281,9435
2018,NCL,20,44350.8848611111,15961628.04555315,3090
2018,NER,1,NA,NA,NA
2018,NGA,13,20063.827777777766,17776780.833568603,1079
2018,NIC,6,2094.1844444444496,5579292.603109409,207
2018,NIU,1,NA,NA,NA
2018,NLD,510,656695.7025,437368375.4572654,60609
2018,NOR,2860,1138600.515277779,1502110690.1272426,136017
2018,NRU,3,324.27916666666613,995716.9985460236,35
2018,NZL,111,205473.76305555864,292673208.03699434,14246
2018,OMN,1,184.53513888888887,91837.63166655326,17
2018,PAK,1,18.169583333333332,2571.2409284309542,6
2018,PAN,37,13704.992777777985,14138032.47043812,1326
2018,PCN,3,NA,NA,NA
2018,PER,131,49813.04444444446,55335680.21007429,9378
2018,PHL,29,10382.210555555546,25375261.617071442,1261
2018,PLW,7,1522.6388888888896,1373447.7614368077,94
2018,PNG,30,34507.95583333326,83797378.9714496,3949
2018,POL,182,125662.09486111118,71755436.51160492,12906
2018,PRI,1,0.7245833333333334,309.80074222302267,1
2018,PRK,5,215.21055555555552,57312.94443467579,27
2018,PRT,415,561963.2918055563,234602169.76857123,55967
2018,PRY,1,NA,NA,NA
2018,PSE,3,3643.630972222222,1012961.7787429366,204
2018,PYF,8,12877.82388888887,6534617.946611124,783
2018,QAT,114,74995.81888888885,15861762.879554465,5528
2018,REU,15,10561.631527777763,6118709.500258457,1025
2018,ROM,3,887.9100000000007,205352.9125000001,106
2018,ROU,4,825.0070833333327,228288.733376343,81
2018,RUS,755,1784650.964166678,3840912028.500807,112991
2018,SAU,9,1602.4527777777776,361498.99525687477,171
2018,SEN,52,125675.00263888939,69793681.53042127,7351
2018,SGP,34,6281.784722222226,1639370.9923387622,1413
2018,SHN,11,5416.314861111097,5214985.409365362,437
2018,SLB,6,3100.8205555555487,8784100.375874732,362
2018,SLE,4,94.14222222222217,50530.717967501856,16
2018,SLV,8,4287.379166666662,13384280.039874248,552
2018,SMR,2,NA,NA,NA
2018,SOM,11,98.90041666666666,36117.312146645636,18
2018,SPM,5,2509.065555555556,1507765.9221459867,272
2018,SRB,1,317.2147222222223,59816.16755223062,27
2018,STP,3,2134.117361111111,707787.3740830938,118
2018,SVK,3,5635.148055555549,2692170.1815411597,296
2018,SVN,8,4603.8694444444445,761227.1506784231,909
2018,SWE,260,167470.55986111134,90248588.0694473,19939
2018,SWZ,1,NA,NA,NA
2018,SYC,62,167083.29097222257,148456270.7668591,9096
2018,TCA,1,1355.1465277777775,660650.9981280443,77
2018,TGO,1,NA,NA,NA
2018,THA,55,11621.626377835553,3719520.375423731,1486
2018,TTO,2,0.09847222222222222,26.393657338946845,1
2018,TUN,21,3657.750277777778,1725718.8424276765,450
2018,TUR,869,255538.21486111087,67944408.7324471,35093
2018,TUV,6,17.96263888888889,46555.24738303147,13
2018,TWN,2196,3513417.832777788,2453375658.1664925,228017
2018,TZA,3,4109.451527777879,4161754.399649065,262
2018,UGA,1,NA,NA,NA
2018,UKR,13,10929.43861111157,22593699.466631714,1028
2018,UNK,2,4962.700972222215,14709910.058940107,289
2018,URY,56,140680.54930555573,80335670.15942283,10334
2018,USA,3332,1702053.6647222256,1080915748.647441,131159
2018,UZB,1,NA,NA,NA
2018,VCT,9,18871.964583333363,29701996.307280365,949
2018,VEN,33,11655.140694444428,18420560.94803902,1208
2018,VGB,2,84.58097222222224,3457.485099342276,19
2018,VNM,82,14980.808472222214,3575308.5994952945,1460
2018,VUT,73,244776.680000002,209056503.55831283,14225
2018,WLF,2,9.682083333333333,2377.68920232045,1
2018,WSM,4,862.5819444444442,317588.91573162336,48
2018,YEM,1,271.28486111111107,49788.71481437483,14
2018,ZAF,281,398414.73750000173,256584188.48990622,27343
2017,NA,3338,211387.02055464423,107321834.42873146,15370
2017,AFG,4,656.3148611111114,317755.9546448438,86
2017,AGO,26,54527.040277777756,28177096.34821204,2938
2017,AIA,3,10.410555555555563,17259.57348210882,1
2017,ALB,66,5573.748750000002,2080334.258920095,519
2017,AND,2,NA,NA,NA
2017,ARE,3,5.988888888888889,1774.6105792972012,8
2017,ARG,322,525575.8383333354,526156419.0618645,34999
2017,ARM,2,NA,NA,NA
2017,ATF,1,NA,NA,NA
2017,ATG,3,NA,NA,NA
2017,AUS,276,260312.8023611111,133936578.50415151,17409
2017,AUT,1,NA,NA,NA
2017,AZE,3,NA,NA,NA
2017,BDI,1,NA,NA,NA
2017,BEL,84,142569.725138889,88503740.75253186,12576
2017,BEN,1,NA,NA,NA
2017,BFA,1,NA,NA,NA
2017,BGD,1,NA,NA,NA
2017,BGR,61,21329.174444444427,5192400.805982963,2874
2017,BHR,380,53760.13916666668,20145535.608770806,9048
2017,BHS,5,2.775277777777778,24538.128006721417,4
2017,BLZ,22,12587.496111111184,25762650.98820057,1313
2017,BMU,2,NA,NA,NA
2017,BRA,127,126731.27924554236,45900023.53475089,8174
2017,BRN,2,NA,NA,NA
2017,BTN,17,NA,NA,NA
2017,CAN,817,314897.8961111108,363607753.236408,24006
2017,CHL,86,70234.4772222229,132542212.93771702,6525
2017,CHN,60515,18842522.71313995,6600363548.2388315,1854285
2017,CIV,3,5585.814583333329,5117831.436454165,359
2017,CMR,4,9278.32527777778,4783535.709487195,537
2017,COG,7,209.02499999999998,57381.35316077228,13
2017,COK,11,13153.300972222112,8670204.485550996,692
2017,COL,14,16781.444861111082,41065437.19176466,1611
2017,COM,12,13840.565972222208,53549918.97841746,943
2017,CPV,2,50.28013888888888,70371.65066395456,14
2017,CRI,5,NA,NA,NA
2017,CUB,1,3476.3091666666637,7779979.914999993,200
2017,CUW,8,5865.65027777778,22708862.54719131,802
2017,CXR,1,NA,NA,NA
2017,CYP,32,32722.36773051326,26723524.40523211,2712
2017,DEU,275,224690.24722222207,194215351.1445291,21970
2017,DJI,4,2513.146388888887,3625205.783704444,130
2017,DNK,508,541621.6011111117,405339627.13843334,51751
2017,DOM,1,NA,NA,NA
2017,DZA,10,584.685,260012.2737311314,73
2017,ECU,46,11207.434444444449,24486911.133393604,1271
2017,EGY,2,NA,NA,NA
2017,ESP,1887,2162334.5783333294,776745211.3260385,227747
2017,EST,33,52901.40916666668,88077214.10255505,4604
2017,FIN,49,55001.029305555545,45447883.18971214,4717
2017,FJI,52,197996.26555555587,80394631.94450273,10259
2017,FLK,16,42058.64430555555,86438743.33223183,2462
2017,FRA,1089,1716990.3519444475,775465935.2546953,146095
2017,FRO,115,277047.8294444445,370030881.0437124,15739
2017,FSM,39,81714.99875000003,98261056.78953819,6402
2017,GBR,1334,1368727.659999998,592322167.7046866,117152
2017,GCA,1,667.1198611111112,2329754.521781237,111
2017,GEO,19,1542.7202777777775,902395.1432039175,309
2017,GHA,89,69681.71944444445,63272730.556762114,6648
2017,GIB,4,6.4245833333333335,3462.3788797799816,5
2017,GIN,2,NA,NA,NA
2017,GMB,1,NA,NA,NA
2017,GNB,5,7165.852083333313,24296498.877808914,538
2017,GNQ,6,6181.347083333313,6282807.578152755,365
2017,GRC,429,340613.85791666684,98412945.21194465,34530
2017,GRL,39,51416.28625000042,52085761.80876449,3744
2017,GTM,4,1422.3979166666682,4867682.748791715,180
2017,GUF,7,14319.191111111108,8625971.255188933,732
2017,HKG,23,2831.536388888889,939982.312715452,285
2017,HND,2,477.5330555555555,159851.68641343934,44
2017,HRV,253,241999.99222222215,108781627.6850526,25780
2017,HTI,3,NA,NA,NA
2017,IDN,61,8604.325138888897,4345315.231269291,669
2017,IND,157,61113.77541666666,23531466.200756982,4545
2017,IRL,259,299501.45250000013,127732810.24350385,21285
2017,IRN,43,26928.36374999999,16969194.939230736,1968
2017,IRQ,3,NA,NA,NA
2017,ISL,1172,564408.736249999,648884134.5947516,59149
2017,ISR,20,26364.787361111114,5340315.632010789,1765
2017,ITA,1563,2216895.948055554,674654763.6849962,204912
2017,JAM,3,NA,NA,NA
2017,JOR,1,NA,NA,NA
2017,JPN,1457,1626325.28333334,1051531118.2681149,132741
2017,KAZ,1,NA,NA,NA
2017,KEN,2,893.7954166666668,189369.92696925497,74
2017,KGZ,1,NA,NA,NA
2017,KHM,1,3113.125694444469,2880359.1178751606,179
2017,KIR,13,19443.25277777776,40004819.86197182,1661
2017,KNA,14,2905.621249999998,6631492.172146235,436
2017,KOR,2479,1531797.8306944496,1066046007.6367241,137841
2017,LBN,2,NA,NA,NA
2017,LBR,4,265.6295833333334,74271.93639511355,19
2017,LBY,19,2831.831944444447,1661452.5838447814,294
2017,LIE,1,NA,NA,NA
2017,LKA,134,15077.490618581527,5992014.987837121,1000
2017,LSO,1,83.69388888888889,16140.284041324332,44
2017,LTU,32,32144.961805555624,69803689.32544748,2429
2017,LUX,1,NA,NA,NA
2017,LVA,64,46479.15750000003,18795329.943194464,5512
2017,MAR,61,156341.77416666667,84544468.26241028,10074
2017,MDA,3,NA,NA,NA
2017,MDV,7,4248.431388888889,4832713.937145699,251
2017,MEX,43,40539.25333333328,119713147.42078847,4415
2017,MHL,14,22214.252083333347,36291372.00814316,1999
2017,MLT,71,37081.97902777777,12437301.242125196,4805
2017,MNE,4,549.0359722222223,153663.55516394434,50
2017,MNG,4,59.181805555555556,11133.525913546462,7
2017,MNP,4,800.0766666666674,457493.741283447,57
2017,MOZ,16,41984.72347222237,26452398.4159338,2141
2017,MRT,10,11560.44694444444,6235777.792647121,794
2017,MUS,37,38900.89472222224,18566452.625260282,2636
2017,MWI,2,NA,NA,NA
2017,MYS,230,109476.00402777783,50515462.286684945,6545
2017,NAM,56,115750.94888888896,165981928.14976832,6867
2017,NCL,18,43510.573055555564,15641118.549769029,2912
2017,NGA,7,4944.852499999999,4854217.599351698,290
2017,NIC,5,1777.8688888888867,4613533.598205936,165
2017,NIU,1,NA,NA,NA
2017,NLD,495,650712.5369444449,421220444.9186414,60417
2017,NOR,2725,1070192.0819444444,1339462570.4253566,131616
2017,NRU,3,3455.734583333333,2033258.6444962933,168
2017,NZL,103,205288.8737500026,311208511.733846,13611
2017,OMN,2,2723.7158333333327,1786695.3605560793,144
2017,PAN,30,5976.13722222222,11575742.805123009,719
2017,PCN,8,NA,NA,NA
2017,PER,111,31780.18055555557,37596700.150918044,6034
2017,PHL,29,16756.258055555543,39876198.1066836,1849
2017,PLW,4,9.990277777777777,8935.792367138183,1
2017,PNG,31,40712.29708333333,101309614.47727397,4001
2017,POL,183,121568.51916666678,66755917.90549738,12694
2017,PRK,4,47.82666666666666,13010.85699777249,5
2017,PRT,416,611610.3875000002,241901141.17884377,59581
2017,PSE,1,1780.3191666666676,471494.19440835185,96
2017,PYF,6,8032.909027777776,4383361.595500354,446
2017,QAT,67,25859.649722222228,5274722.544813734,2030
2017,REU,14,12588.94444444444,5840480.636003971,1141
2017,ROM,3,1033.504583333333,232199.05138888882,121
2017,ROU,5,1923.0312500000018,547902.3523601901,175
2017,RUS,657,1643573.4672222275,3672479272.2674313,99187
2017,RWA,1,NA,NA,NA
2017,SAU,4,6.637777777777778,4284.686003853809,8
2017,SEN,35,97387.97944444447,63819315.828890204,6051
2017,SGP,32,4443.867361111109,1248782.6799029643,1001
2017,SHN,10,2288.1420833333245,2295530.618078951,203
2017,SLB,6,3826.0933333333355,10992217.080039596,418
2017,SLE,4,NA,NA,NA
2017,SLV,6,2742.5006944444453,8220794.199703593,343
2017,SMR,2,NA,NA,NA
2017,SOM,15,516.1087500000002,897677.6855511398,35
2017,SPM,3,457.3265277777778,156499.68317476846,70
2017,SRB,1,NA,NA,NA
2017,STP,3,1013.1259722222225,336006.7185439171,51
2017,SVK,4,27.474583333333335,12777.803792666833,2
2017,SVN,5,3603.9680555555547,518485.7825746102,874
2017,SWE,271,149879.9723611113,73786827.02014531,18965
2017,SYC,55,138949.20736111133,120678322.22263587,7186
2017,TCA,1,521.114861111111,254050.05737421504,49
2017,TGO,2,NA,NA,NA
2017,THA,46,7095.093640084023,4427255.983066234,806
2017,TUN,7,1978.4883333333332,924726.0850648908,379
2017,TUR,863,244470.91069444423,65167998.72773844,33120
2017,TUV,3,18.21263888888889,32800.88747323729,6
2017,TWN,2125,2925440.1647222275,2139949788.170723,183589
2017,TZA,5,6159.925416666966,6127653.851181984,362
2017,UKR,9,12692.178194445034,22901098.699418034,1037
2017,UNK,2,5406.712083333341,15883620.534784604,288
2017,URY,59,140568.24291666693,77230776.51678325,10604
2017,USA,3159,1597798.9009722234,990389694.5963153,120665
2017,VCT,7,10065.764444444507,47244029.66237964,617
2017,VEN,19,12022.11583333333,26601606.566187143,1183
2017,VGB,1,8.239583333333334,333.249335367228,9
2017,VNM,49,517.03,165559.85005957182,59
2017,VUT,65,238183.76625000068,203451113.62441948,12681
2017,WLF,3,42.70791666666668,10488.047749220807,8
2017,WSM,3,199.25861111111112,81085.12066253008,17
2017,YEM,1,NA,NA,NA
2017,ZAF,277,364983.3694444448,243955391.15035662,24229
2016,NA,3870,41871.75722222224,25821744.656655442,3243
2016,AFG,3,NA,NA,NA
2016,AGO,15,42403.41902777777,21149486.264189836,2390
2016,ALB,25,2226.1391666666655,603792.0136392046,265
2016,ARE,2,NA,NA,NA
2016,ARG,281,481165.039444446,485546725.0831202,31798
2016,ATF,3,NA,NA,NA
2016,ATG,1,NA,NA,NA
2016,AUS,226,189767.1081944446,94210775.80516368,13089
2016,AUT,1,NA,NA,NA
2016,AZE,1,NA,NA,NA
2016,BEL,82,156719.58902777775,97300517.94763334,13028
2016,BEN,1,NA,NA,NA
2016,BES,1,NA,NA,NA
2016,BGR,54,14820.768611111116,3767478.1705278936,1994
2016,BHR,315,10744.859305555552,3375022.200827548,1453
2016,BLZ,23,10726.050138888932,14467188.840635534,911
2016,BMU,2,0.4030555555555555,161.2502956029618,1
2016,BRA,79,57093.866527777784,21516558.351234637,3801
2016,BTN,10,NA,NA,NA
2016,CAF,3,NA,NA,NA
2016,CAN,733,247725.11374999976,325812628.8118561,18260
2016,CHL,85,73382.7227777785,140896911.78968054,6662
2016,CHN,53011,16469240.578888878,5755290956.278606,1502813
2016,CIV,3,4026.7391666666645,3489496.1944972975,215
2016,CMR,5,8800.820555555556,4167561.164445215,483
2016,COG,11,NA,NA,NA
2016,COK,8,15794.27944444444,8849080.208037946,816
2016,COL,12,19168.394583333313,50694137.57377079,1739
2016,COM,11,13590.269305555541,46686185.41792249,1052
2016,CPV,4,1079.3751388888888,4974475.552575283,165
2016,CRI,5,NA,NA,NA
2016,CUB,1,NA,NA,NA
2016,CUW,9,2617.1776388888884,9869232.671647426,403
2016,CYP,28,25910.696944444466,22481539.83490528,2124
2016,DEU,268,222390.67180555584,180594435.6127372,20766
2016,DJI,2,22.114305555555546,3834.1907600664085,5
2016,DMA,1,2013.832083333322,9431182.350472117,108
2016,DNK,502,498961.63416666747,355548733.0402963,47495
2016,DOM,1,NA,NA,NA
2016,DZA,3,61.41722222222222,29044.83476990664,12
2016,ECU,29,14444.77694444443,29261426.593275513,1429
2016,EGY,1,NA,NA,NA
2016,ESP,1846,2089189.4758333333,756593947.6751659,212688
2016,EST,31,41425.25694444449,86756667.24274741,3547
2016,FIN,49,70788.74652777774,54516319.07360167,5601
2016,FJI,49,138629.8173611115,56610571.18554892,7285
2016,FLK,15,45221.70111111119,91130724.62896599,2548
2016,FRA,1032,1588635.8349999967,739319847.835953,134648
2016,FRO,110,281862.0944444447,354649814.8451743,15582
2016,FSM,35,73614.00069444445,70422558.8734966,5414
2016,GBR,1265,1284613.7937499979,546773995.319903,107949
2016,GCA,1,352.4406944444447,1230813.7553783716,62
2016,GEO,5,488.80111111111114,743701.1662282117,65
2016,GHA,84,78538.4194444444,51441234.63824633,5771
2016,GIB,1,NA,NA,NA
2016,GIN,1,NA,NA,NA
2016,GNB,1,NA,NA,NA
2016,GNQ,3,7087.817916666741,7381752.721758715,360
2016,GRC,422,298567.6344444443,85117421.10958867,29517
2016,GRL,34,57606.43708333343,71026883.67036758,3709
2016,GTM,4,305.6023611111108,1061759.0691595445,45
2016,GUF,8,18751.659166666668,11489681.87003609,950
2016,HKG,15,1397.343888888889,636723.4517265008,120
2016,HND,2,901.0020833333331,313140.45705813257,70
2016,HRV,250,261053.3601388889,118841024.06965274,27256
2016,HTI,1,NA,NA,NA
2016,HUN,1,NA,NA,NA
2016,IDN,37,3900.0163888888947,1106625.1598931313,326
2016,IND,70,14671.703333333331,7411541.433570087,1085
2016,IRL,240,324167.19875,143420318.004345,22873
2016,IRN,33,21053.691388888892,13946072.401360627,1482
2016,IRQ,4,NA,NA,NA
2016,ISL,1216,600778.8680555552,690070629.0021036,59249
2016,ISR,17,23214.12208333334,4533162.493507914,1655
2016,ITA,1544,2091975.376944442,634944500.6572827,196946
2016,JPN,1159,1383890.0670833373,986851887.0641565,91250
2016,KAZ,1,NA,NA,NA
2016,KEN,2,780.6430555555555,136597.68594129826,62
2016,KGZ,2,NA,NA,NA
2016,KHM,2,4858.657222222229,5798371.298211145,401
2016,KIR,14,20395.984722222194,42584023.36917014,1799
2016,KNA,12,260.408611111111,1038381.8179297263,57
2016,KOR,1738,1135242.0576388934,961866575.0148845,86381
2016,LBN,2,NA,NA,NA
2016,LBR,1,NA,NA,NA
2016,LBY,17,1394.2597222222216,1021832.8789290251,135
2016,LKA,42,2575.7881944444443,757914.0835562474,231
2016,LTU,37,36465.498611111136,51695560.41839597,2888
2016,LVA,70,74976.72041666677,50295411.47940619,6241
2016,MAR,51,135235.09624999997,76788037.27460411,8554
2016,MDV,8,8622.396111111115,9764229.411833089,570
2016,MEX,48,49557.28402777776,147776425.97998896,5286
2016,MHL,18,23645.312083333327,40140876.91346841,2158
2016,MLT,68,30158.62499999999,9581110.006562224,3887
2016,MNE,3,650.7163888888888,196015.46873549244,34
2016,MNG,3,13.905277777777776,2475.021784551355,6
2016,MOZ,18,24636.8287500001,14323866.520920768,1354
2016,MRT,5,6023.985138888895,3746695.341937989,463
2016,MUS,32,14526.786944444444,8873752.15936635,1047
2016,MWI,1,NA,NA,NA
2016,MYS,111,59794.7441666667,25575282.291689407,3555
2016,NAM,39,90844.71888888895,155476197.29298267,5417
2016,NCL,18,42375.554583333345,15609087.202066923,2901
2016,NGA,4,1842.979444444441,2335563.8035949217,108
2016,NIC,5,1823.9647222222204,4729237.587915572,181
2016,NLD,483,640491.5436111107,372699690.12139887,57087
2016,NOR,2416,932851.4962499986,1268665553.9596179,100159
2016,NRU,3,665.880972222222,354663.71172022633,34
2016,NZL,94,167917.79916666818,253077176.0173746,11507
2016,OMN,1,1231.8676388888885,925348.5448505012,75
2016,PAN,24,6504.317222222219,13458825.998859284,793
2016,PCN,4,0.41000000000000003,128.3511854632765,1
2016,PER,96,28444.819166666675,32530624.12131963,5122
2016,PHL,23,14296.804583333333,35712816.8443697,1430
2016,PLW,1,NA,NA,NA
2016,PNG,26,37056.306527777764,97165565.34090053,3673
2016,POL,176,106719.6129166667,57549462.1509203,11001
2016,PRK,3,39.061388888888885,10626.334227091844,4
2016,PRT,419,605343.3636111117,243814072.02093497,58349
2016,PYF,2,7378.9805555555595,3613877.593375001,384
2016,QAT,73,29644.85875,5939391.644068921,2229
2016,REU,16,13005.071805555548,5224984.782372574,1038
2016,ROM,2,251.00944444444445,76550.09097222223,37
2016,ROU,4,1168.1561111111096,328611.0297571418,112
2016,RUS,581,1217609.5640277786,2696170114.5888124,70572
2016,SAU,1,17.34986111111111,3936.2147503769434,3
2016,SEN,19,54592.575138888824,33611983.09685105,3412
2016,SGP,21,1889.6690277777752,561918.4936634884,352
2016,SHN,9,3548.087638888874,4184255.408068929,234
2016,SLB,5,4997.850694444441,13967291.201143378,502
2016,SLE,5,27.38791666666667,91833.38394810917,9
2016,SLV,5,2555.9709722222196,8804852.371865133,371
2016,SOM,13,NA,NA,NA
2016,SPM,2,697.3509722222225,219127.284301526,87
2016,SVK,1,NA,NA,NA
2016,SVN,4,3303.2729166666663,487402.76186207496,781
2016,SWE,261,154550.66805555558,68800353.36903879,18722
2016,SYC,49,90289.02402777778,81223967.9055625,4893
2016,TCA,1,65.5313888888889,31947.37734313916,16
2016,TGO,1,NA,NA,NA
2016,THA,38,5320.487777777777,2957840.225470589,447
2016,TON,1,159.83972222222212,200829.8313539657,18
2016,TTO,1,NA,NA,NA
2016,TUN,3,473.5069444444447,249048.0706092239,158
2016,TUR,847,221397.8780555558,61084317.119945385,32849
2016,TUV,1,NA,NA,NA
2016,TWN,1845,2123260.7276388924,1610794563.0432258,134914
2016,TZA,3,716.9980555555553,397225.96719689463,39
2016,UKR,10,11283.111666666633,24365722.412712175,813
2016,UNK,2,5888.421249999992,19761947.530838862,311
2016,URY,48,115005.24375000002,65641114.67510142,7997
2016,USA,2826,1253650.8081944443,985006878.6497561,93402
2016,VCT,6,8246.393611111122,52040861.67648955,500
2016,VEN,18,9797.368194444434,20664676.803493045,970
2016,VGB,1,34.562916666666666,1397.89459509719,29
2016,VNM,8,NA,NA,NA
2016,VUT,63,238065.7997222235,219512233.13360927,12888
2016,WSM,1,NA,NA,NA
2016,ZAF,258,348021.710555556,248429197.51125085,22871
2015,NA,2348,35713.44944444445,23342540.085155923,3102
2015,AFG,1,NA,NA,NA
2015,AGO,12,17315.253333333327,8652668.2687127,907
2015,ALB,15,1009.8790277777777,261531.45142432812,137
2015,ARE,1,NA,NA,NA
2015,ARG,265,457874.6054166673,478009362.98155314,29549
2015,ATF,2,NA,NA,NA
2015,AUS,173,143827.43305555568,72452162.82255867,9984
2015,BEL,86,172432.18027777778,112945961.03880808,14058
2015,BEN,1,NA,NA,NA
2015,BES,1,486.09111111111116,453768.7569828319,46
2015,BGR,45,16762.747638888894,4428111.112809277,2202
2015,BHR,1,NA,NA,NA
2015,BLZ,20,15942.906527777805,19341178.448690407,1062
2015,BMU,2,28.527361111111112,52100.51778597811,12
2015,BRA,47,21555.70236111111,8242196.686322062,1507
2015,BRN,2,19.44236111111111,31226.33092543484,2
2015,BTN,4,NA,NA,NA
2015,BWA,1,NA,NA,NA
2015,CAN,651,218626.10555555578,296488978.45286345,15865
2015,CHL,83,71541.53777777785,145511081.21242002,6475
2015,CHN,45725,13437482.526805459,4741475113.153423,1160590
2015,CIV,1,144.4740277777778,184427.5582254352,17
2015,CMR,4,4877.133888888887,2445215.632030902,331
2015,COG,1,NA,NA,NA
2015,COK,2,2012.6174999999985,1307042.5112830093,98
2015,COL,14,19270.000416666662,48324504.25442342,1910
2015,COM,10,11435.46986111111,31930118.089040346,749
2015,CPV,5,683.5880555555557,2035730.4466612672,104
2015,CUW,9,865.3409722222219,3088941.3515843144,136
2015,CYP,23,21830.885416666726,20014695.77913525,1797
2015,DEU,259,202217.98013888916,167569078.51860517,19560
2015,DJI,1,NA,NA,NA
2015,DMA,1,3282.9437500000013,15374688.58940015,209
2015,DNK,468,446813.36333333305,353263265.3055289,43211
2015,DOM,1,NA,NA,NA
2015,DZA,3,73.72013888888891,29810.39298892014,11
2015,ECU,22,26193.41625000001,44705726.7195301,1973
2015,ESP,1857,2183276.912916664,793314833.569025,214408
2015,EST,31,38746.8454166667,75674728.06656837,3471
2015,FIN,50,57423.08111111111,42346441.76740386,5151
2015,FJI,33,69284.71472222223,30993944.188093703,3758
2015,FLK,16,43055.59694444444,85278981.63539517,2463
2015,FRA,1007,1536831.2520833306,691556831.427421,130598
2015,FRO,99,275368.9437500001,368699251.8862243,15315
2015,FSM,23,30391.459861111103,36958741.32633938,2288
2015,GAB,1,NA,NA,NA
2015,GBR,1179,1152186.7495833354,509919064.99443,94822
2015,GCA,1,330.58541666666673,1154489.4916354837,36
2015,GEO,4,750.3318055555557,900871.7276905285,167
2015,GHA,92,40580.83222222224,20497141.751124606,3320
2015,GIN,1,2743.0487499999995,5753450.976574183,264
2015,GNQ,2,5100.570416666622,5329050.576408699,246
2015,GRC,440,278727.8502777779,75793902.09883119,29161
2015,GRL,31,56918.24888888896,81640145.5205291,3493
2015,GTM,3,0.8683333333333333,3139.2954307862965,1
2015,GUF,10,16194.9625,9072191.028638616,829
2015,HKG,11,1966.3456944444445,895642.654391006,141
2015,HND,3,2249.2362499999963,1839894.9458462186,137
2015,HRV,257,255358.92944444442,111162373.45729409,25968
2015,HUN,1,NA,NA,NA
2015,IDN,29,349.3148611111111,219648.43703190552,77
2015,IND,42,14344.048611111106,9154977.333828207,978
2015,IRL,234,300409.35430555535,130945831.77838217,21363
2015,IRN,15,6195.009027777778,4720487.90097161,472
2015,IRQ,1,NA,NA,NA
2015,ISL,1235,612156.1048611124,759935235.09144485,60656
2015,ISR,18,37182.99638888888,7134904.868964376,2480
2015,ITA,1550,2018068.8280555534,598935895.3288713,189820
2015,JPN,692,980988.5063888902,786546598.1280888,58952
2015,KEN,2,NA,NA,NA
2015,KGZ,1,NA,NA,NA
2015,KHM,3,3905.836944444443,5140551.0716640055,345
2015,KIR,14,15652.646388888888,38966332.93127571,1594
2015,KNA,12,5876.304861111108,26141301.123131532,508
2015,KOR,1256,1110610.931527779,985512510.3217068,79028
2015,LBN,1,NA,NA,NA
2015,LBY,12,278.7338888888888,191367.86141284657,36
2015,LKA,2,NA,NA,NA
2015,LTU,34,39306.05944444449,64368657.97983805,2804
2015,LVA,72,80874.38652777785,48416078.42689221,7066
2015,MAR,46,63298.41527777777,37842189.04161242,4538
2015,MDV,8,4541.5169444444455,4768006.254476694,248
2015,MEX,54,38710.27319444441,120782746.601213,3932
2015,MHL,15,23489.472222222197,46284773.82260239,2005
2015,MLT,64,23627.16388888889,8548778.98392146,2938
2015,MNE,1,NA,NA,NA
2015,MNG,3,54.70958333333334,9729.935654068839,20
2015,MNP,1,51.454166666666666,13235.90794133159,13
2015,MOZ,10,6041.632083333333,2815049.354845919,412
2015,MRT,3,4899.328472222225,2979426.581265879,343
2015,MUS,16,4487.516250000001,3877374.852435027,332
2015,MYS,105,37296.53111111111,18908983.45704922,2017
2015,NAM,29,40266.30694444446,57643695.4516416,2243
2015,NCL,18,45269.35083333333,16414477.289425194,2756
2015,NGA,3,2174.1754166666674,2564346.9216865883,115
2015,NIC,4,1316.6780555555542,3413927.5149633465,127
2015,NLD,451,542236.299305556,324319221.8472806,50050
2015,NOR,2097,855948.1748611109,1323369874.8379207,86547
2015,NZL,73,104126.20444444462,161029726.32155418,7200
2015,OMN,1,875.2413888888892,657459.7140418239,48
2015,PAN,22,7063.165,15831393.490351945,753
2015,PER,124,28236.70722222221,29503559.513296,5121
2015,PHL,6,10179.768333333332,26368181.509784717,950
2015,PNG,23,25683.049444444452,70979868.71922556,2585
2015,POL,164,108252.13958333332,55355455.74699259,10610
2015,PRK,3,NA,NA,NA
2015,PRT,405,562101.9219444443,221408890.25766063,50989
2015,PYF,1,3477.8362500000003,1167509.629125,184
2015,QAT,52,9503.437499999995,1888915.5321262653,743
2015,REU,11,13973.30125,8874880.022405788,1076
2015,ROM,2,604.3008333333332,184744.82430555552,68
2015,ROU,4,557.0516666666687,158417.39676730166,64
2015,RUS,492,1046687.9954166674,2178862919.495359,58191
2015,SEN,12,33146.37194444443,20124507.686653007,1893
2015,SGP,3,1877.2051388888888,484778.9821025195,277
2015,SHN,3,2454.528888888886,3399051.946554954,139
2015,SLB,2,148.62597222222206,393412.9484722218,16
2015,SLE,2,18.03958333333333,35354.01532473691,6
2015,SLV,3,848.5163888888893,3117643.9189455826,121
2015,SOM,6,NA,NA,NA
2015,SPM,1,1058.460555555555,332598.0694341994,95
2015,STP,2,1057.077361111111,350583.3480657233,66
2015,SVN,4,1855.8077777777778,242377.37484174027,405
2015,SWE,234,134604.61652777783,62347110.45158913,16284
2015,SYC,33,31894.6843055556,28630114.55599874,1736
2015,TCA,2,NA,NA,NA
2015,TGO,1,NA,NA,NA
2015,THA,16,12831.583750000003,8480121.1537871,802
2015,TON,1,NA,NA,NA
2015,TTO,1,NA,NA,NA
2015,TUN,4,203.8995833333335,98265.66352620759,93
2015,TUR,811,189362.69874999963,51804633.66180514,29702
2015,TWN,1548,1362787.7338888864,1064623897.6794019,89516
2015,TZA,2,NA,NA,NA
2015,UKR,17,23083.43888888895,75499557.56858164,1582
2015,UNK,3,3417.72013888889,13504466.408374894,212
2015,URY,52,122175.84208333337,66211816.66672617,8608
2015,USA,1739,777282.0762499998,603570329.6315422,61951
2015,VCT,10,13876.516666666692,94322992.14042588,898
2015,VEN,17,9359.085138888888,16875524.28079846,1152
2015,VGB,1,94.3938888888889,3817.753818653879,16
2015,VNM,7,4.074027777777778,2597.976366529211,2
2015,VUT,56,134075.49486111154,143535344.1628569,7223
2015,YEM,1,NA,NA,NA
2015,ZAF,184,177408.92000000013,114958687.07298683,11790
2015,ZMB,1,NA,NA,NA
2014,NA,1799,17758.481388888886,11761203.85787399,1732
2014,AGO,2,NA,NA,NA
2014,ALB,11,122.23097222222223,37210.896613235374,18
2014,ARE,1,1.0602777777777777,409.03362742225596,2
2014,ARG,249,435268.65708333335,473454218.411013,27540
2014,ATF,1,NA,NA,NA
2014,AUS,131,77661.45444444443,42430612.948482744,5330
2014,AUT,1,NA,NA,NA
2014,AZE,1,47.602083333333326,27846.78681883983,3
2014,BEL,80,174989.16583333313,112350241.34114087,14441
2014,BEN,2,NA,NA,NA
2014,BES,1,424.77458333333334,396529.43711823644,38
2014,BGR,37,13069.830555555556,3700835.923512834,1744
2014,BLZ,23,11714.04805555556,13571224.829147331,817
2014,BMU,2,NA,NA,NA
2014,BRA,35,5858.1466666666665,2697401.8116020043,503
2014,BRN,1,NA,NA,NA
2014,BTN,4,NA,NA,NA
2014,BWA,1,NA,NA,NA
2014,CAN,522,171969.6502777777,239268384.36560893,12530
2014,CHL,86,62298.08833333336,111052510.42368735,5533
2014,CHN,42080,12381206.55166664,3996062813.714989,1096613
2014,CIV,1,192.39513888888888,245600.99988559357,20
2014,CMR,3,3132.1918055555566,1752656.782845874,191
2014,COK,1,NA,NA,NA
2014,COL,12,9311.606111111105,22166280.008094426,1025
2014,COM,6,6010.102777777776,15187874.779541412,459
2014,CPV,4,497.90833333333353,961213.6219780829,67
2014,CUW,7,244.02694444444458,731061.0592393662,48
2014,CYM,1,NA,NA,NA
2014,CYP,13,18510.048055555544,19140182.273592085,1354
2014,DEU,244,186754.97541666645,161314259.82507113,16918
2014,DNK,450,492344.244444445,350529900.92695147,45557
2014,DZA,2,55.841666666666676,34050.36833962015,9
2014,ECU,20,10182.687083333329,19614143.254082885,864
2014,EGY,1,NA,NA,NA
2014,ESP,1833,1935293.2561111068,740484286.8377004,178194
2014,EST,33,36631.81305555554,74319501.03851664,3003
2014,FIN,46,44828.570000000014,35795808.23122646,3865
2014,FJI,13,35892.33486111123,19455985.575563066,1994
2014,FLK,17,46181.50166666665,86201560.11779279,2643
2014,FRA,972,1403695.8166666667,635852965.2326825,120986
2014,FRO,105,227880.12944444467,308995777.4764558,12922
2014,FSM,6,4153.923749999999,11106603.061699143,488
2014,GAB,1,NA,NA,NA
2014,GBR,892,974844.0013888894,446669889.91117996,77255
2014,GCA,1,37.432361111111106,130723.45412458706,8
2014,GEO,4,275.54236111111106,413092.4248607713,54
2014,GHA,73,26692.538194444445,10903634.733465679,1828
2014,GNQ,2,0.49902777777777774,106.52237979056106,1
2014,GRC,435,291324.9313888888,81826259.39173752,30039
2014,GRL,29,52579.76402777779,72158057.88357188,3260
2014,GTM,1,NA,NA,NA
2014,GUF,11,20391.316250000003,11199975.793273075,1041
2014,HKG,3,772.6541666666664,360852.7217854634,54
2014,HND,3,8966.073055555575,9206126.2453552,528
2014,HRV,231,198108.2916666665,78279794.94214883,20586
2014,HUN,1,NA,NA,NA
2014,IDN,16,65.3273611111111,18963.773597705083,11
2014,IND,20,4735.617638888888,2105584.1234724023,380
2014,IRL,227,318031.943472222,141389752.09683916,22232
2014,IRN,13,7979.466666666664,5386436.182517886,574
2014,ISL,1256,613114.2881944423,716623792.4233958,61212
2014,ISR,16,32440.074305555558,6253320.009466527,2195
2014,ITA,1500,1541505.002361114,482941427.5894392,148618
2014,JPN,332,733934.509027778,597551218.8701208,40519
2014,KHM,4,2555.383611111109,3737905.258112846,274
2014,KIR,15,10591.63902777778,18731531.77300894,965
2014,KNA,12,5703.964583333339,15919042.661702495,440
2014,KOR,1034,1035894.4780555556,947322204.4405665,68241
2014,LBN,2,NA,NA,NA
2014,LBY,8,14.949722222222222,12053.415501268402,4
2014,LKA,1,NA,NA,NA
2014,LTU,35,35061.72124999998,57272609.655600965,2519
2014,LVA,69,46043.09694444448,19526336.254915837,4863
2014,MAR,37,47259.73138888889,27207227.886853144,3255
2014,MDV,7,2421.1159722222224,1772169.1443847227,112
2014,MEX,44,7386.025833333334,14434985.697645009,1061
2014,MHL,12,8287.455555555554,20272807.3552789,928
2014,MLT,59,23359.9451388889,6784464.485391097,2598
2014,MNG,5,122.38305555555556,33820.670334306255,30
2014,MNP,1,1.2222222222222223,314.4005989249278,1
2014,MOZ,3,63.31152777777778,44196.600747039214,4
2014,MRT,3,2637.5779166666657,1561524.280262568,191
2014,MUS,10,895.041111111111,919557.2259519247,62
2014,MYS,53,20355.59152777778,12228372.030714694,1012
2014,NAM,15,21113.88763888889,27677242.103854373,1200
2014,NCL,19,41321.96805555555,14915963.781405605,2487
2014,NGA,4,1708.3804166666666,2165705.4380592783,94
2014,NIC,3,633.9368055555555,1643692.8481510377,65
2014,NLD,437,525266.9637499999,336122141.6590239,48219
2014,NOR,1695,767767.5495833311,1146646790.4479825,77769
2014,NZL,49,76463.57458333345,143751552.11574098,5514
2014,OMN,1,180.38236111111115,135498.77446364172,13
2014,PAN,21,7541.030277777779,14301384.435463915,706
2014,PER,81,17782.69986111111,29438056.322225038,2997
2014,PHL,5,3442.5190277777783,6603257.097781541,359
2014,PNG,10,5220.327638888885,15140051.1508026,619
2014,POL,153,89678.79208333333,47959686.07976635,9013
2014,PRK,3,NA,NA,NA
2014,PRT,252,337704.10638888896,156357904.87527817,25267
2014,PYF,1,1698.1186111111122,570058.4177500004,93
2014,QAT,41,756.5545833333333,200772.2924087943,56
2014,REU,11,7894.38861111111,3918294.847658284,593
2014,ROM,1,566.1562500000001,189662.34375000003,52
2014,ROU,3,811.4287499999994,247532.76056948229,100
2014,RUS,460,934008.8624999998,1991568982.505184,49353
2014,SEN,5,11405.542222222213,6328017.863373903,651
2014,SGP,4,1595.4738888888887,501384.9723344991,317
2014,SHN,2,537.9023611111113,753063.3055555559,39
2014,SLB,1,NA,NA,NA
2014,SLE,1,12.411111111111113,6406.839092974481,5
2014,SLV,2,NA,NA,NA
2014,SOM,3,NA,NA,NA
2014,SPM,1,1390.8688888888885,437050.11476571177,98
2014,SVN,2,562.5431944444445,73053.99232748167,127
2014,SWE,210,130622.1229166667,58781203.73882937,15179
2014,SYC,13,5565.3261111111115,5031648.032659001,320
2014,TCA,1,NA,NA,NA
2014,THA,10,891.2058333333332,899762.919770827,111
2014,TTO,1,NA,NA,NA
2014,TUN,1,NA,NA,NA
2014,TUR,802,176801.30361111133,48067775.295623556,29719
2014,TWN,1148,800821.894166668,600271110.6966919,53798
2014,TZA,1,52.098888888888894,19406.349725720716,13
2014,UKR,16,24598.205416666708,88032622.72417025,1724
2014,UNK,2,805.23013888889,803422.5876909485,52
2014,URY,54,140694.83833333326,73202522.21247834,10041
2014,USA,1401,614528.3037500009,457177768.8739669,47002
2014,VCT,8,12040.274722222224,88241937.36153178,816
2014,VEN,15,5626.617222222221,9108965.288541202,756
2014,VGB,1,28.98944444444444,1172.475925414063,7
2014,VNM,4,31.838611111111113,21815.951637331345,9
2014,VUT,26,28614.476944444497,54568896.33941521,1819
2014,ZAF,132,77668.48083333333,54694719.34424663,5217
2014,ZMB,1,NA,NA,NA
2013,NA,1326,5325.580694444447,3387728.3520349897,774
2013,AGO,2,NA,NA,NA
2013,ALB,7,NA,NA,NA
2013,ARE,2,115.09097222222223,41879.991029834775,15
2013,ARG,253,416246.8172222224,450415317.4780909,26762
2013,ATF,1,NA,NA,NA
2013,AUS,108,36380.03666666665,20332788.302758064,2800
2013,AUT,1,1.8702777777777777,267.5337085274674,1
2013,BEL,77,132919.1877777777,94224811.93893287,10613
2013,BES,1,NA,NA,NA
2013,BGR,20,8077.736527777776,2205734.098540958,1298
2013,BLZ,20,4942.637777777776,12333483.886105258,495
2013,BMU,1,NA,NA,NA
2013,BRA,12,1355.2911111111111,634973.3809146956,113
2013,BRN,1,5.976388888888889,9598.66428346938,2
2013,CAN,407,152008.82486111097,239589844.80814973,10686
2013,CHL,89,78673.91083333342,129173908.05042557,6502
2013,CHN,36999,8755378.83513882,2675106160.250965,773764
2013,CIV,1,72.91861111111112,93083.86845210417,7
2013,CMR,1,239.1306944444446,165147.86867794022,54
2013,COL,12,2145.3763888888907,5718227.615591532,350
2013,COM,5,4698.01722222222,9940865.866663942,398
2013,CPV,3,1168.9933333333336,1110483.1931350038,76
2013,CUB,1,21.08347222222222,111658.06888888887,2
2013,CUW,3,3.001388888888889,7160.466178670418,2
2013,CYM,1,NA,NA,NA
2013,CYP,12,11737.869722222222,15958767.81803928,847
2013,DEU,192,151221.27972222236,139658162.85550958,13878
2013,DNK,423,446554.2901388887,291235106.0290541,44380
2013,DZA,1,42.8038888888889,26100.3703871334,8
2013,ECU,12,3771.4291666666677,14283517.693646936,535
2013,ESP,1473,1489849.1433333314,619216809.2024685,120713
2013,EST,34,30897.825833333332,70478652.2742834,2148
2013,FIN,39,27758.70208333333,23523636.850886952,2548
2013,FJI,12,20845.187222222212,12867674.216245266,1162
2013,FLK,16,40908.41083333333,79694809.6474633,2536
2013,FRA,964,1334680.2375000005,602571826.4138858,114927
2013,FRO,85,158095.81027777775,258915271.78537643,9036
2013,FSM,5,1084.3320833333332,2619171.3004466197,206
2013,GAB,1,2.1508333333333334,10086.12013962374,1
2013,GBR,755,777417.0101388891,386228618.3042298,59223
2013,GEO,1,208.20277777777775,385759.17530254915,41
2013,GHA,18,6612.806944444445,4378099.328497333,403
2013,GIB,1,NA,NA,NA
2013,GNQ,1,NA,NA,NA
2013,GRC,362,143897.3026388891,40686455.019488156,18048
2013,GRL,20,49094.52694444448,84657176.04248905,2685
2013,GTM,3,470.68069444444467,1675900.7279454106,67
2013,GUF,12,10606.240833333337,4807315.241686542,537
2013,HKG,2,NA,NA,NA
2013,HND,2,443.66833333333346,174262.00924577969,43
2013,HRV,151,45440.61694444446,20864507.035489783,4289
2013,HUN,1,NA,NA,NA
2013,IDN,11,NA,NA,NA
2013,IND,16,2150.1672222222223,1141310.3560440626,200
2013,IRL,221,275547.19374999986,125449897.61053604,19228
2013,IRN,10,1029.808888888889,1187877.333768494,96
2013,ISL,1278,593950.7876388887,761890718.0551921,54067
2013,ISR,11,15303.78361111111,2889363.063407238,1033
2013,ITA,1140,798532.1111111115,292283192.3375663,81840
2013,JPN,248,610107.8813888893,498277698.60958135,32837
2013,KHM,4,5713.958472222231,6850156.239828726,454
2013,KIR,10,9056.070277777773,10680295.040236639,690
2013,KNA,5,461.0772222222223,955302.6992608984,78
2013,KOR,832,985889.6777777753,908226623.5802795,57444
2013,LBY,1,NA,NA,NA
2013,LKA,1,NA,NA,NA
2013,LTU,32,22749.962222222213,39525637.68156988,1736
2013,LVA,66,37605.802638888854,18442801.71695404,3744
2013,MAC,2,NA,NA,NA
2013,MAR,28,35536.72444444443,21554839.0706261,2466
2013,MDV,5,NA,NA,NA
2013,MEX,20,3571.6723611111174,13318888.382453587,236
2013,MHL,10,5533.59763888889,13212129.12399045,727
2013,MLT,55,17085.163611111104,7446614.414174516,2006
2013,MNG,4,NA,NA,NA
2013,MNP,1,NA,NA,NA
2013,MRT,2,2.1170833333333334,6112.158239536875,2
2013,MUS,3,NA,NA,NA
2013,MYS,9,17688.944027777776,10328655.009718714,907
2013,NAM,7,4883.339305555555,5433690.065037541,298
2013,NCL,18,30138.538750000007,11120774.983611822,1929
2013,NGA,2,742.3188888888888,941033.998491722,42
2013,NIC,1,140.15805555555565,363406.5596262866,22
2013,NLD,430,384916.19680555596,258895480.01022166,38704
2013,NOR,1432,714157.0595833334,1019084927.6150029,67797
2013,NZL,39,56598.24486111106,108276773.00962345,3841
2013,PAN,17,4863.375972222222,7518106.810611307,639
2013,PER,63,7035.69777777778,7558921.633893422,1188
2013,PHL,3,5641.117916666672,7327879.314068369,373
2013,PNG,3,940.0220833333328,3100314.5948611097,106
2013,POL,126,68254.65500000003,39999119.727862924,7073
2013,PRK,1,NA,NA,NA
2013,PRT,236,271733.8755555555,134173705.36903471,19688
2013,QAT,13,NA,NA,NA
2013,REU,10,7704.193333333334,2774885.619806176,536
2013,ROM,1,571.9281944444444,191595.9451388889,66
2013,ROU,3,6.096527777777778,2173.616218448392,3
2013,RUS,479,963053.9693055568,2218565563.995182,52174
2013,SEN,2,4378.963888888887,2192693.5667589996,234
2013,SGP,5,951.6366666666667,311261.06352038484,181
2013,SHN,1,2551.1780555555565,3571649.2777777794,157
2013,SLE,1,0.9670833333333333,499.225834874455,2
2013,SPM,1,848.6740277777781,266677.24341383815,70
2013,SRB,1,26.682361111111113,6390.455180289094,9
2013,SWE,200,107995.41041666667,50546266.89157251,13463
2013,SYC,3,543.0826388888887,601365.3996244117,31
2013,THA,6,257.9290277777778,249611.25786073375,31
2013,TTO,1,NA,NA,NA
2013,TUR,813,129302.9068055556,35747261.522964455,22186
2013,TWN,890,418764.4202777771,333849360.0090714,32654
2013,TZA,1,528.9127777777778,197015.07189238764,51
2013,UKR,18,27275.802499999998,83158286.40502965,2012
2013,UNK,1,86.0952777777778,69057.95880272954,8
2013,URY,51,105479.69083333333,55509669.660701305,7254
2013,USA,1188,501352.62111111084,373821521.834701,37149
2013,VCT,7,14882.934305555547,102972275.99345593,1043
2013,VEN,15,5661.541249999998,8211674.541303091,684
2013,VGB,1,NA,NA,NA
2013,VNM,2,0.8665277777777777,593.7485158015262,1
2013,VUT,12,7859.960277777775,28686930.058974504,716
2013,ZAF,90,43884.41638888891,38188324.37991944,2737
2012,NA,920,1186.2434722222217,713281.8854140302,174
2012,ALB,2,NA,NA,NA
2012,ARE,1,NA,NA,NA
2012,ARG,242,282420.9073611111,325067473.9598612,18862
2012,ATF,1,NA,NA,NA
2012,AUS,54,1207.5330555555558,3697769.9530140692,70
2012,BEL,53,22950.295416666664,18222841.285853274,1931
2012,BES,1,NA,NA,NA
2012,BGR,10,539.5893055555557,201200.4612718216,88
2012,BLZ,14,7709.426666666667,30567971.40607173,625
2012,BRA,5,NA,NA,NA
2012,BRN,1,NA,NA,NA
2012,CAN,202,83893.78013888895,155884955.87740526,5512
2012,CHL,91,86129.52888888883,143266352.10133338,6616
2012,CHN,23557,1046502.2831944462,399310658.4204628,86417
2012,CIV,1,5.895972222222222,7526.4722458073,1
2012,CMR,1,NA,NA,NA
2012,COL,10,800.8508333333332,2177048.2058812557,143
2012,COM,5,10526.698750000001,30938935.058655187,699
2012,CPV,3,1525.7261111111113,935782.1780275973,128
2012,CUB,1,146.92666666666668,778123.6266666667,15
2012,CUW,2,2.893194444444444,8664.645472082375,1
2012,CYM,1,NA,NA,NA
2012,CYP,5,6436.541111111109,10880557.940423196,360
2012,DEU,136,47382.33083333335,86942696.78597346,3965
2012,DNK,360,172386.02166666675,157109417.5776552,16649
2012,ECU,9,3830.8880555555565,12397721.013033168,481
2012,ESP,665,467541.91152777814,248352886.40756717,28213
2012,EST,17,17753.383055555554,41129033.31560668,1019
2012,FIN,27,6178.714999999998,5982389.439731129,510
2012,FJI,7,12618.45138888888,10218735.699475134,638
2012,FLK,16,32653.255138888886,62581257.980669275,2045
2012,FRA,859,280717.9688888892,148965268.5069311,22540
2012,FRO,61,78746.84652777782,143535070.8123275,4408
2012,FSM,3,529.9287499999999,1272743.672086407,91
2012,GBR,423,142154.6352777778,109337131.23362693,9140
2012,GHA,3,9272.883472222227,7484658.296982388,505
2012,GRC,150,38650.81347222222,13195897.238930576,3367
2012,GRL,9,32348.708888888876,59437984.1343246,1635
2012,GTM,3,480.8455555555557,1722257.6329213344,83
2012,GUF,9,10799.368611111111,4851720.800297524,535
2012,HKG,1,NA,NA,NA
2012,HRV,4,474.44833333333315,593060.4166666665,51
2012,HUN,1,NA,NA,NA
2012,IDN,2,NA,NA,NA
2012,IND,5,219.86458333333326,287834.6044424443,16
2012,IRL,193,40902.80041666664,23194131.022742953,3413
2012,IRN,8,NA,NA,NA
2012,ISL,629,285010.5595833333,447851947.38045084,18935
2012,ISR,1,NA,NA,NA
2012,ITA,331,78510.7523611111,33637458.926174514,7229
2012,JPN,198,457315.07916666666,380624541.78134567,23710
2012,KHM,6,7091.858749999993,8610384.023488192,545
2012,KIR,8,23275.487361111103,23936498.287612893,1380
2012,KNA,5,2810.702638888889,6706098.331950065,190
2012,KOR,499,894168.5638888921,873247050.9836732,48600
2012,LKA,1,NA,NA,NA
2012,LTU,10,7890.5673611111115,18207853.60185963,488
2012,LVA,54,7917.062499999998,7509842.781315008,591
2012,MAC,1,NA,NA,NA
2012,MAR,9,6939.63722222222,5195282.104032528,688
2012,MEX,6,663.1344444444446,2442086.153411107,58
2012,MHL,10,7003.270555555557,17329923.17436544,865
2012,MLT,16,783.330833333333,676176.7160107263,113
2012,MNG,1,NA,NA,NA
2012,MNP,1,NA,NA,NA
2012,MRT,1,NA,NA,NA
2012,MYS,7,NA,NA,NA
2012,NAM,4,3988.458333333333,4621499.51773743,258
2012,NCL,9,6406.564166666666,2422145.92471435,433
2012,NGA,4,NA,NA,NA
2012,NIC,2,87.15916666666666,218300.5789945802,22
2012,NLD,359,113933.37208333319,86337799.14889932,12317
2012,NOR,1025,333474.6154166664,625772689.8632457,23020
2012,NZL,25,24195.507222222233,47643569.48194812,1586
2012,PAN,16,2746.396666666666,4533496.079549255,271
2012,PCN,1,NA,NA,NA
2012,PER,7,3224.072499999996,12948841.792002978,281
2012,PHL,3,834.7563888888891,1786065.401319174,126
2012,POL,84,24708.12791666665,33893824.31878443,2188
2012,PRT,125,91969.26680555557,61153121.25378694,5571
2012,QAT,1,NA,NA,NA
2012,REU,9,6028.506805555557,2270945.641106787,386
2012,ROU,1,NA,NA,NA
2012,RUS,469,616757.9106944448,1411525067.3570817,33475
2012,SHN,1,2277.4697222222217,3188457.6111111105,137
2012,SPM,1,NA,NA,NA
2012,SWE,148,33911.375833333346,15566896.331563484,3639
2012,SYC,2,3184.6922222222197,2710169.1095737945,166
2012,THA,4,22.641805555555557,21911.64605881284,4
2012,TTO,1,NA,NA,NA
2012,TUR,441,12108.977916666676,3061545.0810878985,1740
2012,TWN,478,101873.41541666655,144821111.50123873,9122
2012,UKR,18,14205.48555555555,50464688.680709,1042
2012,URY,50,81954.25180555553,46148769.69126895,5763
2012,USA,824,358649.87486111134,320037993.3430093,24238
2012,VCT,5,8535.908611111112,63853456.899665974,637
2012,VEN,10,4300.078055555557,6062166.414326027,432
2012,VNM,2,NA,NA,NA
2012,VUT,9,16668.886250000094,41898406.96148575,1177
2012,ZAF,63,6436.860416666665,7484174.162867667,357
